Text,Predicted_Sentiment,Raw_Score
Deep understanding of planetary habitability requires identifying key factors that govern the surface environment over time Venus is the ultimate control case for understanding how Earth developed and maintained conditions suited to life Venus very likely had elements essential to habitability such as past surface water and a dynamo Tectonism and volcanism which create chemical disequilibrium very likely persist today What caused Earth and Venus to diverge down different evolutionary paths VERITAS would create foundational co registered data sets of high resolution topography imaging spectroscopy and gravity on par with those available for Mercury Mars and the Moon VERITAS would answer outstanding fundamental questions about the evolution of Earth s twin The VERITAS payload consists of the Venus Interferometric Synthetic Aperture Radar VISAR and the Venus Emissivity Mapper VEM plus a gravity science investigation VISAR is an X band radar that provides 1 a global digital elevation model DEM with 250 m postings and 6 m height accuracy 2 Synthetic aperture radar SAR imaging at 30 m horizontal resolution globally 3 SAR imaging at 15 m resolution for boldsymbol 25 of the surface and 4 surface deformation from repeat pass interferometry RPI with 2 cm vertical precision for boldsymbol 12 boldsymbol sim 200 mathrm x 200 text km targeted areas VEM covers boldsymbol 70 of the surface in six near infrared NIR bands sensitive to iron composition located within five atmospheric windows plus eight atmospheric bands for calibration and water vapor measurements VEM would provide near global maps of mafic to felsic rock type and will search for active and recent volcanism VERITAS would use two way Ka band uplink and downlink from a low circular orbit boldsymbol 0 01 counts s 1 Rayleigh 1 pixel 1 140 180 nm for both cameras which is sufficient for mapping the boundaries and the fine structures of the auroral oval during storms substorms Based on the tests and calibrations that were conducted prior to launch the data processing algorithm includes photon signal decoding geometric distortion correction photometric correction flat field correction line of sight projection and correction and normalization between the two cameras Preliminarily processed images are compared with DMSP SSUSI images The agreement between the images that were captured by two instruments demonstrates that the WAI and the data processing algorithm operate normally and can provide high quality scientific data for future studies on auroral dynamics A compact camera system on board China s recently launched Fengyun 3D satellite can reveal subtle features of the Earth s auroras for improved space weather forecasting Auroras such as the northern lights arise when solar wind charged particles precipitate along the Earth s magnetic field and collide with atmospheric gases Xiao Xin Zhang Bo Chen and their colleagues have developed a high resolution imager that can help researchers predict geomagnetic substorms and storms from the dynamic configurations of auroras The imager uses two cameras to simultaneously scan auroral regions from a low Earth orbit delivering an expanded field of view relative to previous instruments In orbit testing shows that the device s mirror based optics and data processing system can identify boundaries and structures of auroras with 10 kilometer scale resolution,positive,0.9989
Xianan Jiang Daehyun Kim and Eric D Maloney Joint Institute for Regional Earth System Science Engineering University of California Los Angeles CA 900035 USA Department of Atmospheric Sciences University of Washington Seattle WA 98195 USA Department of Atmospheric Science Colorado State University Fort Collins CO 80521 USA xianan ucla edu daehyun uw edu emaloney atmos colostate edu,positive,0.9962
Climate change is reality Global warming caused by the increase in concentration of GHGs in the atmosphere has emerged as the most prominent environmental issue all over the world These GHGs viz Carbon Dioxide CO2 Methane CH4 and surface and thus raise the atmospheric temperature The Inter Governmental Panel on Climatic Change IPCC in its Fifth Assessment Report has reiterated that warming of the climatic system is International Journal of Current Microbiology and Applied Sciences ISSN 2319 7706 Volume 7 Number 02 2018 Journal homepage http www ijcmas com India has been able to produce enough to feed its 1 25 billion As well as export food grains to other countries But the challenge to feed a Projected population of1 6 billion in 2050 and provide them with nutrition Security is a formidable one because of the continuously degrading natural resource base and shrinking of good agriculture land for cultivation It has been estimated that to meet the demands of that vast population land productivity has to be enhanced four times along with three fold increase is water productivity and concomitant increase of six times in labour productivity The era of Anthropocene has been endorsed by both climatic and non climatic factors It may increase the risk of food and water security across the globe Among all carbon C sequestration is one of the important strategies that could mitigate the effect of climate change to some extent by transferring atmospheric CO2 C into the longlive natural pools such as soils and perennial green biomass Soil organic carbon SOC has relation in plant growth and agronomic productivity Most of the soils of India have been depleted their SOC stocks Further changes in climate are exacerbating the risk of soil erosion and alter nutrient cycling and thereby impacting optimization of crop production Therefore conservation of sol organic matter SOM is essential to prevent soils from further degradation and for overall soil health maintenance This article focuses climate change impact on agriculture C Sequestration and their role on vice VERSA The strategies for C sink efficient use of crop residue conservation agriculture integrated nutrient management agroforestry cover crop use of organic and other bio solids etc along with soil C which will have marked influence on sustainable crop production and impart climate resilience K e y w o r d s Climate change Carbon sequestration Smart agriculture Climate resilient Agriculture Accepted 17 January 2018 Available Online 10 February 2018 Article Info Int J Curr Microbiol App Sci 2018 7 2 1668 1673 1669 unequivocal The anthropogenic influence on the climatic system is evident from the increasing concentrations of GHGs in the atmosphere and the positive radiative forcing As a result the temperature atmosphere and ocean is going up snow and ice are melting fast and sea level is of rising This global climate change will have considerable impact on the crop soil livestock and fishery Agriculture engages almost two third of the workforce in gainful employment and accounts for a significant share in India s gross domestic product Several industries depend on agricultural production for their requirement of raw materials Due to its close linkages with other economic sectors agricultural growth has a multiplier effect on the entire economy of the country The agricultural sector is believed to contribute to the greenhouse effect and the ensuring climate change is likely to have adverse impact on this sector Various agricultural activities such as land clearing cultivation of crops irrigation animal husbandry fisheries and aquaculture have a significant impact on the emission of GHGs and consequently on climate change IPCC 2014 An in depth understanding of trends in emission of GHGs their driver and the relation between the two is essential for comprehending the need for mitigation and adaptation The objectives of this paper are to evaluate the emission of GHGs from Indian agriculture analyze the drivers and trends of GHG emission and assess the potential of various mitigation options Agriculture as a source and sink of GHG Agriculture contributes to greenhouse effect primarily through the emission and consumption of GHGs such as CH4 N2O and CO2 CH4 is produced in soil during microbial decomposition of organic matter under anaerobic conditions Rice fields submerged underwater are the potential sources of CH4 production Continuous submerged higher organic C content and use of organic manure in Puddled soil enhance CH4 emission Burning of crop residues also contributes to the global methane budget The enteric fermentation in ruminants is another major source of CH4 emission Nitrous oxide is produced in soils through the processes of nitrification and denitrification Nitrification is the aerobic microbial oxidation of ammonium to nitrate and denitrification is the anaerobic microbial of nitrate to nitrogen gas N2 Nitrous oxide is a gaseous intermediate in the reaction sequence of denitrification and a byproduct of nitrification that leaks from microbial cells into the soil and ultimately into the atmosphere One of the main controlling factors in this reaction is the availability of inorganic N in soil through additions of synthetic or organic fertilizers manure crop residues sewage sludge or mineralization of N in soil organic matter following drainage management of organic soil and cultivation lands use change on mineral soils The main source of carbon dioxide in agriculture is tillage which triggers emission of this gas though biological decomposition of soil organic matter Tillage breaks the soil aggregates increases the oxygen supply and exposes the surface area of organic material promoting the decomposition of organic matter Use of fuel for various agricultural operations and burning of crop residues are the other sources of carbon dioxide emission An off site source is the manufacturing of farm implements fertilizers and pesticides Climate change is becoming a serious global environmental concern The signatures of climate change have been seen in every sphere of life on the earth which ignited the issues towards set back free and eco friendly environment The climate has been changing Int J Curr Microbiol App Sci 2018 7 2 1668 1673 1670 naturally as volcanoes tectonic plate movements since the beginning of time Recently it is in the news due to anthropogenic emissions and man made disturbances Concentrations of GHGs in the atmosphere exceeded the pre industrial levels by about 40 150 and 20 in 2011 CO2 CH4 N2O Respectively The current total global anthropogenic emission is estimated at 400 ppm WMO 2013 It was expected that increase in atmospheric CO2 has a fertilization effect on crops through carbon C assimilation pathway and thus may encourage crop growth and productivity Srinivasa Rao et al 2016 On the other hand increase in temperature could reduce crop growth and periods alter photosynthetic processes and affect pest populations nutrient loss in soils The transfer of C in the green biomass and its sink into the soils is one of the most important strategies to address the problem of land degradation and climate change mitigation Secondly CO2 concentration in the atmosphere can be minimised by reducing the global energy use or through the substitution of fossil fuels by biomass and sequesteringCO2 in soils and biomass Schrag 2007 SOC refers to containing C in SOM hence conservation and agricultural soils have list 30 to 75 of their antecedent SOC pool Lal et al 2007 Agricultural forest and other landuse change AFOLU contributes less than 25 10 12 Gt CO2 eq year of anthropogenic GHG emission Long term experiments are important for assessing long term changes in SIC and crop yields and estimating C sequestration potential of agricultural lands Srinivasa Rao et al 2013 Carbon sequestration a route to,positive,0.8921
Remote sensing has long been used as a powerful tool for the observation in cryospheric sciences With the advances brought by the ESA Copernicus program Earth observation goes a step further in its ability to get acquisitions at very high temporal rate This is even amplified in polar regions due to heliosynchronism of satellites orbits Earth observation shifts from sporadic observations to Earth monitoring,positive,0.9938
Observations are a critical aspect for the assessment of geophysical models The ability of a model to replicate observations is crucial as a benchmark It also allows to refine our comprehension of Earth systems such as in cryospheric sciences,positive,0.987
In this work we are using the regional climate model MAR to compute the surface melt on a domain focusing on the Roi Baudouin Ice Shelf Queen Maud Land East Antarctica From the results we extract the number of days with surface melt in a region In parallel we employ remote sensing to obtain comparison data Synthetic aperture radar appears as a solution of choice thanks to its day and night critical in polar regions and atmospheric free capabilities Radar backscattering anomalies between different dates are witnesses of substantial increase of soil moisture Using Sentinel 1 in its wide swath modes namely Interferometric Wide Swath and Extra Wide Swath modes and multiple satellite paths near daily acquisitions can be obtained By comparing the two independent results we better constraint model s outputs while also better interpret SAR acquisitions,negative,0.0881
Atmospheric aerosol and chemistry modules are key elements in Earth system models ESMs as they predict air pollutants concentrations and properties that can impact human health weather and climate The current uncertainty in climate projections is partly due to the inaccurate representation of aerosol direct and indirect forcing Aerosol chemistry parameterizations used within ESMs and other atmospheric models span large structural and parameter uncertainties which are difficult to assess independently of their host models Moreover there is a strong need for a standardized interface between aerosol chemistry modules and the host model to facilitate portability of aerosol chemistry parameterizations from one model to another allowing not only a comparison between different parameterizations within the same modeling framework but also quantifying the impact of different model frameworks on aerosol chemistry predictions To address this need we have initiated a new community effort to coordinate the construction of a GeneralIzed Aerosol chemistry iNTerface GIANT for use across weather and climate models We aim to organize a series of community workshops and Hack a thons to design and build GIANT which will serve as the interface between a range of aerosol chemistry modules and the physics and dynamics components of atmospheric host models GIANT will leverage ongoing efforts at the U S modeling centers focused on building next generation ESMs and the international AeroCom initiative to implement this common aerosol chemistry interface GIANT will create transformative opportunities for scientists and students to conduct innovative research to better characterize structural and parametric uncertainties in aerosol chemistry modules and to develop a common set of aerosol chemistry parameterizations,negative,0.0064
The present work addresses two persistent quandaries of the climate sciences i the existence of global oscillatory modes in the coupled ocean atmosphere system and ii solar effects on this coupled system Interannual oscillatory modes atmospheric and oceanic are present in several large regions of the globe We examine here interannual to decadal variability over the entire globe in the Community Earth System Model CESM and in the NCEP NCAR reanalysis and apply multichannel singular spectrum analysis MSSA to these two datasets,positive,0.9973
In the fully coupled CESM1 1 model with its resolution of 0 1 0 1 degrees in the ocean and 0 25 0 25 degrees in the atmosphere the ﬁelds analyzed are surface temperatures sea level pressures and the 200 hPa geopotential The simulation is 100 yr long and the last 66 yr are used in the analysis The two statistically signiﬁcant periodicities in this IPCC class model are 11 and 3 4 yr,negative,0.0998
In the reanalysis the ﬁelds of sea level pressure and of 200 hPa geopotential are analyzed at its resolution of 2 5 2 5 degrees over the 68 yr interval 1949 2016 Oscillations with periods of 12 and 3 6 yr are found to be statistically signiﬁcant in this dataset The spatio temporal patterns of the oscillations in the two datasets are quite similar The spatial pattern of these global oscillations over the North Paciﬁc and North Atlantic resemble the Paciﬁc Decadal Oscillation and the interannual variability found in the western North Atlantic respectively,positive,0.9016
The two global modes with their 11 12 yr and 3 4 3 6 yr periodicities are quite robust suggesting potential contributions of both to predictability at 1 3 yr horizons On the other hand the CESM run has no year to year changes in the prescribed insolation excluding any role of the solar cycle in the model s 11 yr mode The solar cycle is present however in the reanalysis since it is present in nature and hence it does affect the observations We speculate therefore that regional oscillations with their distinct near periodicities and spatial patterns are synchronized over the globe thus yielding both the global oscillatory modes found in CESM In nature the decadal mode could be further synchronized with the solar cycle but that does not seem to be the case given the slight difference in period 12 yr for the reanalysis and 11 yr for the solar cycle which makes them drift in and out of phase,positive,0.9458
The work s tentative conclusion is therefore i yes there are global oscillatory modes in the climate system especially a decadal mode but ii no this mode has little or nothing to do with the solar cycle,negative,0.4313
Manuscript received April 20 2020 accepted April 20 2020 Date of current version May 4 2020 Mehdi Darvishi is with the Institute for Earth Observation Eurac Research 39100 Bolzano Italy and also with the Department of Information Engineering and Computer Science University of Trento 38122 Trento Italy e mail mehdi darvishi unitn it Giovanni Cuozzo is with the Institute for Earth Observation Eurac Research 39100 Bolzano Italy e mail giovanni cuozzo eurac edu Lorenzo Bruzzone is with the Department of Information Engineering and Computer Science University of Trento 38122 Trento Italy e mail lorenzo bruzzone unitn it Faramarz Nilfouroushan is with the Faculty of Engineering and Sustainable Development ATM University of Gävle 801 76 Gävle Sweden and also with the Geodata Division Lantmäteriet 802 64 Gävle Sweden e mail faramarz nilfouroushan hig se Digital Object Identifier 10 1109 JSTARS 2020 2989609 REFERENCE,positive,0.9953
1NOAA Center for Satellite Applications and Research College Park MD 20740 USA 2State Key Laboratory of Remote Sensing Science Institute of Remote Sensing and Digital Earth Chinese Academy of Sciences Beijing 100101 China 3Department of Environmental Health Rollins School of Public Health Emory University Atlanta GA 30322 USA 4Istituto di Fisica Applicata Nello Carrara del Consiglio Nazionale delle Ricerche IFAC CNR Sesto Fiorentino 50019 Firenze Italy 5Universities Space Research Association NASA Goddard Space Flight Center Greenbelt MD 20771 USA,positive,0.9496
1 Department of Soil Environmental and Atmospheric Science University of Missouri 302 E Anheuser Busch Natural Resources Building Columbia MO 65211 USA 2Department of Earth and Atmospheric Sciences Cornell University Bradfield Hall Room 1116 Ithaca NY 14853 USA 3 State Key Laboratory of Severe Weather Chinese Academy of Meteorological Sciences 46 Zhongguancun Southern Street Haidian Beijing 100081 China 4A M Obukhov Institute of Atmospheric Physics Russian Academy of Sciences 3 Pyzhevsky Moscow 119017 Russia,positive,0.7426
The World Multidisciplinary Earth Sciences symposium WMESS 2016 was held in the Prague Duo hotel from 5th to 9th September 2016 After the great success of WMESS 2015 with more than 500 participants from more than 50 countries symposium became popular for scientists of different topics classical and contemporary research related to Geosciences This volume of Journal IOP Conference Series Earth and Environmental Science contains 175 articles collected in four sections The World Multidisciplinary Earth Sciences symposium created a unique opportunity for participants to share research and work experience in the fields of Earth Sciences providing a forum for early career researchers for presentation of their work and discussion of their ideas with experts in different fields such as Tectonics Structural Geology Engineering Geology Geotechnics Hydro Hydrogeological Sciences Natural Hazards Oil Gas Coal Geothermal Energy Geomorphology Geochemistry Mineralogy Petrology Volcanology Stratigraphy Sedimentology Palaeontology Geophysics Seismology Geodesy Photogrammetry Cartography Informatics Geoinformatics Remote Sensing Mining Engineering Mineral Processing Blasting New Technologies Natural Resources Environmental Sciences Energy Resources Pollution the Environment Environmental Legislation Biogeosciences Geological Heritage Geoparks Urban Planning Atmospheric Sciences Climatology Glaciology Modelling and Soft Computing Techniques in Earth Sciences The main mission of the World Multidisciplinary Earth Sciences Symposium WMESS is to lead to contribution in multidisciplinary studies related with atmosphere biosphere hydrosphere lithosphere and pedosphere of the Earth and interaction of humans with them As another mission it provides a forum for this diverse range of studies which report the very latest results and document emerging understanding of the Earth s system and our place in it This year the Scientific Committee and Institutional Scientific Partners of WMESS were filled by paying close attention and all members were selected from well known very much appreciated productive and representative persons from different countries We are deeply grateful to the members of the scientific committee and institutional scientific partners International Association for Engineering Geology the Environment IAEG International Union of Soil Sciences IUSS International Geographical Union IGU The International Association of Hydrogeologists IAH Geological Sciences of Italy SGI Czech Soil Science Society CSSS Arabian Geosciences Union ArabGU The Society of Economic Geology of Romania SEGR World Meteorological Organization WMO International Medical Geology Association IMGA Russian Mineralogical Society RMS University of Petrosani Geological Society of Africa GSAf of WMESS We would also like to thank our main sponsors LAMA Energy group LAMA Gas oil The organizing committee appreciates enormous work of editorial board and reviewers in the preparation of this volume This year volume was edited by Marian Drusa and co editors Isik Yilmaz Marian Marschalko Anna Maria Ferrero Ibolya Torok and Nazan Yalcin Erik We would like to express our sincere thanks to all authors and presenters for their valuable research contributions We wish you to enjoy the World Multidisciplinary Earth Sciences Symposium WMESS 2016 and a pleasant stay in the city of romance Prague We hope to see you again during the next event WMESS 2017 which will be held in Prague Czech Republic during 11 15 September 2017,positive,0.9971
This paper examines children s fiction books on air pollution in terms of the accuracy of their content in the representation of celestial bodies The qualitative content analysis identifies and records in the text of 18 books passages containing errors and inaccuracies about celestial bodies The passages are organized and presented in a category system while also being linked to the possible alternative ideas they may generate in children The results show that the Earth the planets the Sun and the stars are only sometimes represented based on scientific standards Finally the common errors and inaccuracies are presented At the same time suggestions are made for using these books in teaching and learning in science and environmental education in order to avoid misconceptions from their students,negative,0.1075
Satellite data are a relevant part of information required for sustainable environmental management assessment of the impact of economic activity of ecosystems determination of risks related to global climate changes desertifi cation processes loss of landscape and biotic diversity Aim To substantiate the reasonability and prove the effi ciency of using satellite data in the agroecologic monitoring system regarding the impact of climate changes on vegetation processes of soil erosion degradation and assessment of landscape diversity Methods The study was conducted in the territory of Ukraine It involved the application of SWOT and Gap analysis methodology materials of NOAA satellite observa tions Sentinel different spatial resolution methodological and regulatory provision of the Institute of Agroecology and Environmental Economics of the National Academy of Agrarian Sciences regarding satellite monitoring of the structure of agrolandscapes norms of establishing a network of testing,positive,0.9958
agrarian grounds list of vegetation state indicators in par ticular Remote sensing of the Earth from space Land data about controlling the condition of plantings and performance of agricultural crops General requirements DSTU 7307 2013 Remote sensing of the Earth from space Ground in spection of plantings Classifi er of objects and functions SUC 01 1 37 907 2011 Methodological recommendations on establishing the network of testing agrarian grounds in the system of monitoring of plantings using the materials of cosmic information The investigation on the impact of climate changes on vegetation state was conducted on the territory of three natural climatic zones which were geographically represented by Chernihiv Poltava and Zaporizhzhia regions re spectively The determination of the threat of erosion degradation of arable lands and landscape diversity was performed on the territory of two administrative districts with high level of ploughness of agrolandscapes intense agrarian produc,negative,0.2157
tion and manifestation of erosion degradation of lands Results Inadequacy of the traditional system of agroecological monitoring was determined It was proven that it was reasonable to have comprehensive application of satellite data regarding climate warming within the natural climatic zones and its impact on vegetation according to the normalized dif ference vegetation index NDVI erosion degradation of soils and landscape diversity According to satellite data of the National Oceanic and Atmospheric Administration NOAA the correlation analysis was performed on the connection between the dynamics of the sum of effective temperatures and the sum of NDVI values for the vegetation period There was positive impact of climate warming on vegetation state according to NDVI index in the zone of Polissia and Forest Steppe The correlation coeffi cients were R 0 64 and R 0 77 respectively In the Steppe zone the correlation coeffi cient dropped down to R 0 35 which demonstrated the elevated risk of,negative,0.0022
droughts Conclusions Satellite data of Sentinel 1 were used to determine critical zones of erosion degradation of arable lands requiring preservation and their inclusion to the natural fi elds which had a positive impact on the optimization of agrolandscape diversity,positive,0.8344
Zoboi Ibi My Life as an Ice Cream Sandwich Penguin Random House 2019,negative,0.383
My Life as an Ice Cream Sandwich is Ibi Zoboi s middle grade debut following her YA novels Pride and the National Book Award finalist American Street Some of Zoboi s concerns in her YA fiction are revisited here Black community and communities complexities of family relationships and the difficulties and joys of discovering new places Here Zoboi adds to the mix a quirky sci fi loving protagonist and a historical setting Harlem in the summer of 1984,positive,0.9982
Ebony Grace Norfleet Freeman aka E Grace Starfleet in her galactic imagination location aka Ice Cream Sandwich to the Nine Flavas crew of MCs and B girls is a seventh grader from Huntsville who is sent to live with her father in New York City for the summer She s full of science fiction knowledge and enthusiasm abetted by her Granddaddy who worked for NASA and occupies a large role in her internal narrative as Captain Fleet,positive,0.9919
Ebony Grace is a somewhat frustrating protagonist making a number of seeming unforced errors due to her commitment to her spacefaring alter ego but she is authentic and compelling too Her insistence on being E Grace Starfleet can be endearing though she s clearly using her imagination to avoid dealing with or understanding what s happening around her She describes her surroundings in terms of her space adventure that Captain Fleet has been taken captive by the Sonic King on Planet Boom Box and that the Sonic Boom threatens to overtake everything Her new friends initially have little time for this kind of play they re busy developing their crew s double dutch rapping and breakdancing skills in preparation for a competition that might get them into the big leagues The culture shock contrast in other words isn t just between Huntsville and Harlem but also between one kind of play and although the Nine Flavas crew don t see it like this another between childhood and adolescence,positive,0.9914
A caution for readers who appreciate concreteness one subplot seems ambiguous to the point of opacity Ebony Grace has been sent to New York because of some trouble her Granddaddy has gotten into or possibly a health crisis he is having There are allusions from adult characters to sins Ebony Grace s grandfather has committed consequences for bad decisions lawyers and journalists His death near the end of the novel leaves both Ebony Grace and the reader with questions but little closure veiled references imply a sex and drugs aspect to his troubles or a connection to the AIDS crisis but this is never clarified The narrative here is more atmospheric than propulsive but that atmosphere is alive with culture and history Character voices are lively funny and down to earth their moment is depicted lovingly and specifically but without preciousness or nostalgia This love letter to 1980s New York has mountains of appeal for any reader interested in science fiction or hip hop culture and is a must for any collection looking to continue prioritizing diversity and representation in its holdings,positive,0.9722
Highly recommended 4 out of 4 starsReviewer Amanda Daignault,positive,0.6838
Amanda Daignault is a PhD Candidate in the Department of English and Film Studies at the University of Alberta She studies contemporary children s middle grade fantasy novels using methods of book history and bibliography to figure out where all those giant trilogies came from and what they re doing,positive,0.8845
In northern China the transition zone affected by summer monsoon and its neighboring areas frequently experience drought events Especially since the 21st century the number of major drought events in this region has significantly increased making it a notable drought prone area known as the northern drought prone belt NDPB Till now major drought events in this area have profoundly impacted China s historical progress and socioeconomic development In fact similar drought prone belts are common in other monsoon transition zones globally making it highly relevant and scientifically valuable to study the major drought issues in this region Therefore we discuss the major drought issues in the NDPB for the first time comprehensively analyze the basic characteristics of the NDPB systematically review the main stages of drought research in northern China and identify scientific challenges currently faced in major drought research in the NDPB Based on this and in line with the current forefront of earth system science research we outline five research directions and their basic approaches including scientific experimental research focusing on major droughts in the NDPB the impact of multifactor atmospheric circulation interactions on major drought formation mechanisms promoting major drought development through the land atmosphere coupling the synergistic mechanisms of the atmospheric circulation and land atmosphere coupling on major droughts and fine monitoring technology and prediction methods for the full chain progression of major droughts that have multifactor collaborative impacts This research work holds significant scientific reference value for promoting innovative breakthroughs in the theory of major drought formation and monitoring and prediction techniques in northern China,positive,0.9815
Table of Content Preface 2017 International Conference on Space Science and Communication Space Science for Sustainability The present volume of the Journal of Physics Conference Series represents contributions from participants of the 2017 International Conference on Space Science and Communication IconSpace2017 held in Kuala Lumpur Malaysia from May 3 5 2017 The conference was organized by Space Science Centre ANGKASA Institute of Climate Change Universiti Kebangsaan Malaysia UKM with a theme on Space Science for Sustainability IconSpace2017 is the fifth series of conferences devoted to bringing researchers from around the world together to present and discuss their recent research results related to space science and communication and also to provide an international platform for future research collaborations This biennial international conference is an open forum where members in the field and others can meet in one place to discuss their current research findings The technical program of this conference includes four keynote speakers invited speakers and the presentation of papers and poster The track of the session includes Astrophysics and Astronomy Atmospheric and Magnetospheric Sciences Geoscience and Remote Sensing Satellite and Communication Technology and Interdisciplinary Space Science Apart from the main conference there will be a special talk on Space Exploration Updates on 5 May 2017 More than 100 scientists and engineers from various academic government and industrial institutions in Europe Asia Australia Africa and the Americas attended the conference The papers for this conference were selected after a rigorous review process The papers were all evaluated by international and local reviewers and at least two reviewers were required to evaluate each paper We should like to offer our thanks for the professionalism of the organizing committee authors reviewers and volunteers deserve much credit for all the time for the successful run of the conference We also wish to express our appreciation to all speakers and authors whose papers and presentations make the event a very exciting forum to add values to learn discussion and exchanges of ideas and to meet old or new people from different countries and interact with them We would also like to express our sincerest gratitude to our sponsors Malaysian Communications and Multimedia Commission MCMC for making this conference more valuable Wayan Suparta The Editor Proceeding Editor Wayan Suparta Mahamod Ismail Mardina Abdullah Member of Editor Mohammad Rashed Iqbal Faruque Khairul Nizam Abdul Maulud Mohd Shahrul Mohd Nadzir Mandeep Singh Jit Singh Zamri Zainal Abidin Sabirin Abdullah Teh Wai Leong Md Firoz Khan Tariqul Islam Siti Aminah Bahari Noridawaty Mat Daud Papers Astrophysics and Astronomy Surface charging of a crater near lunar terminator A K Anuar Limiting magnitudes and night sky brightness at the Langkawi National Observatory based on observations of standard stars C C Ngeow and S C Luo Limb flares measurement from Langkawi National Observatory on 5th January 2016 F Kamarudin MR Tahar N R Saibaka Comparison of relative sunspot numbers measured in Malaysia with international sunspot number calculated by SIDC SILSO N Rasmani N S A Hamid F Kamarudin W M A W M Kamil and I Sarudin Atmospheric and Magnetospheric Sciences An analysis of heat wave trends using heat index in East Malaysia W Suparta and A N M Yatim A short review on the effects of aerosols on visibility impairment M E Emetere and M L Akinyemi Atmospheric configurations of aerosols loading and retention over Bolgatanga Ghana M E Emetere S E Sanni and P Tunji Olayen Altering rainfall patterns through aerosol dispersion M E Emetere M Bakeko L Onyechekwa and W Ayara Satellite observation analysis of aerosols loading effect over Monrovia Liberia M E Emetere F Esisio and F Oladapo Effect of aerosols loading and retention on surface temperature in the DJF months M E Emetere L Onyechekwa and P Tunji Olayeni Aerosols loading statistical dimensions over SerekundaGambia M E Emetere I Ebubechukwu O Ekene and E Charles Impact of meteorological parameters over Covenant University Ota Nigeria E O Falayi M R Usikalu T V Omotosho O S Ojoniyi and S A Akinwumi Year to year variation of rainfall rate and rainfall regime in Ota southwest Nigeria for the year 2012 to 2015 T V Omotosho O O Ometan S A Akinwumi O M Adewusi A O Boyo and J S Mandeep Investigation of zonal velocity of equatorial plasma bubbles EPBs by using GPS data I Sarudin N S A Hamid M Abdullah and S M Buhari Peak time of equatorial electrojet from different longitude sectors during fall solar minimum N S A Hamid H Liu T Uozumi A Yoshikawa and N M N Annadurai Comparison of ionospheric profile parameters with IRI 2012 model over Jicamarca S A Bello M Abdullah N S A Hamid and B W Reinisch Irregularities of ionospheric VTEC during lightning activity over Antarctic Peninsula W Suparta and W N A Wan Mohd Nor Derivation of GPS TEC and receiver bias for Langkawi station in Malaysia W L Teh W S Chen and M Abdullah Longitudinal variation of EEJ current during different phases of solar cycle W N I Ismail N S A Hamid M Abdullah A Yoshikawa and T Uozumi Response of lightning energy and total electron content with sprites over Antarctic Peninsula W Suparta and N Yusop Geoscience and Remote Sensing Distribution ozone concentration in Klang valley using GIS approaches A Sulaiman A A Ab Rahman K N Abdul Maulud M T Latif M A Abdul Wahid M A Ibrahim and N D Abdul Halim Alteration mineral mapping in inaccessible regions using target detection algorithms to ASTER data A B Pour M Hashim and Y Park Mapping land slide occurrence zones using remote sensing and GIS techniques in Kelantan state Malaysia M Hashim A B Pour and S Misbari Spectral mineral mapping for characterization of subtle geothermal prospects using ASTER data A J Abubakar M Hashim A B Pour Application of ASTER SWIR bands in mapping anomaly pixels for Antarctic geological mapping A B Pour Mazlan Hashim and Y Park Modelling airborne dispersion for disaster management I A Musliman and L Yohnny Remote sensing assessment of absorbing aerosol over peninsular malaysia from OMI onboard Aura satellite K C Tan H S Lim and M Z Mat Jafri Measurement of radon concentration in selected houses in Ibadan Nigeria M R Usikalu V Olatinwo M Akpochafor M A Aweda G Giannini and V Massimo Validation of sea levels from coastal altimetry waveform retracking expert system a case study around the Prince William Sound in Alaska N H Idris X Deng and N H Idris Investigation to determine the vulnerability of reclaimed land to building collapse using near surface geophysical method O O Adewoyin E O Joshua M L Akinyemi and M Omeje Extraction of shoreline changes in Selangor coastal area using GIS and remote sensing techniques S N Selamat K N Abdul Maulud O Jaafar and H Ahmad Estimation of lidar ratios during haze events in Penang Malaysia W Y Khor M Z Mat Jafri and H S Lim Application of 2D electrical resistivity imaging and cone penetration test CPT to assess the harzadous effect of near surface water on foundations in Lagos Nigeria O O Adewoyin E O Joshua M L Akinyemi M Omeje and E S Joel Satellite and Communication Technology Design of a dual C slot reflect array with enhanced phase range performance H I Malik M Y Ismail M Amin and F Mohamed Design and analysis of dual U slot reflect array antenna for X band applications M Y Ismail H I Malik and M Amin Transparent solar antenna of 28 GHz using transparent conductive oxides TCO thin film N I Mohd Ali N Misran M F Mansor and M F Jamlos The analysis of the algorithms of the complex optimal estimates interpolation in tasks of satellite navigation A I Perov O V Chernoyarov E N Boldenkov and A N Faulgaber Efficient pricing technique for resource allocation problem in downlink OFDM cognitive radio networks O B Abdulghafoor M M R Shaat M Ismail R Nordin T Yuwono and O N A Alwahedy Analysis of non rainy attenuation on earth space path in Ota Southwest Nigeria T V Omotosho S A Akinwumi M R Usikalu O O Ometan M O Adewusi and M Abdullah Installing the earth station of Ka band satellite frequency in Malaysia conceptual framework for site decision M R Mahmud M N M Reba S W Jaw A Arsyad and M A M Ibrahim Interdisciplinary Space Science Estimation water vapor content using the mixing ratio method and validated with the ANFIS PWV model W Suparta K M Alhasa and M S J Singh Measurements of radioactivity levels in part of Ota Southwestern Nigeria Implications for radiological hazards indices and excess lifetime cancer risks K D Oyeyemi M R Usikalu A P Aizebeokhai J A Achuka and O Jonathan Micro ring resonator with variety of gap width for acid rain sensing application preliminary study B Mulyanti H Ramza R E Pawinanto J A Rahman M S Ab Rahman W S Putro L Hasanah and A B Pantjawati Development of a solar charged laboratory bench power supply W A Ayara T V Omotosho M R Usikalu M S J Singh and W Suparta Background radiation dose of dumpsites in Ota and Environs M R Usikalu O O Ola J A Achuka I O Babarimisa and W A Ayara Impacts of ionospheric electric fields on the GPS tropospheric delays during geomagnetic storms in Antarctica Wayan Suparta Photographs from the conference can be found in the PDF,negative,0.0129
dition or steady motion when any influences distributed zonally prevent a rotation with uniform average angular velocity of the whole envelope or at least of those parts that are at equal distances from the axis of rotation If therefore such influences exist on the sun then wave formations must occur on it and the sun spots which have already been considered as vortex phenomena as well as their variability would thus find an explanation similar to that of the cyclones and anticyclones of the terrestrial atmosphere I t thus becomes quite possible that the regular phenomena of the general atmospheric circulation of the earth may for purely mechanical reasons have the same period as those on the sun In this case there would not need to exist any direct connection between the sun spots and our weather even though the same period should be established beyond doubt by observation On the other hand a further development of the theory may perhaps lead to conclusions as to certain mechanical relations especially as to the velocity of rotation of the sun Even the discussion as to the influence of the moon on our weather which is still by no means settled will in this way be brought to an end for it must then be possible to satisfactorily show whether the otherwise regular processes of atmospheric circulation are influenced by the changes in the moon s position especially by its motion in declination I t is to be hoped that the method here indicated may lead meteorology out of the region of vacillating ideas that now control it into a broader field and place it among the exact sciences where everything is reduced to numerical computation and thus to an important extent further its application to daily practice,positive,0.9972
The geophysics of extrasolar planets is a scientific topic often regarded as standing largely beyond the reach of near term observations This reality in no way diminishes the central role of geophysical phenomena in shaping planetary outcomes from formation to thermal and chemical evolution to numerous issues of surface and near surface habitability We emphasize that for a balanced understanding of extrasolar planets it is important to look beyond the natural biases of current observing tools and actively seek unique pathways to understand exoplanet interiors as best as possible during the long interim prior to a time when internal components are more directly accessible Such pathways include but are not limited to a enhanced theoretical and numerical modeling b laboratory research on critical material properties c measurement of geophysical properties by indirect inference from imprints left on atmospheric and orbital properties and d the purpose driven use of Solar System object exploration expressly for its value in comparative planetology toward exoplanet analogs Breaking down barriers that envision local Solar System exploration including the study of Earth s own deep interior as separate from and in financial competition with extrasolar planet research may greatly improve the rate of needed scientific progress for exoplanet geophysics As the number of known rocky and icy exoplanets grows in the years ahead we expect demand for expertise in exogeoscience will expand at a commensurately intense pace We highlight key topics including how water oceans below ice shells may dominate the total habitability of our galaxy by volume how free floating nomad planets may often attain habitable subsurface oceans supported by radionuclide decay and how deep interiors may critically interact with atmospheric mass loss via dynamo driven magnetic fields,positive,0.8059
Building upon the success of the Mars Science Laboratory MSL landing and surface mission the Mars 2020 project is a flagship class science mission intended to address key questions about the potential for life on Mars and collect samples for possible Earth return by a future mission 1 Mars 2020 will also demonstrate technologies needed to enable future human expeditions to Mars Utilizing the groundbreaking entry descent and landing EDL architecture pioneered by the MSL 2 3 Mars 2020 will launch in July 2020 and land on Mars in February 2021 Like its predecessor Mars 2020 will deliver its rover payload to the Martian surface through the use of Apollo derived entry guidance a 21 45 meter supersonic Disk Gap Band parachute a Descent Stage powered by throttleable Mars lander engines and the signature Sky Crane maneuver While Mars 2020 inherits most of its EDL architecture software and hardware from the MSL a number of changes have been made to correct deficiencies improve performance and increase the robustness of the system For example Mars 2020 will take advantage of the favorable atmospheric conditions of the 2020 launch opportunity to deliver a larger and more capable rover than has landed on Mars to date A primary focus in developing the Mars 2020 EDL system has been mitigating residual risks identified after the landing of the MSL The Advanced Supersonic Parachute Inflation Research Experiment ASPIRE was performed to address new concerns about the stresses experienced by parachute canopies during inflation Other risk reduction activities include investigating possible interactions between the parachute deployment system and the inertial measurement unit IMU which could lead to IMU saturation researching the effects of airborne dust on radar ground measurements and site specific gravity modeling for improved fuel usage Several enhancements were added for Mars 2020 to improve performance The addition of Terrain Relative Navigation TRN allows the system to land at sites with more hazardous terrain enabling scientists to select from locations which have previously been considered inaccessible Mars 2020 will utilize a Range Trigger for initiating parachute deployment which reduces landing ellipse sizes by 40 compared to the Velocity Trigger approach used on the MSL New EDL Camera hardware will capture high resolution and high frame rate images and videos of key events such as parachute deployment and rover touchdown Finally the Mars Entry Descent and Landing Instrumentation 2 MEDLI2 sensor suite will build upon the successful MSL MEDLI experiment with the addition of heatshield pressure sensors tuned for the supersonic flight regime and backshell instrumentation The team has faced new and unexpected challenges throughout development Notably the failure of the flight heatshield during a static load test has prompted the fabrication of a new unit Also in accommodating the first ever Mars Helicopter under the rover belly pan the EDL design has been further constrained by reduced ground clearances Despite these challenges much of the EDL related hardware and software have already been delivered and the EDL verification and validation program is on track to be completed on schedule prior to launch in July 2020,positive,0.9069
Aluminium is the third more abundant element in the Earth crust The metal exhibits useful properties such as low density high strength good formability and a high resistance to corrosion Aluminium can gain significant mechanical strength by means of alloying whereby it is the most used metal after steel In this sense aluminium properties depend on its purity and its crystalline structure is face centred cubic Wang et al 1999 Aluminium is among other characteristics malleable easily machined and very ductile Its high sensitivity to oxidation endows it with a waterproof passivation layer typically 5 20μm thick according to the prevailing humidity considerably adherent which contributes to corrosion tolerance and general durability The passivation layer consists of the amphoteric aluminium oxide Al2O3 often known as alumina or aloxite in mining and materials science As corrosion is a major source of failure in Materials Engineering aluminium is an obvious choice to face aggressive environments including the atmospheric one Aluminium as a pure element has a low mechanical resistance which prevents its application under deformation and fracture conditions Thus low density combined with good resistance make aluminium alloys very attractive in design considerations The properties of these alloys depend on a complex interaction among chemical composition microstructural failures in solidification thermal treatments etc although an increase in the alloy content tends in general to diminish the tolerance to corrosion That is why quenching processes have been developed to improve the response to corrosion of highly alloyed materials It is essential to select the precise alloy to match the resistance ductibility formability solubility corrosion tolerance etc required by an application Modifying aluminium composition by the adding nitrogen in an ion implantation process provides the treated samples with surface hardness and improved tribological properties by heating them in a nitrogen rich atmosphere In this way at low doses aluminium nitride AlN becomes structured in the shape of clusters the nitride content clearly increasing with the dose Ion implantation is applied to pieces subjected to major friction and load forces such as rolling tracks cylinder sleeves etc which require some core plasticity enabling,positive,0.8777
As funding agencies embrace open science principles that encourage sharing data and computer code developed to produce research outputs we must respond with new modes of publication Furthermore as we address the expanding reproducibility crisis in the sciences we must work to release research materials in ways that enable reproducibility publishing data computer code and research products in addition to the traditional journal article Toward addressing these needs we present an example framework to model and map soil organic carbon SOC in the cereal grains production region of the northwestern United States Primarily associated with soil organic matter SOC relates to many soil properties that influence resiliency and soil health for agriculture It is also critical for understanding soil atmospheric C flux a significant part of the overall C budget of the Earth The technique for modeling soil properties uses seven categories of environmental input data to make predictions known soil attributes climatic values organisms present relief parent material age and spatial location We gather data representing these categories from various public sources The map is produced using a random forest statistical model with inputs to predict SOC content on a 30 m spatial grid All modeling components including input data metadata computer code and output products are made freely available under an explicit open source license In this way reproducibility is supported the methods and code released are available to be reused by other researchers and the research products are open to critical review and improvement,positive,0.9526
Jetstream is a first of its kind system for the NSF a distributed production cloud resource We review the purpose for creating Jetstream discuss Jetstream s key characteristics describe our experiences from the first year of maintaining an OpenStack based cloud environment and share some of the early scientific impacts achieved by Jetstream users Jetstream offers a unique capability within the XSEDE supported US national cyberinfrastructure delivering interactive virtual machines VMs via the Atmosphere interface As a multi region deployment that operates as an integrated system Jetstream is proving effective in supporting modes and disciplines of research traditionally underrepresented on larger XSEDE supported clusters and supercomputers Already Jetstream has been used to perform research and education in biology biochemistry atmospheric science earth science and computer science,positive,0.9957
Internal gravity waves GWs are a naturally occurring and intermittent phenomenon in the atmosphere GWs can propagate horizontally and vertically and are important for atmospheric dynamics influencing the atmospheric thermal and dynamical structure Research on GWs is connected with some of the most challenging issues of Earth climate and atmospheric science Consideration of GW related processes is necessary for a proper description and modelling of the middle and upper atmosphere However as GWs exist on scales from a few to thousands of kilometers they cannot be fully resolved by general circulation models GCMs and hence have to be parameterized Although recently satellite and reanalysis datasets with improved resolution and novel analysis methods together with high resolution atmospheric models have been tightening the constraints for GW parameterizations in GCMs the parameterized GW effects still bear a significant margin of uncertainty,positive,0.9991
To quantify this uncertainty we analyze the three dimensional distribution and interannual variability of orographic gravity wave drag OGWD in chemistry climate model simulations For this we use a set of AMIP simulations produced within the CMIP6 activity In particular we focus on the intermodel spread in the vertical and horizontal OGWD distribution The different models generaly agree on the areas of the OGWD hotspots However in all these regions we find considerable intermodel differences in OGWD magnitude as well as in the altitude of the strongest GW dissipation In this presentation we show our findings and discuss possible explanations for the intermodel differences like different parametrization schemes and choices of tunable parameters,positive,0.9045
ELT HIRES High Resolution Spectrograph for the Extremely Large Telescope is a multifold fiber fed spectrograph planned for the Nasmyth B focal station on ELT covering a wavelength range between 0 4 and 1 8 μ One of the most relevant science cases is represented by the detection of life signature in the extrasolar atmospheres for Earth like planets The polarimetric unit feeding the UBVRI and the zYJH spectrograph modules will consist of two subassemblies the main one aimed to be installed in the intermediate focus will host the polarizer a double Wollaston calcite prism and the retarder plates splitting the optical beam into the four Stokes vector components the other will be located in one of the four dedicated arms of the Front End on the Nasmyth platform providing the atmospheric dispersion correction field stabilization and selection of the operating modes before the fiber injection At the conclusion of Phase A we have presented this as the optimal design solution fulfilling the top level requirement of reaching a sensitivity of 10 5 S I S being equivalent to one of the Stokes vectors a condition achievable only if the polarizers are installed in a rotationally symmetric focus The current work which can be considered a continuation of two preceding papers illustrates new simulation results from the development of the polarization ray tracing tool We have included also the crystal anisotropic properties of the polarizing components analyzing the transmission loss that the light beam encounters propagating through the optical train before entering the fiber bundles in the different operating modes bearing in mind the polarimetric aberrations induced by the active compensation of the primary mirror and the loads contributing as Zernike polynomials of different orders namely the telescope cross talk,positive,0.9466
Eric Dupuy 1 Isamu Morino 1 Nicholas M Deutscher 2 3 Yukio Yoshida 1 Osamu Uchino 1 Brian J Connor 4 Martine De Mazière 5 David W T Griffith 2 Frank Hase 6 Pauli Heikkinen 7 Patrick W Hillyard 8 9 Laura T Iraci 8 Shuji Kawakami 10 Rigel Kivi 7 Tsuneo Matsunaga 1 Justus Notholt 3 Christof Petri 3 James R Podolske 8 David F Pollard 11 Markus Rettinger 12 Coleen M Roehl 13 Vanessa Sherlock 11 Ralf Sussmann 12 Geoffrey C Toon 14 Voltaire A Velazco 2 Thorsten Warneke 3 Paul O Wennberg 13 Debra Wunch 13 and Tatsuya Yokota 1 1 National Institute for Environmental Studies NIES 16 2 Onogawa Tsukuba Ibaraki 305 8506 Japan morino nies go jp I M yoshida yukio nies go jp Y Y uchino osamu nies go jp O U matsunag nies go jp T M yoko nies go jp T Y 2 Center for Atmospheric Chemistry School of Chemistry Northfields Ave University of Wollongong Wollongong NSW 2522 Australia ndeutsch uow edu au N M D griffith uow edu au D W T G voltaire uow edu au V A V 3 Institute of Environmental Physics University of Bremen Otto Hahn Allee 1 Bremen 28359 Germany jnotholt iup physik uni bremen de J N christof_p iup physik uni bremen de C P warneke iup physik uni bremen de T W 4 BC Consulting Limited 6 Fairway Dr Alexandra 9320 New Zealand bcconsulting xtra co nz 5 Institut d Aéronomie Spatiale de Belgique BIRA IASB 3 Avenue Circulaire Brussels B 1180 Belgium Martine DeMaziere bira iasb oma be 6 Karlsruhe Institute of Technology IMK ASF Hermann von Helmholtz Platz 1 Leopoldshafen 76344 Germany frank hase kit edu 7 FMI Arctic Research Center Tähteläntie 62 Sodankylä FIN 99600 Finland Pauli Heikkinen fmi fi P H Rigel Kivi fmi fi R K 8 NASA Ames Research Center Atmospheric Science Branch Mail Stop 245 5 Moffett Field CA 94035 USA patrick hillyard nasa gov P W H Laura T Iraci nasa gov L T I James R Podolske nasa gov J R P 9 Bay Area Environmental Research Institute 625 2nd St Suite 209 Petaluma CA 94952 USA 10 Earth Observation Research Center EORC Japan Aerospace Exploration Agency JAXA 2 1 1 Sengen Tsukuba city Ibaraki 305 8505 Japan kawakami shuji jaxa jp 11 National Institute of Water and Atmospheric Research NIWA Private bag 50061 Omakau 9352 New Zealand Dave Pollard niwa co nz D F P vj sherlock gmail com V S 12 Karlsruhe Institute of Technology IMK IFU Kreuzeckbahnstr 19 Garmisch Partenkirchen 82467 Germany markus rettinger kit edu M R ralf sussmann kit edu R S 13 California Institute of Technology MC 131 24 1200 E California Blvd Pasadena CA 91125 USA coleen gps caltech edu C M R wennberg gps caltech edu P O W dwunch caltech edu D W 14 Jet Propulsion Laboratory California Institute of Technology Pasadena CA 91109 USA geoffrey c toon jpl nasa gov Correspondence dupuy eric albert nies go jp Tel Fax 81 29 850 2751 Current address Department of Physics University of Toronto 60 St George Street Toronto ON M5S 1A7 Canada dwunch atmosp physics utoronto ca,negative,0.3253
Accurate assessment of anthropogenic carbon dioxide CO2 emissions and their redistribution among the atmosphere ocean and terrestrial biosphere the global carbon budget is important to better understand the global carbon cycle support the development of climate policies and project future climate change Here we describe data sets and methodology to quantify the five major components of the global carbon budget and their uncertainties CO2 emissions from fossil fuels and industry EFF are based on energy statistics and cement production data respectively while emissions from land use change ELUC mainly deforestation are based on land cover change data and bookkeeping models The global atmospheric CO2 concentration is measured directly and its rate of growth GATM is computed from the annual changes in concentration The ocean CO2 sink SOCEAN and terrestrial CO2 sink SLAND are estimated with global process models constrained by observations The resulting carbon budget imbalance BIM the difference between the estimated total emissions and the estimated changes in the atmosphere ocean and terrestrial biosphere is a measure of imperfect data and understanding of the contemporary carbon cycle All uncertainties are reported as 1σ For the last decade available 2007 2016 EFF was 9 4 0 5 GtC yr 1 ELUC 1 3 0 7 GtC yr 1 GATM 4 7 0 1 GtC yr 1 SOCEAN 2 4 0 5 GtC yr 1 and SLAND 3 0 0 8 GtC yr 1 with a budget imbalance BIM of 0 6 GtC yr 1 indicating overestimated emissions and or underestimated sinks For year 2016 alone the growth in EFF was approximately zero and emissions remained at 9 9 0 5 GtC yr 1 Also for 2016 ELUC was 1 3 0 7 GtC yr 1 GATM was 6 1 0 2 GtC yr 1 SOCEAN was 2 6 0 5 GtC yr 1 and SLAND was 2 7 1 0 GtC yr 1 with a small BIM of 0 3 GtC GATM continued to be higher in 2016 compared to the past decade 2007 2016 reflecting in part the high fossil emissions and the small SLAND consistent with El Nino conditions The global atmospheric CO2 concentration reached 402 8 0 1 ppm averaged over 2016 For 2017 preliminary data for the first 6 9 months indicate a renewed growth in EFF of 2 0 range of 0 8 to 3 0 based on national emissions projections for China USA and India and projections of gross domestic product GDP corrected for recent changes in the carbon intensity of the economy for the rest of the world This living data update documents changes in the methods and data sets used in this new global carbon budget compared with previous publications of this data set Le Quere et al 2016 2015b a 2014 2013 All results presented here can be downloaded from https doi org 10 18160 GCP 2017 GCP 2017,positive,0.8583
Large eddy simulations LES are the primary computational tool used to simulate high Reynolds number three dimensional turbulent flows In the context of earth system sciences particularly atmospheric science LES are uniquely able to resolve the scales of atmospheric motion that are key for building process level understanding of boundary layer turbulence atmosphere surface interaction clouds and cloud aerosol chemistry interaction and are a core limited area modeling capability Increasing demands are being placed on LES code bases as growing high performance computing resources allow LES to address a wider range of scientific problems In addition LES are emerging as a source of high quality machine learning training data These demands necessitate an agile and extensible code base that allows the model to quickly adapt to emergent needs However LES have largely relied on legacy Fortran code bases that lack flexibility A new Python based LES capability called Predicting INteractions of Aerosol and Clouds in Large Eddy Simulation PINACLES has been developed as part of the Department of Energy s Earth System Model Development ESMD program area s Enabling Aerosol cloud interactions at Global convection permitting scalES EAGLES project PINACLES was developed from the ground up with a philosophy of maximizing scientific throughput by attempting to optimize for both model throughput and software extensibility The initial development of PINACLES delivered a state of the art idealized LES capability solving the non hydrostatic anelastic equations of motion with doubly periodic boundary conditions and idealized homogenous surface boundary conditions Here we provide a final report on the outcomes of a fiscal year 2021 Seed Laboratory Directed Research Project that extended PINACLES in two key ways First PINACLES was coupled to a state of the art land surface model enabling it to simulate spatially inhomogeneous land atmosphere interactions that are known to control key atmospheric processes Second the dynamical core of PINACLES was modified to permit non periodic boundary conditions This model enhancement enables simulation of realistic cases with boundary conditions prescribed from atmospheric reanalysis and enables nested simulations conducted on a hierarchy of computational domains with increasing resolution Together these extensions to PINACLES make it a formidable modeling capability and expand its potential application to diverse components of DOE s,positive,0.9981
Significance Motivated by the conical shape of so called oriented meteorites we assess experimentally how the flight dynamics and postural stability of a body moving through a fluid depend on its shape The family of cones of varying apex angle permits the systematic study across shapes from slender or sharp to broad or dull and we find that only specific forms achieve the stably oriented flight needed to explain this class of meteorites More generally our study provides the map relating body shape to free fall motions such as gliding tumbling straight descent and fluttering which will prove useful in aeronautics the atmospheric sciences and chemical engineering The atmospheric ablation of meteoroids is a striking example of the reshaping of a solid object due to its motion through a fluid Motivated by meteorite samples collected on Earth that suggest fixed orientation during flight most notably the conical shape of so called oriented meteorites we hypothesize that such forms result from an aerodynamic stabilization of posture that may be achieved only by specific shapes Here we investigate this issue of flight stability in the parallel context of fluid mechanical erosion of clay bodies in flowing water which yields shapes resembling oriented meteorites We conduct laboratory experiments on conical objects freely moving through water and fixed within imposed flows to determine the dependence of orientational stability on shape During free motion slender cones undergo postural instabilities such as inversion and tumbling and broad or dull forms exhibit oscillatory modes such as rocking and fluttering Only intermediate shapes including the stereotypical form carved by erosion achieve stable orientation and straight flight with apex leading We corroborate these findings with systematic measurements of torque and stability potentials across cones of varying apex angle which furnish a complete map of equilibrium postures and their stability By showing that the particular conical form carved in unidirectional flows is also posturally stable as a free body in flight these results suggest a self consistent picture for the origin of oriented meteorites,negative,0.006
Over the past few years energy security and sustainable development have moved up the global agenda Energy is what makes an economy run There is a strong correlation between economic development and energy consumption Energy security plays an important role in all economic sectors in attaining the long term vision of inclusive economic growth and development of the economy The attainment of this vision is difficult as it is challenged by the need to build energy infrastructures that are not only responsive to the growing demand but can withstand the maximum credible natural disaster One of the primary objectives of sustainable development is to make people without access to enough energy be able to meet their needs through the provision of stable reliable clean safe and affordable energy services This research will use the Granger Causality test to analyze the causal relationship among the endogenous variables among 1 GNI per capita 2 GHG Emissions and 3 Herfindahl Hirschman Index HHI between energy economic development and the influencing factors of power supply security indicators In the end this paper expects to suggest that the paper electric power development plans in the country also have implications for the path that would lead the country to what is known as a green economy It is in this background that energy security and economic growth development are intertwined by public policy In a broader development sense public policy draws in the active involvement of the community in identifying problems Anchored deeply in the national development agenda the local community develops its own sets of development goals and pushes itself towards realizing this long range vision Hence the output of public policy supported by strategic planning will require effective monitoring and evaluation of programs This remains to be both a challenge and priority for both the national and local governments ReferencesAstana K 2011 Greening the economy mainstreaming the environment into economic development https sustainabledevelopment un org content documents 796unece2 pdfAslan T Ayşe A Fatma Z 2013 The Impact of Electricity Consumption on Economic Development in Istanbul University School of Economics Edomah N 2018 Economics of Energy Supply DOI 10 1016 B978 0 12 409548 9 11713 0 Elahee K 2004 Access to Energy The Key to Poverty Alleviation Retrieved March 06 2015 from International Research Foundation for Development Research http irfd org events wfsids virtual papers sids_kelahee pdfEnergy Policy and Planning Bureau Department of Energy Philippines 2014 Philippine Energy Plan 2012 2030 Department of Energy Gradl C Knobloch C 2011 Energize the BoP Energy Business Model Generator for Low Income Markets A Practitioners Guide Enterprise Solutions for Development ENDEVA Gujarati D 2003 Basic Econometrics 4th Ed McGraw Hill Hamilton C Kellett J Moore T 2021 Resourcing A Low Carbon Future Hossain Mondal et al 2018 The Philippines energy future and lowcarbon development strategies https www sciencedirect com science article pii S0360544218300458International Atomic Energy Agency 2005 IAEA 2005 Energy Indicators for Sustainable Development Guidelines and Methodologies IAEA International Energy Agency 2013 World Energy Outlook 2010 Paris IEA Kanchana K Unesaki H 2014 ASEAN Energy Security An Indicator based Assessment Energy Procedia 56 163 171 DOI 10 1016 j egypro 2014 07 145 Leuschner P 2014 The Effect of GDP per capita on Renewable Energy Production in China University of Colorado Boulder Mendoza Jr C B Cayonte D D D Leabres M S Manaligod L R A 2019 Understanding multidimensional energy poverty in the Philippines Energy Policy 133 110886 Modi V McDade S Lallement D Saghir J 2005 Energy Services for the Millennium Development Goals The International Bank for Reconstruction and Development TheWorld Bank ESMAP Modi V McDade S Lallement D Saghir J 2005 Energy Services for the Millennium Development Goals United Nations Development Programme Navarro A Sambodo M T Todoc J L October 2013 Energy Market Integration and Energy Poverty in the ASEAN PIDS Discussion Paper Series Pasternak A D October 2000 Global Energy Futures and Human Development A Framework for Analysis Department of Energy Phillips M n d Why electricity demand is linked to GDP Söderholm P 2020 The green economy transition the challenges of technological change for sustainability https sustainableearth biomedcentral com articles 10 1186 s42055 020 00029 yStern D I 2004 Environmental Kuznets Curve Encyclopedia of Energy https www sciencedirect com topics earth andplanetary sciences environmental kuznets curveStiglitz J E Sen A Fitoussi J P 2009 Report by the Commission on the Measurement of Economic Performance and Social Progress Institut national de la statistique et des études économiques INSEE University Corporation for Atmospheric Research UCAR https scied ucar edu learning zone how climateworks greenhouse effect U S Energy Information Association 2013 March 22 Today in Energy Retrieved February 28 2014 from U S Energy Information Association Independent Statistics and Analysis http www eia gov todayinenergy detail cfm id 10491Wen Center for Social Research Method n d Research Methods Knowledge Base Retrieved March 15 2015 from http www socialresearchmethods net kb convdisc phpWorld Business Council for Sustainable Development 2012 Business solutions to enable energy access for all The WBCSD Access to Energy Initiative WBCSD publications Zou Xiaohua 2018 VECM Model Analysis of Carbon Emissions GDP and International Crude Oil Prices https doi org 10 1155 2018 5350308,positive,0.9965
ARIEL the Atmospheric Remote sensing Infrared Exoplanet Large survey is one of the three M class mission candidates competing for the M4 launch slot within the Cosmic Vision science programme of the European Space Agency ESA As such ARIEL has been the subject of a Phase A study that involved European industry research institutes and universities from ESA member states This study is now completed and the M4 down selection is expected to be concluded in November 2017 ARIEL is a concept for a dedicated mission to measure the chemical composition and structure of hundreds of exoplanet atmospheres using the technique of transit spectroscopy ARIEL targets extend from gas giants Jupiter or Neptune like to super Earths in the very hot to warm zones of F to M type host stars opening up the way to large scale comparative planetology that would place our own Solar System in the context of other planetary systems in the Milky Way A technical and programmatic review of the ARIEL mission was performed between February and May 2017 with the objective of assessing the readiness of the mission to progress to the Phase B1 study No critical issues were identified and the mission was deemed technically feasible within the M4 programmatic boundary conditions In this paper we give an overview of the final mission concept for ARIEL as of the end of the Phase A study from scientific technical and operational perspectives,positive,0.9845
Abstract Instruments dedicated to aerosol monitoring are recently available and the POLDER POLarization and Directionality of the Earth s Reflectances instrument on board the PARASOL Polarization Anisotropy of Reflectances for Atmospheric Sciences coupled with Observations from a Lidar mission is one of them By measuring the spectral angular and polarization properties of the radiance at the top of the atmosphere in coordination with the other A Train instruments PARASOL provides the aerosol optical depths AOD as well as several optical and microphysical aerosol properties The instrument the inversion schemes and the list of aerosol parameters are described Examples of retrieved aerosol parameters are provided as well as innovative approaches and further inversion techniques,positive,0.9987
Abstract The International Association of Meteorology and Atmospheric,positive,0.7699
Sciences IAMAS was founded in 1919 as the Section of Meteorology,positive,0.748
of the International Union of Geodesy and Geophysics IUGG,positive,0.735
Significant advances over human history particularly during the 19th,negative,0.2012
century in the gathering communication assembly and analysis of,positive,0.9529
observations of the changing weather and in theoretical understanding of the,positive,0.7603
fundamental physical relationships and processes governing atmospheric,positive,0.9783
circulation had been driven by the need for improved weather and climate,positive,0.8581
forecasts to support the expansion of global trade better public warnings of,positive,0.6573
extreme weather and safer and more effective military operations Since its,positive,0.8543
foundation in parallel and cooperation with intergovernmental development,positive,0.5144
under the auspices of what is now the World Meteorological,positive,0.7463
Organization WMO IAMAS and its 10 international commissions have,positive,0.9474
provided the international organizational framework for the convening of the,positive,0.6734
general and scientific assemblies and other meetings that bring together,positive,0.6104
expert scientists from around the world to further advance scientific,positive,0.6373
understanding and prediction of the behaviour of the atmosphere and its,positive,0.9003
connections to and effects on other components of the Earth s intercoupled,positive,0.6195
geophysical system,positive,0.7228
With the development of science and technology modern communication and advanced military equipment system increasingly rely on complex communication electronic equipment and system technology which require very high demand for broadband communications Therefore the propagation characteristic of electromagnetic wave in the marine atmospheric duct environment is researched in this paper Based on the introduction of the related basic knowledge of radio in atmospheric environment the reference earth model and atmospheric structure parameters are determined then the multipath characteristics of the waveguide transmission are analyzed and modeled with the combination of PE theory and related theories and the loss performance of the low altitude atmospheric duct in horizontal and vertical space is simulated In addition the PE method is used to analyze the field distribution of electromagnetic wave propagation in the waveguide the simulation results show that the PE analysis has a good effect on the high frequency electromagnetic wave over GHz and the multipath propagation in waveguide has great advantage in long distance communication The research in this paper gets the constructive and innovative achievements in the establishment of the multipath model the loss performance and the visual analysis and other aspects,positive,0.9064
To estimate global aerosol radiative forcing measurements of aerosol optical properties are made by the National Oceanic and Atmospheric Administration NOAA Earth System Research Laboratory ESRL s Global Monitoring Division GMD and their collaborators at 30 monitoring locations around the world Many of the sites are located in regions influenced by specific aerosol types Asian and Saharan desert dust Asian pollution biomass burning etc This network of monitoring stations is a shared endeavor of NOAA and many collaborating organizations including the World Meteorological Organization WMO s Global Atmosphere Watch GAW program the U S Department of Energy DOE several U S and foreign universities and foreign science organizations The result is a long term cooperative program making atmospheric measurements that are directly comparable with those from all the other network stations and with shared data access The protocols and software developed to support the program facilitate participation in GAW s atmospheric observation strategy and the sites in the NOAA ESRL network make up a substantial subset of the GAW aerosol observations This paper describes the history of the NOAA ESRL Federated Aerosol Network details about measurements and operations and some recent findings from the network measurements,positive,0.9954
Together with imminent climate action building a sustainable future for the humanity requires striving for healthier environments Atmospheric aerosol particles also referred to as particulate matter PM play a key role in defining the air that the future generations will breathe but also the climates they live in PM being an important short lived climate forcer but also a key component of air quality and global environmental health hazard The contribution of aerosol particles has been a key uncertainty in estimates of the Earth s radiative forcing since the establishment of the Intergovernmental Panel for Climate Change IPCC and still remains as the single largest quoted source of uncertainty in the anthropogenic climate forcing during the industrial period In the latest assessment by the IPCC the radiative forcing by aerosol particles has been estimated to be 0 45 W m 2 between 0 95 and 0 05 W m 2 for aerosol radiation interactions RFari and 0 45 W m 2 between 1 25 and 0 W m 2 for aerosol cloud interactions RFaci Recent reviews indicate no significant reduction in the uncertainty The large range of possible aerosol forcing values has serious consequences for climate projections and therefore developing strategies for reaching Paris agreement targets It is currently not possible to say if a reduction in aerosol emissions due to air pollution mitigation and a phase out of aerosol emissions will result in a noticeable increase in global mean temperature or in a negligible climate effect We will discuss the components and reasons of this uncertainty focusing on those that are important for aerosol cloud interactions We will identify critical bottlenecks in 1 scientific understanding of fundamental aerosol and cloud microphysical processes 2 method development for improving the understanding of aerosol cloud and aerosol cloud processes as well as their representation in Earth System Models ESMs and 3 knowledge transfer within and between the relevant research communities We will argue for key actions to overcome these bottlenecks giving examples of good practices for breaking new ground in this long standing problem that continues to intrigue the atmospheric and climate science communities Besides enhancing the scientific understanding of the Earth system within the realm of natural science based on multiple lines of evidence and developing novel e g machine learning based methodologies for analyzing existing observational data and model output we call for additional perspectives from social science and humanities on the communication and knowledge transfer practices within atmospheric and climate research Making the relevant knowledge transfer pathways and processes transparent is urgently needed to enable systematic determination of the actions required to maximally utilize the existing knowledge and to ensure effective implementation of new results that may help to narrow down the uncertainty associated with aerosols in climate projections Improved understanding of the role of aerosols in the climate system will result in enhanced credibility of ESMs and hence also tighter constraints for policies aiming for simultaneous climate neutrality and zero pollution targets,positive,0.9958
Atmos Chem Phys 11 13181 13199 2011 www atmos chem phys net 11 13181 2011 doi 10 5194 acp 11 13181 2011 Author s 2011 CC Attribution 3 0 License Atmospheric Chemistry and Physics Reactive nitrogen ozone and ozone production in the Arctic troposphere and the impact of stratosphere troposphere exchange Q Liang 1 J M Rodriguez 1 A R Douglass 1 J H Crawford 2 J R Olson 2 E Apel 3 H Bian 1 4 D R Blake 5 W Brune 6 M Chin 1 P R Colarco 1 A da Silva 7 G S Diskin 2 B N Duncan 1 L G Huey 8 D J Knapp 3 D D Montzka 3 J E Nielsen 7 9 S Pawson 7 D D Riemer 3 A J Weinheimer 3 and A Wisthaler 10 1 NASA Goddard Space Flight Center Atmospheric Chemistry and Dynamics Branch Code 613 3 Greenbelt MD 20771 USA 2 NASA Langley Research Center Hampton VA 23681 2199 USA 3 National Center for Atmospheric Research 1850 Table Mesa Dr Boulder CO 80307 USA 4 Joint Center for Environmental Technology University of Maryland Baltimore County Maryland USA 5 University of California 570 Rowland Hall Irvine CA 92697 USA 6 Department of Meteorology Pennsylvania State University University Park PA 16802 USA 7 NASA Goddard Space Flight Center Global Modeling and Assimilation Office Code 610 1 Greenbelt MD 20771 USA 8 School of Earth and Atmospheric Sciences Georgia Institute of Technology Atlanta GA 30332 USA 9 Science Systems and Applications Inc Lanham Maryland USA 10 Institute for Ion Physics Applied Physics University of Innsbruck 6020 Innsbruck Austria formerly at Goddard Earth Sciences Technology Center University of Maryland Baltimore County Maryland USA currently at Universities Space Research Association GESTAR Columbia Maryland USA Received 23 March 2011 Published in Atmos Chem Phys Discuss 6 April 2011 Revised 21 October 2011 Accepted 9 December 2011 Published 21 December 2011 Abstract We use aircraft observations obtained during the Arctic Research of the Composition of the Troposphere from Aircraft and Satellites ARCTAS mission to examine the distributions and source attributions of O 3 and NO y in the Arctic and sub Arctic region Using a number of marker tracers we distinguish various air masses from the back ground troposphere and examine their contributions to NO x O 3 and O 3 production in the Arctic troposphere The back ground Arctic troposphere has a mean O 3 of 60 ppbv and NO x of 25 pptv throughout spring and summer with CO decreasing from 145 ppbv in spring to 100 ppbv in sum mer These observed mixing ratios are not notably different from the values measured during the 1988 ABLE 3A and the 2002 TOPSE field campaigns despite the significant changes in emissions and stratospheric ozone layer in the past two decades that influence Arctic tropospheric composition Air masses associated with stratosphere troposphere exchange are present throughout the mid and upper troposphere during spring and summer These air masses with mean O 3 con centrations of 140 160 ppbv are significant direct sources of O 3 in the Arctic troposphere In addition air of stratospheric origin displays net O 3 formation in the Arctic due to its sus tainable high NO x 75 pptv in spring and 110 pptv in sum mer and NO y 800 pptv in spring and 1100 pptv in sum mer The air masses influenced by the stratosphere sam pled during ARCTAS B also show conversion of HNO 3 to PAN This active production of PAN is the result of increased degradation of ethane in the stratosphere troposphere mixed air mass to form CH 3 CHO followed by subsequent forma tion of PAN under high NO x conditions These findings imply that an adequate representation of stratospheric NO y input in addition to stratospheric O 3 influx is essential to accurately simulate tropospheric Arctic O 3 NO x and PAN in chemistry transport models Plumes influenced by recent anthropogenic and biomass burning emissions observed dur ing ARCTAS show highly elevated levels of hydrocarbons and NO y mostly in the form of NO x and PAN but do not contain O 3 higher than that in the Arctic tropospheric back ground except some aged biomass burning plumes sampled during spring Convection and or lightning influences are negligible sources of O 3 in the Arctic troposphere but can have significant impacts in the upper troposphere in the con tinental sub Arctic during summer Correspondence to Q Liang qing liang nasa gov Published by Copernicus Publications on behalf of the European Geosciences Union,positive,0.8648
The purpose of this study was to develop teaching material to promote student s scientific literacy through blended teaching material on junior high school This teaching material was developed using the ADDIE design Having analysed and designed steps the online teaching material draft was then validated by five experts and twenty science teachers Furthermore the teaching material about the earth s atmosphere implemented to 38 junior high school students Data collection uses scientific literacy tests observation and questionnaires The analysis of data was carried out descriptive quantitative The results showed that the teaching material has been valid based on the result of five experts and twenty teachers assessing The teaching material on earth s atmosphere was able to promote students scientific literacy in terms of students to identify atmospheric issues in life make conclusions based on evidence and understand of the concepts Students also expressed satisfaction with the content and presentation of teaching material Keywords scientific literacy teaching material earth atmosphere blended learning DOI 10 7176 JEP 11 17 05 Publication date June 30th 2020,positive,0.9787
Abstract The GEOS Chem global chemical transport model CTM used by a large atmospheric chemistry research community has been re engineered to also serve as an atmospheric chemistry module for Earth system models ESMs This was done using an Earth System Modeling Framework ESMF interface that operates independently of the GEOS Chem scientific code permitting the exact same GEOS Chem code to be used as an ESM module or as a stand alone CTM In this manner the continual stream of updates contributed by the CTM user community is automatically passed on to the ESM module which remains state of science and referenced to the latest version of the standard GEOS Chem CTM A major step in this re engineering was to make GEOS Chem grid independent i e capable of using any geophysical grid specified at run time GEOS Chem data sockets were also created for communication between modules and with external ESM code The grid independent ESMF compatible GEOS Chem is now the standard version of the GEOS Chem CTM It has been implemented as an atmospheric chemistry module into the NASA GEOS 5 ESM The coupled GEOS 5 GEOS Chem system was tested for scalability and performance with a tropospheric oxidant aerosol simulation 120 coupled species 66 transported tracers using 48 240 cores and message passing interface MPI distributed memory parallelization Numerical experiments demonstrate that the GEOS Chem chemistry module scales efficiently for the number of cores tested with no degradation as the number of cores increases Although inclusion of atmospheric chemistry in ESMs is computationally expensive the excellent scalability of the chemistry module means that the relative cost goes down with increasing number of cores in a massively parallel environment,positive,0.9959
For a drought prone agricultural nation such as Australia hydro meteorological imbalances and increasing demand for water resources are immensely constraining terrestrial water reservoirs and regional scale agricultural productivity Two important components of the terrestrial water reservoir i e streamflow water level SWL and soil moisture SM are imperative both for agricultural and hydrological applications Forecasted SWL and SM can enable prudent and sustainable decisionmaking for agriculture and water resources management To feasibly emulate SWL and SM machine learning data intelligent models are a promising tool in today s rapidly advancing data science era Yet the naturally chaotic characteristics of hydro meteorological variables that can exhibit non linearity and non stationarity behaviors within the model dataset is a key challenge for non tuned machine learning models Another important issue that could confound model accuracy or applicability is the selection of relevant features to emulate SWL and SM since the use of too fewer inputs can lead to insufficient information to construct an accurate model while the use of an excessive number and redundant model inputs could obscure the performance of the simulation algorithm,positive,0.9549
This research thesis focusses on the development of hybridized dataintelligent models in forecasting SWL and SM in the upper layer surface to 0 2 m and the lower layer 0 2 1 5 m depth within the agricultural region of the Murray Darling Basin Australia The SWL quantifies the availability of surface water resources while the upper layer SM or the surface SM is important for surface runoff evaporation and energy exchange at the Earth Atmospheric interface The lower layer or the root zone SM is essential for groundwater recharge purposes plant uptake and transpiration This research study is constructed upon four primary objectives designed for the forecasting of SWL and SM with subsequent robust evaluations by means of statistical metrics in tandem with the diagnostic plots of observed and modeled datasets,positive,0.9295
The first objective establishes the importance of feature selection or optimization in the forecasting of monthly SWL at three study sites within the Murray Darling Basin Artificial neural network ANN model optimized with iterative input selection IIS algorithm named IIS ANN is developed whereby the IIS algorithm achieves feature optimization The IIS ANN model outperforms the standalone models and a further hybridization is performed by integrating a nondecimated and advanced maximum overlap discrete wavelet transformation MODWT technique The IIS selected inputs are transformed into wavelet subseries via MODWT to unveil the embedded features leading to IIS W ANN model The IIS W ANN outperforms the comparative IIS W M5 Model Tree IIS based and standalone models,positive,0.9902
In the second objective improved self adaptive multi resolution analysis MRA techniques ensemble empirical mode decomposition EEMD and complete ensemble empirical mode decomposition with adaptive noise CEEMDAN are utilized to address the non stationarity issues in forecasting monthly upper and lower layer soil moisture at seven sites The SM time series are decomposed using EEMD CEEMDAN into respective intrinsic mode functions IMFs and residual components Then the partial auto correlation function based significant lags are,positive,0.9948
utilized as inputs to the extreme learning machine ELM and random forest RF models The hybrid EEMD ELM yielded better results in comparison to the CEEMDAN ELM EEMD RF CEEMDAN RF and the classical ELM and RF models,negative,0.0556
Since SM is contingent upon many influential meteorological hydrological and atmospheric parameters for the third objective sixty predictor inputs are collated,positive,0.9234
in forecasting upper and lower layer soil moisture at four sites An ANN based ensemble committee of models ANN CoM is developed integrating a two phase feature optimization via Neighborhood Component Analysis based feature selection algorithm for regression fsrnca and a basic ELM The ANN CoM shows better predictive performance in comparison to the standalone second order Volterra M5 Model Tree RF and ELM models,positive,0.8681
In the fourth objective a new multivariate sequential EEMD based modelling is developed The establishment of multivariate sequential EEMD is an advancement,positive,0.9474
of the classical single input EEMD approach achieving a further methodological improvement This multivariate approach is developed to allow for the utilization of,positive,0.7781
multiple inputs in forecasting SM The multivariate sequential EEMD optimized with cross correlation function and Boruta feature selection algorithm is integrated with the ELM model in emulating weekly SM at four sites The resulting hybrid multivariate sequential EEMD Boruta ELM attained a better performance in comparison with the multivariate adaptive regression splines MARS counterpart EEMD Boruta MARS and standalone ELM and MARS models,negative,0.3921
The research study ascertains the applicability of feature selection algorithms integrated with appropriate MRA for improved hydrological forecasting Forecasting at shorter and near real time horizons i e weekly would help reinforce scientific tenets in designing knowledge based systems for precision agriculture and climate change adaptation policy formulations,positive,0.9762
Specialists in several branches of life sciences are trying to solve piece by piece the immensely complex puzzle of the origin of life Some parts of the puzzle seem to appear with a rather high degree of clarity while others remain totally obscure We cannot be sure that life emerged only on our Earth but we believe that the presence of large amounts of water in its liquid state is absolutely essential for the emergence and evolution of living matter We can also assume that the latter exploits everywhere the same light elements mainly C H O N S and P and somehow manipulates the same simple monomeric and polymeric organic compounds such as alpha amino acids carbohydrates nucleic bases and surface active carboxylic acids The author contributes to the field by stating that all fundamental particles of our matter are homochiral and predominantly produce in an absolute asymmetric synthesis amino acids of L configuration and carbohydrates of D series Another important point is that free atmospheric oxygen mainly stems from the photolysis of water molecules by cosmic irradiation and is not necessarily bound to living organisms on the planet,positive,0.9962
The lack of observations over vast tropical oceans is a major challenge for tropical cyclone research Satellite observations and model reanalysis data play an important role in filling these gaps Established in the mid 1980s the Goddard Earth Sciences Data and Information Services Center GES DISC as one of the 12 NASA data centers archives and distributes data from several Earth science disciplines such as precipitation atmospheric dynamics atmospheric composition and hydrology including well known NASA satellite missions e g TRMM GPM and model assimilation projects MERRA 2 Acquiring datasets suitable for tropical cyclone research in a large data archive is a challenge for many especially for those who are not familiar with satellite or model data Over the years the GES DISC has developed user friendly data services For example Giovanni is an online visualization and analysis tool allowing users to visualize and analyze over 2000 satellite and model based variables with a Web browser without downloading data and software In this chapter we will describe data and services at the GES DISC with emphasis on tropical cyclone research We will also present two case studies and discuss future plans,positive,0.9992
The influence of deep convection on water vapor in the Tropical Tropopause Layer TTL the region just below the high sim 18 km cold tropical tropopause remains an outstanding question in atmospheric science Moisture transport to this region is important for climate projections because it drives the formation of local cirrus ice clouds which have a disproportionate impact on the Earth s radiative balance Deep cumulus towers carrying large volumes of ice are known to reach the TTL but their importance to the water budget has been debated for several decades We show here that profiles of the isotopic composition of water vapor can provide a quantitative estimate of the convective contribution to TTL moistening Isotopic measurements from the ACE satellite instrument in conjunction with ice loads inferred from CALIOP satellite measurements and simple mass balance modeling suggest that convection is the dominant source of water vapor in the TTL up to near tropopause altitudes The relatively large ice loads inferred from CALIOP satellite measurements can be produced only with significant water sources and isotopic profiles imply that these sources are predominantly convective ice Sublimating ice from deep convection appears to increase TTL cirrus by a factor of several over that expected if cirrus production were driven only by large scale uplift sensitivity analysis implies that these conclusions are robust for most physically reasonable assumptions Changes in tropical deep convection in future warmer conditions may thus provide an important climate feedback,positive,0.9979
Jupiter s Galilean satellite Io is one of the most remarkable objects in our Solar System The tidal heating Io undergoes through its orbital resonance with Europa and Ganymede has resulted in a body rich in active silicate volcanism Over the past decades Io has been observed from ground based and Earth orbiting telescopes and by several spacecraft In this review we summarize the progress made toward our understanding of the physical and chemical processes related to Io and its environment since the Galileo era Io science has been revolutionized by the use of adaptive optics techniques on large 8 to 10 m telescopes The resultant ever increasing database mapping the size style and spatial distribution of Io s diverse volcanoes has improved our understanding of Io s interior structure its likely composition and the tidal heating process Additionally new observations of Io s atmosphere obtained with these large optical infrared telescopes and the Atacama Large Millimeter submillimeter Array reveal the presence of volcanic plumes the at times near collapse of Io s atmosphere during eclipse and the interactions of plumes with the sublimation atmosphere Extensive new data sets of Io at ultraviolet mid to near infrared and radio wavelengths have been gathered since the Galileo era New data and models inform us about tidal heating surface properties and magma composition across Io although key questions remain Atmospheric observations indicate a dominant sublimation supported component and reinforce the presence of stealth volcanism Observations of volcanic plumes show high gas velocities up to 1 km s and their effect on Io s atmosphere Expected final online publication date for the Annual Review of Earth and Planetary Sciences Volume 49 is May 2021 Please see http www annualreviews org page journal pubdates for revised estimates,positive,0.9967
As both Jane Bennett and William Connolly have argued time is an ever present reference point for climate action and for the Anthropocene The era is characterized by temporal thresholds and tipping points as well as historic junctures that indicate a radical shift in geo bio and atmospheric processes In the context of prevailing narratives of late planetary capitalism and the Anthropocene we the Western anti heroes of planetary destruction have a problem with time Namely we are running out of it or have already arrived at our last best chance or we have already passed the threshold and it has become too late In the face of this crisis of time Bennett writes there is a presumption that the necessary response is one of immediate action The kind of action that perhaps follows the science to institute transformative political change in which a uniquely human and sovereign power takes action in a field or spatial locale that is not itself considered to have a comparable kind of efficacy Bennett this special issue In this reflection on Bennett and Connolly s work I consider the temporal dimensions of political subjectivity and action in the Anthropocene In conversation with my own work in the science of jellyfish research I consider what it might mean to take seriously the heterogeneous temporalities Connolly this special issue that constitute the earth as an abstract machine I follow Bennett s line of questioning to ask after the kinds of action appropriate to a plurality of geographies and temporalities Ultimately I argue that taking heterogeneous temporalities seriously will require new forms and methods of inquiry scientific and otherwise,negative,0.1394
This study explores the impact of the exosphere hydrogen H density on the ionosphere plasmasphere system using a model whose key inputs are constrained by ionosphere observations at both ends of the magnetic field line with an L value of 1 75 in the American longitudinal sector during a period with low solar and magnetic activities This study is the first to be validated by ground based and satellite data in the plasmasphere and both hemispheres The main finding is that the entire ionosphere plasmasphere system is very sensitive to the neutral hydrogen density in the lower exosphere It was found that an increase in the H density by a factor of 2 75 from the commonly accepted values was necessary to bring the simulated plasma density into satisfactory agreement with Arase satellite measurements in the plasmasphere and also with DMSP satellite measurements in the topside ionospheres of the northern and southern hemispheres A factor of 2 75 increase in the H density increases the simulated plasma density in the afternoon plasmasphere up to 80 and in the nighttime topside ionosphere up to 100 These results indicate prominently that using the commonly accepted empirical model of the H density causes unacceptable errors in the simulated plasma density of the near Earth plasma shells We alert the space science community of this problem,positive,0.8929
The apparent youthfulness of Venus surface features given a lack of plate tectonics is very intriguing however longduration seismic observations are essentially impossible given the inhospitable surface of Venus The Venus Airglow Measurements and Orbiter for Seismicity VAMOS mission concept uses the fact that the dense Venusian atmosphere conducts seismic vibrations from the surface to the airglow layer of the ionosphere as observed on Earth Similarly atmospheric gravity waves have been observed by the European Venus Express s Visible and Infrared Thermal Imaging Spectrometer VIRTIS instrument Such observations would enable VAMOS to determine the crustal structure and ionospheric variability of Venus without approaching the surface or atmosphere Equipped with an instrument of modest size and mass the baseline VAMOS spacecraft is designed to fit within an ESPA Grande form factor and travel to Venus predominantly under its own power Trade studies have been conducted to determine mission architecture robustness to launch and rideshare opportunities The VAMOS mission concept was studied at JPL as part of the NASA Planetary Science Deep Space SmallSat Studies PSDS3 program which has not only produced a viable and exciting mission concept for a Venus SmallSat but has also examined many issues facing the development of SmallSats for planetary exploration such as SmallSat solar electric propulsion autonomy telecommunications and resource management that can be applied to various inner solar system mission architectures,negative,0.3942
In December 1968 during its annual meeting the American Association for the Advancement of Science convened a symposium on the Global Effects of Environmental Pollution In the words of the organizer of this symposium Mr S Fred Singer the purposes were to discuss the worldwide effects which may arise from local pollution and to try to uncover if possible hitherto unsuspected effects which might have serious consequence The symposium papers have been augmented here by some additional invited papers and by introductions to each set of papers The book is not as comprehensive as the title suggests many aspects of environmental pollution are not discussed e g thermal pollution of air and water from the conversion of energy by the combustion of fossil fuels Information about environmental pollution is divided into four parts 1 chemical balance of gases in the earth s atmosphere 2 nitrogen compounds in soil water atmosphere and precipitation 3 effects of atmospheric pollution on climate and 4 worldwide ocean pollution by toxic wastes It is apparent from this classification that the primary focus of these papers is the atmospheric sciences The discussions of the balance of oxygen and of carbon dioxide in the earth s atmosphere are particularly well done This book should interest all students of human ecology as it provides much factual material about some of the present problems of environmental pollution Although much of the material presented is very technical the papers are easy to read and to understand but those who are looking for proposed solutions to current pollution problems may be disappointed in the book because such proposals are lacking This is a book that should find its way into the library of all scientists It is well written and the brief concluding chapter entitled Some Unsolved Problems A Panel Discussion is particularly provocative ERIC W MOOD,positive,0.9849
This perspective overviews the requirements to operate air breathing electric propulsion ABEP systems in low altitude orbits We highlight the needed scientific advancements to realize these technologies including innovations at the intersection of electric propulsion gas dynamics air chemistry and material science In addition we describe specific scientific and technological challenges that constrain the operation of ABEP systems These include the collection and compression of atmospheric propellant producing enough thrust to counteract drag generating and sustaining plasmas satisfying the power requirements to maintain orbit operating with minimal flow rates of propellant passivating materials and understanding the effects of air chemistry Finally we offer an outlook on the future of ABEP systems and how they can influence the optimization efficiency and capabilities of future missions in very low Earth orbit,positive,0.7505
The Korea Aerospace Research Institute launched KOMPSAT 5 on August 22 2013 and has been operating for 10 years KOMPSAT 5 has SAR Synthetic Aperture Radar for earth observation missions and collects data necessary for earth atmosphere analysis through GNSS RO Radio Occultation receivers RO data can be used for numerical weather forecast model based on temperature pressure and humidity by calculating the vertical distribution of atmospheric information As a part of the Korea US science and technology cooperation KARI has been providing RO data of KOMPSAT 5 to the United States NOAA National Oceanic and Atmospheric Administration in near real time since 2018 To this end KARI receives telemetry data from the satellite about 12 times a day using 3 ground stations from Daejeon Alaska in the U S and Sodankyla in Finland The pre processed data is being provided to both the UCAR University Corporation for Atmospheric Research in the U S and the KASI Korea Astronomy and Space Science Institute In this paper radio occlusion data of KOMPSAT 5 is introduced and system configuration operation concepts for providing near real time data and its application are also presented,positive,0.9954
Atmospheric Chemistry and Physics Open Access Atmos Chem Phys 14 3063 3064 2014 www atmos chem phys net 14 3063 2014 doi 10 5194 acp 14 3063 2014 Author s 2014 CC Attribution 3 0 License Corrigendum to Aerosol impacts on California winter clouds and precipitation during CalWater 2011 local pollution versus long range transported dust published in Atmos Chem Phys 14 81 101 2014 J Fan 1 L R Leung 1 P J DeMott 2 J M Comstock 1 B Singh 1 D Rosenfeld 3 J M Tomlinson 1 A White 4 K A Prather 5 P Minnis 6 J K Ayers 7 and Q Min 8 1 Climate Physics Pacific Northwest National Laboratory Richland WA 99352 USA of Atmospheric Science Colorado State University Fort Collins CO 80523 USA 3 Institute of Earth Sciences The Hebrew University of Jerusalem Jerusalem 91904 Israel 4 NOAA ESRL R PSD2 325 Broadway Boulder CO 80305 USA 5 Department of Chemistry and Biochemistry Scripps Institution of Oceanography University of California San Diego La Jolla CA 92093 0314 USA 6 NASA Langley Research Center LaRC Hampton VA USA 7 Science Systems and Applications Incorporated Hampton VA USA 8 Atmospheric Sciences Research Center State University of New York at Albany Albany NY 12203 USA 2 Department Correspondence to J Fan jiwen fan pnnl gov In the paper Aerosol impacts on California winter clouds and precipitation during CalWater 2011 local pollution ver sus long range transported dust by J Fan et al wrong ver sions of Fig 8 and Fig 12 were published Please find the correct figures below Fig 8 Total rain blue and snow red mass concentrations at the lowest model level 50 m above terrain height summed over the domain 2 and during the day 00 00 23 00 UTC from all the simulations shown in x axis for a FEB16 and b MAR02 Published by Copernicus Publications on behalf of the European Geosciences Union,negative,0.088
This chapter explores the key carbon compounds that shaped the Archean biogeochemical cycle delineating their substantial impact on Earth s primordial atmospheric and biospheric evolution At the heart of the Archean carbon cycle were carbon dioxide and methane which served as key regulators of Earth s early climate Particular emphasis is placed on methane cycling encompassing both abiotic methane production and consumption as well as their biotic counterparts methanogenesis and methanotrophy These ancient microbial pathways not only shaped methane fluxes but were also tightly interwoven with Earth s evolving redox state We provide a comprehensive exploration of the intertwined evolution of Earth s geochemical environment and microbial life The interdisciplinary approach of this chapter not only sheds light on the complex dynamics of Earth s early methane cycling but also offers critical insights that could inform the search for life beyond our planet thereby marking a contribution to Earth sciences astrobiology and related fields,positive,0.9962
The Giant Magellan Telescope GMT design consists of seven circular 8 4 m diameter mirrors together forming a single 25 4 m diameter primary mirror This large aperture and collecting area can help extreme adaptive optics ExAO systems such as GMT s GMagAO X achieve the small angular resolutions and contrasts required to image habitable zone earth like planets around late type stars and possibly lead to the discovery of life outside of our solar system However the GMT primary mirror segments are separated by large 30 cm gaps creating the possibility of fluctuations in optical path differences piston due to flexure segment vibrations wind buffeting temperature effects and atmospheric seeing In order to utilize the full diffraction limited aperture of the GMT for high contrast natural guide star adaptive optics NGSAO science the seven mirror segments must be co phased to well within a fraction of a wavelength The current design of the GMT involves seven adaptive secondary mirrors a slow 0 03 Hz off axis dispersed fringe sensor part of the Acquisition Guiding and Wavefront Sensing System s AGWS active optics off axis guider and a pyramid wavefront sensor PyWFS part of the Natural Guide star Wavefront Sensor NGWS adaptive optics to measure and correct the total path length between segment pairs but these methods have yet to be tested end to end in a lab environment We present the design and working prototype of a GMT High Contrast adaptive Optics phasing Testbed p HCAT which leverages the existing MagAO X ExAO instrument to demonstrate segment phase sensing and simultaneous AO control for high contrast GMT natural guide star science i e testing the NGWS wavefront sensor WFS architecture We present the first test results of closed loop piston control with one GMT segment using MagAO X s PyWFS with and without simulated atmospheric turbulence We show that the PyWFS was able to successfully control segment piston without turbulence within 12 33 nm RMS for 0 λ D 5 λ D modulation but was unsuccessful at controlling segment piston with generated 0 6 arcsec median seeing conditions at the GMT site and 1 2 arcsec seeing turbulence due to non linear modal cross talk and poor pixel sampling of the segment gaps on the PyWFS detector These results suggest that a PyWFS alone is not an ideal piston sensor for the GMT and likely the TMT and ELT Hence a dedicated second channel piston sensor is required We report the success of an alternate solution to control piston using a novel Holographic Dispersed Fringe Sensor HDFS while controlling all other modes with the PyWFS purely as a slope sensor piston mode removed This second channel WFS method worked well to control segment piston to within 50 nm RMS and 10μm dynamic range under simulated 0 6 arcsec atmospheric seeing median seeing conditions at the GMT site These results led to the inclusion of the HDFS as the official second channel piston sensor for the GMT NGWS WFS This HDFS PyWFS architecture should also work well to control piston petal modes on the ELT and TMT telescopes,positive,0.5951
Abstract With semiconductor technology gradually approaching its physical and thermal limits recent supercomputers have adopted major,negative,0.3026
architectural changes to continue increasing the performance through more,positive,0.8036
power efficient heterogeneous many core systems Examples include Sunway,positive,0.8529
TaihuLight that has four management processing elements MPEs and 256,positive,0.793
computing processing elements CPEs inside one processor and Summit that has,positive,0.9035
two central processing units CPUs and six graphics processing units GPUs,positive,0.837
inside one node Meanwhile current high resolution Earth system models that,positive,0.7505
desperately require more computing power generally consist of millions of,negative,0.0926
lines of legacy code developed for traditional homogeneous multicore,positive,0.5586
processors and cannot automatically benefit from the advancement of,positive,0.9668
supercomputer hardware As a result refactoring and optimizing the legacy,negative,0.3727
models for new architectures become key challenges along the road of taking,positive,0.95
advantage of greener and faster supercomputers providing better support for,negative,0.4546
the global climate research community and contributing to the long lasting,positive,0.8483
societal task of addressing long term climate change This article reports,positive,0.959
the efforts of a large group in the International Laboratory for,positive,0.6587
High Resolution Earth System Prediction iHESP that was established by the,positive,0.8737
cooperation of Qingdao Pilot National Laboratory for Marine Science and,positive,0.8621
Technology QNLM Texas A M University TAMU and the National Center for,positive,0.8396
Atmospheric Research NCAR with the goal of enabling highly efficient,positive,0.976
simulations of the high resolution 25 km atmosphere and 10 km ocean,positive,0.9969
Community Earth System Model CESM HR on Sunway TaihuLight The refactoring,positive,0.9355
and optimizing efforts have improved the simulation speed of CESM HR from 1 SYPD simulation years per day to 3 4 SYPD with output disabled and,negative,0.1218
supported several hundred years of pre industrial control simulations With,positive,0.6346
further strategies on deeper refactoring and optimizing for remaining,positive,0.931
computing hotspots as well as redesigning architecture oriented,positive,0.7235
algorithms we expect an equivalent or even better efficiency to be gained on the,negative,0.2671
new platform than traditional homogeneous CPU platforms The refactoring and,positive,0.8545
optimizing processes detailed in this paper on the Sunway system should have,positive,0.9074
implications for similar efforts on other heterogeneous many core systems,positive,0.578
such as GPU based high performance computing HPC systems,positive,0.5698
This article is a reflection on my career in Earth remote sensing and its evolution from an early childhood love of nature I recount the influence of key people along the way to my development as an atmospheric scientist and ultimately to my role as senior project scientist of NASA s Earth Observing System one of the largest science program in the world in the 1990s and 2000s Special focus is on unexpected encounters and opportunities to learn and explore and ultimately to play a role in the remote sensing of aerosol and cloud properties from the ground aircraft and satellites A major focus of much of my research at NASA Goddard Space Flight Center was on the development and exploitation of the Moderate Resolution Imaging Spectroradiometer that ultimately flew on NASA s Terra and Aqua satellites As a participant on this science team I had the opportunity to learn from and collaborate with biological oceanographers atmospheric scientists and terrestrial ecologists and ultimately to publish in each of these areas far more than my basic academic home,negative,0.089
The greenhouse effect is the best most fully established theory in atmospheric science It is this well understood greenhouse effect that keeps the Venus surface hot enough to bake potatoes out in the open while the lack of all but a very thin greenhouse makes the Martian surface resemble a very effective commercial deep freeze Scientists predicted these temperatures with models before spacecraft measured them The same models predict a warming for the Earth of between 3 and 4 degrees C by 2030,positive,0.907
We understood radiative transfer very well The theory is based on sound physics and as far as we know there is no antidote within the natural Earth system except ofcourse to remove the gases from the atmosphere again This is a very costly process such a costly antidote to warming is not in my opinion something which we are likely to see,positive,0.9927
Weijun Li Lei Liu Qi Yuan Liang Xu Yanhong Zhu Bingbing Wang Hua Yu Xiaokun Ding Jian Zhang Dao Huang Dantong Liu Wei Hu Daizhou Zhang Pingqing Fu Maosheng Yao Min Hu Xiaoye Zhang Zongbo Shi Department of Atmospheric Sciences School of Earth Sciences Zhejiang University Hangzhou 310027 China State Key Laboratory of Marine Environmental Science College of Ocean and Earth Sciences Xiamen University Xiamen 361102 China College of Life and Environmental Sciences Hangzhou Normal University 310036 Hangzhou China Department of Chemistry Zhejiang University Hangzhou 310027 China Institute of Surface Earth System Science Tianjin University 300072 Tianjin China Faculty of Environmental and Symbiotic Sciences Prefectural University of Kumamoto Kumamoto 862 8502 Japan State Key Joint Laboratory of Environmental Simulation and Pollution Control College of Environmental Sciences and Engineering Peking University Beijing 100871 China Key Laboratory of Atmospheric Chemistry Chinese Academy of Meteorological Sciences Beijing,positive,0.9991
Atmospheric observatories in the remote areas represent the primary infrastructure for the state of the art meteorological and climate research and play a crucial role in Climate Change comprehension However the World Meteorological Organization Global Atmosphere Watch WMO GAW states in their 2018 final report that the fate of the next generation of monitoring stations will be dramatically modified by the breakthroughs of new low cost sensor LCS technologies The development and improvement of low cost technologies are proving notable applications and today LCSs are already playing a crucial role in fields such as model or emission validation and spatial variability of pollution 1 Upcoming earth observation programmes applications services and support in citizen inclusion in earth monitoring are pushing the European Union EU in funding R D to assess low cost technologies thus making the introduction of basic and applied research imperative,positive,0.8921
PIONEER aims at establishing a low cost wireless sensor network LCS WSN for the study of transboundary transport phenomena of air pollutants Given its highly relevance for the Earth climate ecosystems and human health primary endeavor will be directed towards the study of tropospheric ozone to obtain quantitative reproducible in situ measurements Tropospheric ozone is one of the most important atmospheric gases involved in photochemical reactions 2 it plays a central role in the radiative budget of the atmosphere and it is the third greenhouse gas in the troposphere 3 Also surface ozone is a dangerous secondary pollutant causing harm to human health and ecosystems 4 Since the troposphere is a very complex system the goal is to develop and deploy a reliable LCS WSN along the trail Munich Venice to be used by scientists as well as citizen engineers in remote areas where the needs of reliable dense spatial data to model the transport phenomena and Climate Change effects is decisive,positive,0.9953
PIONEER will exploit the existing open source technologies and commercial low cost sensors to provide a LCS WSN systems for long term climate data collection a cloud assisted database for time series collection and management a web portal for uploading displaying performing statistical analysis and downloading records and metadata in a fully open access fashion a comprehensive open source repository with tools guidelines and application developed The software will be open source and released under copyleft license thus allowing the complete reproducibility of all the developed devices and tools,positive,0.9979
Individual Global Fellowships granted by the Research Executive Agency,positive,0.7469
Grant Agreement number 844526 PIONEER H2020 MSCA IF 2018,positive,0.7661
1 Lewis Alastair W Richard Peltier and Erika von Schneidemesser Low cost sensors for the measurement of atmospheric composition overview of topic and future applications 2018,positive,0.9833
2 Crutzen P J Lawrence M G Poschl U On the background photochemistry of tropospheric ozone Tellus AB 51 123 146 1999,negative,0.0638
3 Forster Piers et al Changes in atmospheric constituents and in radiative forcing Chapter 2 Climate Change 2007 The Physical Science Basis 2007,positive,0.9657
4 Cooper Owen R et al Global distribution and trends of tropospheric ozone An observation based review 2014,positive,0.9259
5 Young P J et al Pre industrial to end 21st century projections of tropospheric ozone from the Atmospheric Chemistry and Climate Model Intercomparison Project ACCMIP Atmospheric Chemistry and Physics 13 4 2013 2063 2090,positive,0.8722
In recent times Satellite technology evolution and data based technology manipulation are made essential for real time tracking and monitoring This project relies on collecting real time data by designing a small nanosatellite popularly named Cube Shaped Satellite CubeSat This satellite is a demonstration for low earth orbit Since this CubeSat design is a framework of atmospheric environmental monitoring which includes sensors for parameters include temperature position and location of satellite air condition pressure monitoring The pressure at altitudes can be tolerated with different materials based on requirement These sensors are connected through a mini microcontroller and can be accessed easily Instead of metallic cube boxes either use polymers or graphite The project provides low cost and student friendly approach whereas we can access them remotely with the help of a drone Here the nano satellite is for student supportive and research purposes where the goal is to capture process and acquire geographical data After the complete CubeSat designing and testing it can be integrated with advanced systems that can provide efficient result work as a part of engineering and data science in real time Also this project will explore the students and engineers to acquire valuable data in different low earth orbiting altitudes,negative,0.1359
Coupled ocean atmosphere models still suffer from systematic biases in simulating the sea surface temperature SST in the equatorial Pacific Like in many current generations of climate models the Chinese Academy of Sciences CAS Earth System Model CAS ESM2 0 simulated warmer SST in the eastern Pacific and colder SST in the central to western Pacific at the equator We analyzed the physical processes causing these biases We find that model biases in surface heat flux are a consequence not the cause of the SST bias Ocean currents are implicated as the cause The biases in ocean currents come from both the ocean model itself and the bias in surface winds in the atmospheric model We show that the bias of ocean currents in the standalone ocean model causes warming in the region of positive precipitation bias in the standalone atmospheric model When the two models are coupled the precipitation bias is greatly amplified Anomalous equatorial winds as atmospheric Rossby gravity wave response to precipitation induce additional bias in ocean currents that transport heat in the upper ocean The cold equatorial SST bias in the central and western Pacific is found to be due to temperature advection by the anomalous zonal currents while the warm bias in the eastern Pacific is due to advection by the anomalous zonal and meridional currents as well as downwelling Results from the analysis offer insights into the causes of the SST biases in coupled models in the equatorial Pacific,positive,0.8154
Abstract In this study various ice particle habits are investigated in conjunction with inferring the optical properties of ice clouds for use in the Global Change Observation Mission Climate GCOM C satellite programme We develop a database of the single scattering properties of five ice habit models plates columns droxtals bullet rosettes and Voronoi The database is based on the specification of the Second Generation Global Imager SGLI sensor on board the GCOM C satellite which is scheduled to be launched in 2017 by the Japan Aerospace Exploration Agency A combination of the finite difference time domain method the geometric optics integral equation technique and the geometric optics method is applied to compute the single scattering properties of the selected ice particle habits at 36 wavelengths from the visible to the infrared spectral regions This covers the SGLI channels for the size parameter which is defined as a single particle radius of an equivalent volume sphere ranging between 6 and 9000 µm The database includes the extinction efficiency absorption efficiency average geometrical cross section single scattering albedo asymmetry factor size parameter of a volume equivalent sphere maximum distance from the centre of mass particle volume and six nonzero elements of the scattering phase matrix The characteristics of calculated extinction efficiency single scattering albedo and asymmetry factor of the five ice particle habits are compared Furthermore size integrated bulk scattering properties for the five ice particle habit models are calculated from the single scattering database and microphysical data Using the five ice particle habit models the optical thickness and spherical albedo of ice clouds are retrieved from the Polarization and Directionality of the Earth s Reflectances 3 POLDER 3 measurements recorded on board the Polarization and Anisotropy of Reflectances for Atmospheric Sciences coupled with Observations from a Lidar PARASOL satellite The optimal ice particle habit for retrieving the SGLI ice cloud properties is investigated by adopting the spherical albedo difference SAD method It is found that the SAD is distributed stably due to the scattering angle increases for bullet rosettes with an effective diameter Deff of 10 µm and Voronoi particles with Deff values of 10 60 and 100 µm It is confirmed that the SAD of small bullet rosette particles and all sizes of Voronoi particles has a low angular dependence indicating that a combination of the bullet rosette and Voronoi models is sufficient for retrieval of the ice cloud s spherical albedo and optical thickness as effective habit models for the SGLI sensor Finally SAD analysis based on the Voronoi habit model with moderate particle size Deff 60 µm is compared with the conventional general habit mixture model inhomogeneous hexagonal monocrystal model five plate aggregate model and ensemble ice particle model The Voronoi habit model is found to have an effect similar to that found in some conventional models for the retrieval of ice cloud properties from space borne radiometric observations,positive,0.9864
The Oxygen Spectrometer for Atmospheric Science on a Balloon OSAS B is dedicated to the remote sounding of atomic oxygen in the mesosphere and lower thermosphere MLT region of Earth s atmosphere where atomic oxygen is the dominant species Quantitative radiometry of atomic oxygen via its visible and near infrared transitions has been difficult due to the complex excitation physics involved OSAS B is a heterodyne spectrometer for the thermally excited ground state transition of atomic oxygen at 4 75 THz It will enable spectrally resolved measurements of the line shape which in turn enables the determination of the concentration of atomic oxygen in the MLT Due to water absorption this line can only be observed from high altitude platforms such as a high flying airplanes balloons or satellites Recently the first spectrally resolved observation of the 4 75 THz line has been reported using a heterodyne spectrometer on SOFIA the Stratospheric Observatory for Infrared Astronomy 1 Compared to SOFIA a balloon borne instrument has the advantage of not being hampered by atmospheric water vapor absorption OSAS B will comprise a hot electron bolometer mixer and a quantum cascade laser as local oscillator in a combined helium nitrogen dewar A turning mirror will allow for sounding at different vertical inclinations The first flight of OSAS B is planned for autumn 2022 in the frame of the European HEMERA project 2,negative,0.4717
1 H Richter et al Direct measurements of atomic oxygen in the mesosphere and lower thermosphere using terahertz heterodyne spectroscopy accepted for publication in Communications Earth Environment 2021,positive,0.7454
2 https www hemera h2020 eu,positive,0.623
This paper presents the budget method of the Mars earth communication link The calculation models of Mars atmosphere loss Mars sandstorm loss solar scintillation loss earth atmosphere absorption rainfall loss and hot body noise are studied The propagation characteristics of electromagnetic waves in Mars atmosphere are analyzed and modeled by the characteristics of the propagation of analogous waves in the Earth s atmosphere Ultimately we found that the surface of the radio waves propagation environment is ideal with less attenuation loss Especially the calculate model of solar scintillation loss and rainfall loss is simulated and the simulation results are consistent with the actual statistical results which proves the rationality of the calculate model At last an example of Mars earth communication link budget is given With the procedure we can get one of the most important parameters of the link Carrier to Noise Ratio and we know the bit signal to noise ratio required by the right BER then the maximum code rate of the link can be got This paper has some reference to the design of Mars communication link Introduction In the process of Mars detection the deep space communication link is the link between the ground station and deep space probe only to ensure the smooth flow of communication links it may make the success of Mars exploration mission Because the communication distance of Mars Earth communication is long and the communication environment is bad the design of communication system will be restricted Only by studying the channel characteristics the system plan and optimize of the Mars earth communication link can be executed and the key of designing a communication system is link budget and channel simulation At the present stage the main research in deep space communication focused on the lunar earth communications and the moon surface communications and research on the Mars earth and Mars surface communication link budget is much less In literature 1 the launch cruise and EDL Entry Down Land of the Mars Science Laboratory are introduced systematically A more complete lunar earth communication link budget method is given in literature 2 In literature 3 4 the solar scintillation of Mars communication was studied deeply The radio propagation characteristics on the surface of Mars were studied in literature 5 and the calculation model of near earth space rainfall attenuation was given in literature 6 Literature 7 and 8 analysis the influence of the receiving antenna and cosmic noise on the communication performance This paper summarizes the above research results studies the Mars Earth communication link budget method and builds a link budget program with Microsoft Foundation Classes Communication Link Analysis Mars earth Communication Link There are two types of communication between Mars detectors and earth stations One is Direct to Earth DTE and the other is communication with earth stations through Mars relay satellites For the deep space transmission link we can divide it into three parts the near earth space propagation link the interplanetary space propagation link and the target star space propagation link We should consider the influence of the atmospheric and electromagnetic environments around the earth and the target star on the propagation of the signal The interstellar 7th International Conference on Education Management Computer and Medicine EMCM 2016 Copyright 2017 the Authors Published by Atlantis Press This is an open access article under the CC BY NC license http creativecommons org licenses by nc 4 0 Advances in Computer Science Research volume 59,negative,0.1416
As humanity prepares for prolonged space missions and future extraterrestrial settlements developing reliable and resilient food production systems is becoming a critical priority Space agriculture the cultivation of plants beyond Earth particularly on the Moon and Mars faces a constellation of interdependent environmental biological and engineering challenges These include limited solar radiation elevated ionizing radiation large thermal variability non Earth atmospheric pressures reduced gravity regolith substrates with low nutrient holding capacity high CO2 low O2 atmospheres pervasive dust constrained water and nutrient availability altered plant physiology and the overarching need for closed loop resource efficient systems These stressors create an exceptionally challenging environment for plant growth and require tightly engineered agricultural systems This review examines these constraints by organizing them across environmental differences resource limitations biological adaptation and operational demands emphasizing their systemic interdependence and the cascading effects that arise when one subsystem changes By integrating findings from planetary science plant biology space systems engineering biotechnology robotics and controlled environment agriculture CEA the review outlines current limitations and highlights emerging strategies such as regolith utilization advanced hydroponics crop selection and genetic engineering and the use of robotics sensors and artificial intelligence AI for monitoring and automation Finally the article underscores the broader relevance of space agriculture research for terrestrial food security in extreme or resource limited environments providing a structured foundation for designing resilient and sustainable agricultural systems for space exploration and beyond,positive,0.7545
Laurentide Ice Sheet basal temperatures at the Last Glacial Cycle as inferred from borehole data Carolyne Pickler1 Hugo Beltrami2 3 and Jean Claude Mareschal1 1GEOTOP Centre de Recherche en Géochimie et en Géodynamique Université du Québec à Montréal Canada 2Climate Atmospheric Sciences Institute and Department of Earth Sciences St Francis Xavier University Antigonish Nova Scotia Canada 3Centre ESCER pour l étude et la simulation du climat à l échelle régionale Université du Québec à Montréal Canada Correspondence to Hugo Beltrami hugo stfx ca,positive,0.9722
Research infrastructures available for researchers in environmental and Earth science are diverse and highly distributed dedicated research infrastructures exist for atmospheric science marine science solid Earth science biodiversity research and more These infrastructures aggregate and curate key research datasets and provide consolidated data services for a target research community but they also often overlap in scope and ambition sharing data sources sometimes even sites using similar standards and ultimately all contributing data that will be essential to addressing the societal challenges that face environmental research today Thus while their diversity poses a problem for open science and multidisciplinary research their commonalities mean that they often face similar technical problems and consequently have common requirements when addressing the implementation of best practices in curation cataloguing identification and citation and other related core topics for data science,positive,0.9913
Pre rifting volatile rich melts and asthenosphere influxes The alkalinecarbonatitic lamprophyres of the Southern Alps NE Italy F CASETTA1 R B ICKERT2 3 D F MARK3 C BONADIMAN1 P P GIACOMONI1 T NTAFLOS4 AND M COLTORTI1 1Department of Physics and Earth Science University of Ferrara Via Saragat 1 44121 Ferrara Italy correspondence cstfrc unife it 2Department of Earth Atmospheric and Planetary Sciences College of Science Purdue University 550 Stadium Mall Dr West Lafayette IN 47907 USA ickert purdue edu 3SUERC Scottish Enterprise Technology Park Rankine Av East Kilbride G75 0QF UK Darren Mark glasgow ac uk 4Department of Lithospheric Research Universitat Wien Althanstraße 14 UZA II 1090 Wien Austria theodoros ntaflos univie ac at,positive,0.9851
The environmental conditions on present day Mars are detrimental for life as we know it however cumulative evidence suggests that early Noachian Mars 4 billion Ga had a warmer climate with a denser atmosphere 1 capable of supporting surficial liquid water and providing protection from UV and cosmic radiation It is possible therefore that early Mars could have been hospitable for microorganisms,positive,0.9388
While cellular degeneration is a rapid process following cell death microorganisms do leave behind molecular clues as to their existence or biosignatures such as the lipid molecules that previously comprised their cell membranes Each group of microorganisms leaves behind a distinct lipid fingerprint that is relatively resistant to harsh environmental conditions and can be preserved over geological timescales 2,positive,0.9699
Various robotic and remote sensing missions have confirmed the presence of salt deposits e g chlorides sulfates at the late Noachian to late Hesperian 4 to 3 5 Ga boundaries of present day Martian deposits In particular bulk enrichments of calcium and magnesium sulfates have been reported in the Hesperian 3 3 3 7 Ga sedimentary rocks of Gale crater 3 which indicate the previous presence of widespread liquid water on Mars On Earth such salts have been found to harbour and protect microbial life for a prolonged period possibly over millions of years 4 thus evaporite sequences provide a compelling target for life detection as putative biosignatures could be preserved 5,negative,0.4639
Currently the beneficial or deleterious effects of sulfate chemistry on the preservation of organic matter especially under biologically destructive modern Martian conditions is not well constrained Given the prominent presence of sulfates on the surface of Mars this work explores whether sulfate minerals can act as viable substrates for the long term preservation of lipids when exposed to Mars like radiative and atmospheric conditions and aims to determine whether those signs of life can be explicitly detected,positive,0.8923
To carry out this work we use a combination of analogue fieldwork and laboratory based simulation studies Microorganisms isolated from a magnesium sulfate rich analogue site Basque Lake and other terrestrial early Mars analogues will be entombed within artificial sulfate crystals by evaporating an experimental brine under low atmospheric pressure and UV radiation similar to that encountered on the surface of Mars using The Open University s Mars chamber facility The lipids within the samples will be extracted and derivatized to make them amenable to by pyrolysis gas chromatography mass spectrometry py GC MS py GC MS is an important component of the Sample Analysis at Mars SAM instrument suite onboard NASA s Mars Science Laboratory MSL and of the Mars Organic Molecular Organizer MOMA on the ESA s Rosalind Franklin ExoMars rover This work will aid in characterizing the impacts of the simulated Martian environment and Martian mineralogy on the preservation and detection of lipid biomarkers within sulfitic evaporite deposits and will inform the robotic missions targeting the search for ancient signatures of life on Mars,negative,0.0266
References 1 Carr MH Head JW 2010 Earth and Planetary Science Letters 294 185 203 2 Luo G et al 2019 Earth Science Reviews 189 99 124 3 Rapin W et al 2019 Nature Geosciences 12 889 895 4 Fendrihan S et al 2006 Reviews in Environmental Science and Biotechnology 5 203 218 5 Johnson SS et al 2020 Astrobiology 2020 20 167 178,negative,0.0893
1 State Key Laboratory of Marine Environmental Science College of Ocean and Earth Sciences Xiamen University Xiamen China National Institute of Biology Marine Biology Station Piran Piran Slovenia Graduate School of Oceanography University of Rhode Island Narragansett RI United States National Oceanic and Atmospheric Administration NOAA Pacific Marine Environmental Laboratory Seattle WA United States Department of Oceanography Dalhousie University,positive,0.9727
The Martian Moon eXploration mission MMX currently developed by the Japan Aerospace Exploration JAXA will aim at studying Mars satellites and return samples from Phobos to decipher the history of the Martian system MMX mission is to be launched in September 2024 and arrive in Mars system on August 2025 will stay three years in Quasi Satellite Orbits QSO around Phobos and will land for several hours on Phobos to collect at least 10g of Phobos regolith before returning to Earth,positive,0.9557
Among the mission instrument suite is the near Infrared Spectrometer MIRS MMX InfraRed Spectrometer provided by CNES and built at LESIA Paris Observatory in collaboration with four other French laboratories LAB LATMOS LAM IRAP OMP and in close collaboration with JAXA and MELCO MIRS is an imaging spectrometer from 0 9 to 3 6 µm with a spectral resolution better than 20 nm The IFOV is 0 35 mrad and FOV of 1 65 The SNR is higher than 100 up to 3 2 µm in a maximum integration time less than 2s For Mars observation MIRS is expected to perform observations at 10 km spatial resolution with a spectral radiometric absolute and relative accuracies of 10 and 1 respectively,positive,0.7743
Given MIRS spectral range expected Signal to Noise ratio and observation windows a certain numbers of high priority targets have been set to achieve MMX goal of Constrain transport processes for dust and water near the Martian Surface continuous observations of the mid to low latitude distributions of dust storms ice clouds and water vapor in the Martian atmosphere Barucci et al 2021 Ogohara et al 2021 summarized in Table 1 Simulated spectra of Martian atmosphere as observed by MIRS are provided in Figure 1,negative,0.2793
Table 1 List of MIRS main science targets for Mars observations adapted from Barucci et al 2021,negative,0.2274
Target,positive,0.7124
Parameters,positive,0.7054
Spectral range,positive,0.7228
Ice cloud formation and evolution,positive,0.8051
Water ice,positive,0.7145
1 5 2 and 3 µm,negative,0.4992
Dust clouds storms formation and evolution,positive,0.9224
Dust,positive,0.7228
CO 2 band 2 7 µm,positive,0.6204
0 9 3 6 µm continuum,negative,0.357
Water cycle,positive,0.7145
H2O vapor,positive,0.7228
2 6 µm,positive,0.623
Atmospheric dynamics and composition,positive,0.7389
Surface pressure,positive,0.7149
CO 2 band 2 0 µm,negative,0.1718
CO,positive,0.7228
2 3 µm,positive,0.6208
Limb observations for middle atmosphere,positive,0.8393
O 2 day glow,positive,0.6083
1 27 µm,positive,0.6179
This study investigates the dynamics of the evening transition in the atmospheric boundary layer ABL diurnal cycle specifically the decay of the turbulent kinetic energy TKE taking place there Generally the TKE decay is assumed to follow the power law E t t α where E t and t are normalized TKE and normalized time respectively and the parameter α determines the decay rate,positive,0.6342
Two types of ABL numerical modeling are compared three dimensional large eddy simulation LES models and one dimensional Reynolds averaged Navier Stokes RANS models The evening transition is simulated through facilitating the formation of the convective boundary layer CBL by having a constant positive surface heat flux and the subsequent decay of the CBL when the surface heat flux is decreased,negative,0.0004
Several features of this process have been studied in relative depth in particular the TKE decay rate at different stages of the evening transition the sensitivity of the results to the domain size and the dynamics of the large and small scale turbulence during the transition period LES experiments with different setups were performed and the results were then compared to those obtained through RANS experiments based on the k epsilon model a two equation model for TKE and dissipation rate where model constants are chosen to allow for correct simulation of SBL main properties 1 as well as CBL growth rate 2,positive,0.8739
This study was funded by Russian Foundation of Basic Research within the project N 20 05 00776 and the grant of the RF President within the MK 1867 2020 5 project,negative,0.0123
1 Mortikov E V Glazunov A V Debolskiy A V Lykosov V N Zilitinkevich S S Modeling of the Dissipation Rate of Turbulent Kinetic Energy Doklady Earth Sciences 2019 V 489 2 P 1440 1443,negative,0.0404
2 Burchard H Applied Turbulence Modelling in Marine Waters Berlin Germany Springer 2002 P 57 59,positive,0.7952
Hyperspectral images are a unique source for obtaining many kinds of information about the Earth s surface Modern platforms support users to perform complex analyses with a collection of images without the use of any specialized software Google Earth Engine GEE is a planetary scale platform for Earth science data analysis Atmospheric radiometric and geometric corrections have been made on number of image collections at GEE While working with row data it is possible to use build in GEE function to filter data and create composites to get cloud score threshold and the percentile It is also possible to use custom algorithms for atmospheric corrections There are over 200 satellite image collections and modeled datasets Some collections have a spatial resolution of up to 10 meters GEE has the JavaScript online editor to create and verify code and Python API for advanced applications All that made GEE very convenient tool for different Earth monitoring projects Over the last decades there has been considerable progress in developing a machine learning methodology for a variety of Earth Science applications involving trace gases retrievals aerosol products land surface products vegetation indices fire and flood tracking ocean applications and many others In this report we will review basic GEE functions and practice some examples of successful applications and our experience in environmental monitoring,positive,0.6151
The 12th International School Seminar Satellite Methods and Systems for Earth Exploration took place in the town of Tarusa at the Intercosmos representative office of Space Research Institute of the Russian Academy of Sciences on March 21 25 2024 The main topics were devoted to various aspects of satellite methods of atmospheric and water objects studies Six sessions were held during which 6 lectures were delivered and 14 reports were made and a master class called Neural Networks in Earth Remote Sensing Tasks was conducted Researchers postgraduates and students from 14 scientific organizations and higher educational institutions took part in the School Conference For the first time students from the People s Republic of China attended the School Seminar Information about the program of the School Seminar including links to the presentations and the collection of materials can be found at http d33 infospace ru d33_conf tarusa2024 html,positive,0.6311
There is a multitude of wave like phenomena in Earth s ionosphere and thermosphere such as acoustic waves gravity waves planetary waves tides and Traveling Ionospheric Disturbances TIDs which are the ionospheric manifestation of atmospheric waves These phenomena are often difficult to study since measurements are typically irregular in time and space due to geographic constraints for deploying ground instruments and the natural orbital motion of satellites This frequently precludes Fourier methods such as the Fast Fourier Transform FFT from being used The Lomb Scargle Periodogram LSP provides FFT like analysis when measurements are irregular To our knowledge all prior use of the LSP in space science has been one dimensional This paper uses a N Dimensional extension of the LSP ND LSP to study traveling ionospheric disturbances in four dimensions on a quiescent day near solar minimum We use an exquisite dataset consisting of 12 ionosondes over Australia on June 29 2019 The ND LSP resolves the full 3 dimensional wave vector as well as the period for many discrete TIDs To the degree possible we validate our findings from ionosonde data processed with the ND LSP by using an FFT based method on line of sight TEC data from the same period and find similar wavelengths and periods for the large TIDs We show that TIDs occur preferentially near 70o elevation and could be missed or mischaracterized if using TEC data in the thin shell approximation,negative,0.0488
In this proceeding we present the development of the Optical Ground Support Equipment OGSE used for payload level testing of the Ariel space mission Ariel is an ESA mission that will use the transit spectroscopy method to observe the atmospheres of nominally 1000 exoplanets Ariel is a 1 m class cryogenic 40 K space telescope that will be placed in a halo orbit around the Earth Sun L2 point To detect atmospheric molecular absorption features Ariel will produce medium resolution spectra R 15 using three spectroscopic channels covering 1 1 7 9 μm as well as having photometric channels covering 0 5 1 1 μm To achieve Ariel s science goals the payload requires detailed calibration and performance verification The payload level performance verification of the Ariel payload will take place in 2026 in a 5 meter vacuum chamber at the Rutherford Appleton Laboratory s Space Instruments Test Facility The payload will be enclosed in a Cryogenic Test Rig CTR to provide a space like 35 K thermal environment and is illuminated by the OGSE The OGSE provides point as well as extended source illumination across Ariel s full wavelength range The OGSE design also includes a series of mechanisms and features to enable the various illumination conditions required to test Ariel Here we report design updates to the OGSE after a preliminary design review PDR Since PDR there have been substantial revisions to the OGSE architecture In this proceeding we describe the evolution of the OGSE architecture The updated OGSE design will then be presented,positive,0.9939
1 Massachusetts Institute of Technology Earth Atmospheric Planetary Sciences United States cyc mit edu 2 Department of Geology and Environmental Science University of Pittsburgh Pittsburgh PA USA 3 College of Earth Ocean and Atmospheric Sciences Oregon State University Corvallis OR USA 4 Department of Earth Sciences University of Minnesota Twin Cities Minneapolis MN USA 5 Instituto Pirenaico de Ecología CSIC Huesca Spain 6 Universidad Peruana Cayetano Heredia Lima Peru 7 Department of Biological Sciences Florida Institute of Technology Melbourne FL USA 8 Department of Geology Union College Schenectady NY USA,positive,0.9681
The eastern monsoon region of China characterised by its high population density and rapid economic development is particularly sensitive to global climate change Issues such as water scarcity droughts and floods as well as ecological and environmental degradation are particularly pronounced in this region Consequently there is a significant scientific imperative to investigate the land atmosphere carbon and hydrology interactions within this region It is imperative for enhancing the efficiency of water usage elucidating the evolutionary mechanisms of the carbon and hydrological cycles and evaluating ecological and environmental impacts In this context the present study introduces an integrated observation platform of the land atmosphere carbon hydrology interactions in the eastern monsoon region Ningxiang Station of the Institute of Atmospheric Physics Chinese Academy of Sciences and provides a long term 2012 2024 integrated observation data set of the land atmosphere carbon hydrology interactions The integrated observation data set comprises hourly basic meteorological elements half hourly flux data and half hourly groundwater depth data These continuous long term and high resolution data sets have been employed to investigate land atmosphere carbon hydrology interactions in the eastern monsoon region Furthermore the data set provides a critical foundation for the development of a new generation high resolution earth system models and for advancing understanding of the impacts and feedback mechanisms of natural processes and anthropogenic activities on water energy material exchanges and climate The complete data set is publicly accessible via the Science Data Bank https doi org 10 57760 sciencedb 20182,positive,0.9989
Los sistemas naturales y humanos de la Tierra soportan presiones dramaticas debido al cambio climatico Una gran cantidad de evidencia cientifica muestra que el cambio climatico es en parte causado por actividades antropogenicas El inicio de la revolucion industrial alrededor de 1750 intensifico la tasa de acumulacion de gases de efecto invernadero GEI en la atmosfera terrestre Este aumento de la concentracion de GEI en la atmosfera sin duda ha acelerado los cambios en el clima del planeta causando a su vez un aumento de las temperaturas globales del suelo los oceanos y el aire Este aumento de la temperatura global afecta notablemente a los sistemas naturales y humanos por igual Cientificos sectores interesados personalidades sociales y politicas han exigido a los gobiernos y otras organizaciones locales nacionales y supranacionales que acepten su responsabilidad y emprendan acciones decisivas para mitigar el cambio climatico y sus impactos Actualmente uno de los principales objetivos de la humanidad para minimizar o evitar desastres catastroficos relacionados con el clima es mantener el calentamiento global por debajo de los 2 C en comparacion con los niveles preindustriales En consecuencia la comunidad internacional ha respondido de diferentes maneras para mitigar y adaptarse a los impactos del cambio climatico Este articulo presenta un analisis de la literatura sobre la ciencia del cambio climatico y la respuesta politica global proporcionando ademas una descripcion del establecimiento de diferentes organizaciones cientificas y politicas clave destinadas a mitigar el cambio climatico,negative,0.4457
Abstract Earth s natural and human systems are enduring dramatic pressures due to climate change A great body of scientific evidence shows that climate change is in part caused by anthropogenic activities The start of the industrial revolution around 1750 intensified the rate of growth of GHGs concentration in Earth s atmosphere The increased atmospheric GHGs concentration has undoubtedly accelerated changes in Earth s climate which in turn caused an increase of global land ocean and air temperatures This global temperature rise is noticeably impacting natural and human systems alike Scientists stakeholders social and political personalities have demanded governments and other organizations at local national and supranational levels to accept their responsibility and undertake decisive actions to mitigate climate change and its impacts At present one of the main goals of humankind to minimize or avoid catastrophic climate related disasters is to keep earth s warming below 2 C compared to pre industrial levels In this context the international community has responded in different ways to mitigate and adapt to the impacts of climate change This paper presents a brief review of the literature of the science of climate change and the global political response Science and political response must go hand in hand to fight climate change and its impacts This paper also provides an account of the establishment of different key scientific and political organizations aimed to mitigate climate change,positive,0.9888
Palabras clave Cambio Climatico Ciencia Medioambiental Politica Medioambiental,positive,0.7228
Keywords Climate Change Environmental Science Environmental Policy,negative,0.1625
Geoengineering is commonly defined as the deliberate large scale manipulation of the planetary environment to counteract anthropogenic climate change Royal Society 2009 1 Technologies which might be deployed to attempt geoengineering are either speculative or only in the very early stages of development Those currently being considered fall into two main camps Carbon Dioxide Removal CDR techniques aim to decrease climate change by withdrawing significant amounts of carbon dioxide the main anthropogenic greenhouse gas from the atmosphere Proposed methods include direct air capture ocean fertilization enhanced weathering and large scale afforestation Solar Radiation Management SRM technologies endeavor to offset the warming effects of rising greenhouse concentrations by decreasing the amount of energy the Earth s surface receives from the Sun usually through increasing the planet s albedo i e its reflectivity In the early literature the techniques attracting most attention are spraying sulfate particles in the stratosphere stratospheric sulfate injection or SSI and marine cloud brightening MCB Other possibilities include making deserts oceans and roofs more reflective Despite their speculative nature discussion of geoengineering technologies is growing rapidly in science and policy circles Having for decades largely been dismissed as irrelevant or counterproductive to serious discussion some now advocate for geoengineering techniques as possible tools in the toolkit for future climate action This partial mainstreaming began in 2006 when Paul Crutzen a prominent atmospheric chemist argued that serious research was needed because of ongoing political inertia on reducing global emissions Crutzen 2006 Crutzen s focus was on stratospheric sulfate injection He stressed that SSI was by far not the best solution 212 and that the very best would be if emissions of the greenhouse gases could be reduced so much that the stratospheric sulfur release experiment would not need to take place 217 However he also insisted that currently this looks like a pious wish 217 Crutzen s intervention was controversial in the science community Nevertheless in the intervening decade or so discussion of geoengineering has developed at a considerable pace In particular a number of reports from scientific academies e g Royal Society 2009 National Research Council 2015 and policy institutes e g Bipartisan Policy Center 2011 FCEA 2018 have emerged Notably such reports typically remain cautious even skeptical about climate engineering emphasize the priority of,positive,0.9125
The Earth Polychromatic Imaging Camera EPIC onboard the Deep Space Climate Observatory DSCOVR spacecraft has enabled near global measurements of total ozone SO2 aerosols surface reflectivity surface UV and cloud pressure from June 2015 to the present at high spatiotemporal resolution The EPIC instrument measures these geophysical parameters synoptically over the entire sunlit disk of the Earth every 1 2 h each day at a resolution down to 18 km 18 km at the nadir sub satellite point No current satellite instruments other than EPIC make measurements every 1 2 h over the sunlit disk of the Earth while still obtaining near global coverage each day We present scientific results from 10 years of tropospheric column ozone TCO data derived from combined EPIC and Modern Era Retrospective analysis for Research and Applications 2 MERRA 2 ozone data We use the EPIC TCO to characterize variabilities in tropospheric ozone from daily to decadal timescales We also use EPIC TCO with hourly sampling to evaluate the geostationary measurements of total and tropospheric ozone from the Geostationary Environmental Monitoring Spectrometer GEMS instrument The EPIC TCO hourly data gridded at 1o 1o horizontal resolution for June 2015 present are made available to the general public from the NASA Langley Atmospheric Science Data Center ASDC data portal,positive,0.5925
At present a variety of global remote sensing surface downwelling longwave radiation SDL products are used for atmospheric science research however there are few studies on the quantitative evaluation of differences among different SDL products In order to evaluate the differences among different SDL products quantitatively we have selected three commonly used SDL products Clouds and the Earth s Radiant Energy System Synoptic Radiative Fluxes and Clouds CERES SYN the European Centre for Medium Range Weather Forecasts Surface Radiation Budget ECMWF SRB and the Global Energy and Water Exchanges Project Surface Radiation Budget GEWEX SRB to comprehensively study in this paper The results show that there are significant differences among the three SDL products in some areas such as in the Arctic the Antarctic the Sahara the Tibet Plateau and Greenland The maximum absolute root mean square error RMSEab in these areas is greater than 20 Wm 2 the maximum relative root mean square error RMSEre is greater than 20 the maximum and minimum absolute mean bias error MBEab are about 20 Wm 2 and 20 Wm 2 respectively and the maximum and minimum relative mean bias error MBEre are about 10 and 10 respectively Among the three SDL products the difference between the ECMWF SRB and GEWEX SRB is the most significant In addition this paper also analyzed the differences among different SDL products based on three aspects Firstly the differences among the three SDL products show that there is significant seasonality and the differences among different months may vary greatly However the differences are not sensitive to years Secondly there are some differences in cloud forcing radiative fluxes CFRFs of different SDL products which is also an important factor affecting the difference between different SDL products Finally in the process of converting high temporal resolution SDL products into monthly SDL products data processing also affects the difference between different SDL products,positive,0.997
The health of Earth s atmosphere and its ecosystems are of vital importance to humanity To assess the current state of the atmosphere and its rate of degradation the monitoring of atmospheric gasses and particulates is necessary The development of next generation Low size weight and power SWaP sensors and instruments which are required for this task is a high priority for NASA s Earth Science Technology Office ESTO The primary tool to monitor atmospheric gasses is hyperspectral imaging HSI Current HSI systems are composed of a large and complex assortment of lenses filters and cameras that are large heavy expensive and intolerant to physical shocks all things that make them challenging for use in space based sensing and imaging applications As an alternative a Low SWaP sensor is made possible by integrating a compact HSI sensor onto a CubeSat or SmallSat platform which is much cheaper to deploy vs a conventional satellite To facilitate this metamaterials are employed at the detector level to reduce the optical components required for HSI while still providing comparable performance The metamaterial studied here replaces a conventional grating disperser in a HSI system by being compatible with a focused beam fast optics while spectrally filtering a particular spectral channel,positive,0.8844
The conference on Practice and Experience in Advanced Research Computing PEARC provides a forum for discussing challenges opportunities and solutions among the broad range of participants in the research computing community This community driven effort builds on successes of the past and aims to grow and be more inclusive by involving additional local regional national and international cyberinfrastructure and research computing partners spanning academia government and industry The PEARC conference series is working to integrate and meet the collective interests of our growing community PEARC originated from the XSEDE conference series which showcased the discoveries innovations challenges and achievements of those who use and support NSF Extreme Science and Engineering Discovery Environment XSEDE resources and services as well as other digital resources and services throughout the world The following papers represent the best papers from the transitionary conferences of this research community XSEDE16 the final XSEDE conference and PEARC17 the inaugural PEARC conference These papers capture both important research contributions to the advanced computing community and best practices for advanced computing systems and remote user interfaces These three papers cover a diverse set of topics the impact of science gateways innovative hardware impacting cyberinfrastructure and improving computational frameworks with workflows machine learning and visualizations The paper by Hu et al 1 discusses how geospatial data have exploded to massive volume and diversity and subsequently cause serious usability issues for researchers in various scientific areas This paper describes TopoLens a cyberGIS community data service framework to facilitate geospatial big data access processing and sharing based on a hybrid supercomputer architecture TopoLens delivers community data services developed for easy and efficient access to high resolution topographic data It supports on demand data and map services powered by hybrid cyberinfrastructure with cloud and HPC support to efficiently produce datasets that are customized based on a user s request The usability of TopoLens has been acknowledged in the topographic user community evaluation The paper by Hancock et al 2 dives into Jetstream the NSF s first distributed production cloud resource Jetstream offers a unique capability within the XSEDE supported US national cyberinfrastructure delivering interactive virtual machines VMs via the atmosphere interface As a multi region deployment that operates as an integrated system Jetstream is proving effective in supporting modes and disciplines of research traditionally underrepresented on larger XSEDE supported clusters and supercomputers Jetstream has been used to perform research and education in biology biochemistry atmospheric science earth science and computer science,positive,0.9847
Black carbon aerosol plays a unique and important role in Earth s climate system Black carbon is a type of carbonaceous material with a unique combination of physical properties This assessment provides an evaluation of black carbon climate forcing that is comprehensive in its inclusion of all known and relevant processes and that is quantitative in providing best estimates and uncertainties of the main forcing terms direct solar absorption influence on liquid mixed phase and ice clouds and deposition on snow and ice These effects are calculated with climate models but when possible they are evaluated with both microphysical measurements and field observations Predominant sources are combustion related namely fossil fuels for transportation solid fuels for industrial and residential uses and open burning of biomass Total global emissions of black carbon using bottom up inventory methods are 7500 Gg yr 1 in the year 2000 with an uncertainty range of 2000 to 29000 However global atmospheric absorption attributable to black carbon is too low in many models and should be increased by a factor of almost 3 After this scaling the best estimate for the industrial era 1750 to 2005 direct radiative forcing of atmospheric black carbon is 0 71 W m 2 with 90 uncertainty bounds of 0 08 1 27 W m 2 Total direct forcing by all black carbon sources without subtracting the preindustrial background is estimated as 0 88 0 17 1 48 W m 2 Direct radiative forcing alone does not capture important rapid adjustment mechanisms A framework is described and used for quantifying climate forcings including rapid adjustments The best estimate of industrial era climate forcing of black carbon through all forcing mechanisms including clouds and cryosphere forcing is 1 1 W m 2 with 90 uncertainty bounds of 0 17 to 2 1 W m 2 Thus there is a very high probability that black carbon emissions independent of co emitted species have a positive forcing and warm the climate We estimate that black carbon with a total climate forcing of 1 1 W m 2 is the second most important human emission in terms of its climate forcing in the present day atmosphere only carbon dioxide is estimated to have a greater forcing Sources that emit black carbon also emit other short lived species that may either cool or warm climate Climate forcings from co emitted species are estimated and used in the framework described herein When the principal effects of short lived co emissions including cooling agents such as sulfur dioxide are included in net forcing energy related sources fossil fuel and biofuel have an industrial era climate forcing of 0 22 0 50 to 1 08 W m 2 during the first year after emission For a few of these sources such as diesel engines and possibly residential biofuels warming is strong enough that eliminating all short lived emissions from these sources would reduce net climate forcing i e produce cooling When open burning emissions which emit high levels of organic matter are included in the total the best estimate of net industrial era climate forcing by all short lived species from black carbon rich sources becomes slightly negative 0 06 W m 2 with 90 uncertainty bounds of 1 45 to 1 29 W m 2 The uncertainties in net climate forcing from black carbon rich sources are substantial largely due to lack of knowledge about cloud interactions with both black carbon and co emitted organic carbon In prioritizing potential black carbon mitigation actions non science factors such as technical feasibility costs policy design and implementation feasibility play important roles The major sources of black carbon are presently in different stages with regard to the feasibility for near term mitigation This assessment by evaluating the large number and complexity of the associated physical and radiative processes in black carbon climate forcing sets a baseline from which to improve future climate forcing estimates,positive,0.9979
Aerosol particles play an important role in physical and chemical processes that occur in the atmosphere On the one hand these particles are able to modify atmospheric optical properties causing a significant impact on Earth s energy balance and consequently their presence is fundamental on the global climate On the other hand aerosol particles act as cloud condensation nuclei CCN and ice nuclei IN making them an essential part of the hydrological cycle,positive,0.9919
Atmospheric aerosols can be grouped into two categories depending on their origin natural or anthropogenic In our study we put the focus on atmospheric aerosols of natural origin in particular on primary biological aerosol particles PBAPs such as pollen and spores These biogenic particles are released in large quantities from terrestrial vegetation into the atmosphere where they can be transported up to 100 1000 km Due to their large size between 10 100 µm pollen grains and 2 10 µm spores their residence time in the atmosphere is short For this reason they are not climate relevant compared to other components in the atmosphere However under moist and high humidity conditions or mechanical processes these biological aerosol particles can break into smaller particles known as sub pollen particles SPP and sub spores particles SSP Each pollen grain can rupture releasing a large quantity of these type of sub particles 10 6 Wozniak et al 2018 estimated that for clean background conditions high SPPs concentrations can suppress average seasonal precipitation by 32 and shift rates from heavy to light while increasing dry days,positive,0.8708
In this study we have investigated the ability of various pollen and spores types to break into sub particles and be activated as CCN To this end we used a CCN counter CCN 100 DMT coupled with a Scanning Mobility Particle Sizer SMPS TSI to select SPPs and SSPs of 50 100 and 200 nm The results show that not all pollen types have the same activation properties with critical supersaturations varying between species and particle size Additionally SEM images have been performed to confirm the rupture of pollen and spores particles into SPPs and SSPs respectively Chemical composition of the different species have been investigated as well,positive,0.9867
References,positive,0.7224
Wozniak M C Solmon F Steiner A L 2018 Pollen rupture and its impact on precipitation in clean continental conditions Geophysical Research Letters 45 7156 7164 https doi org 10 1029 2018GL077692,positive,0.6305
Acknowledgments This work was supported by the Spanish Ministry of Science and Innovation through projects CGL2016 81092 R CGL2017 90884REDT and RTI2018 101154 A I00 by Junta de Andalucía UGR and FEDER funds through project B RNM 474 UGR18 and B RNM 496 UGR18 and by University of Granada Plan Propio through Visiting Scholars program Andrea Casans is funded by MINECO under predoctoral program FPI PRE2019 090827 Thanks to the NOAA Global Monitoring Laboratory for providing the CCN counter,positive,0.96
The Town Energy Budget TEB model coupled with the Regional Atmospheric Modeling System RAMS is applied to simulate the Urban Heat Island UHI phenomenon in the metropolitan area of Beijing This new model with complex and detailed surface conditions called TEB RAMS is from Colorado State University CSU and the ASTER division of Mission Research Corporation The spatial temporal distributions of daily mean 2 m air temperature are simulated by TEB RAMS during the period from 0000 UTC 01 to 0000 UTC 02 July 2003 over the area of 116 E 116 8 E 39 6 N 40 2 N in Beijing The TEB RAMS was run with four levels of two way nested grids and the finest grid is at 1 km grid increment An Anthropogenic Heat AH source is introduced into TEB RAMS A comparison between the Land Ecosystem Atmosphere Feedback model LEAF and the detailed TEB parameterization scheme is presented The daily variations and spatial distribution of the 2 m air temperature agree well with the observations of the Beijing area The daily mean 2 m air temperature simulated by TEB RAMS with the AH source is 0 6 K higher than that without specifying TEB and AH over the metropolitan area of Beijing The presence of urban underlying surfaces plays an important role in the UHI formation The geometric morphology of an urban area characterized by road roof and wall also seems to have notable effects on the UHI intensity Furthermore the land use dataset from USGS is replaced in the model by a new land use map for the year 2010 which is produced by the Institute of Remote Sensing and Digital Earth RADI Chinese Academy of Sciences CAS The simulated regional mean 2 m air temperature is 0 68 K higher from 01 to 02 July 2003 with the new land cover map,negative,0.0624
In the final decades of the eighteenth century and the first decades of the nineteenth century there was a phase of cultural effervescence in Europe that impacted the progress of philosophical and scientific thought In addition to making their mark in their fields of knowledge key figures in Western culture such as Kant Humboldt and Goethe contributed greatly to the advancement of natural sciences particularly atmospheric science Goethe stands out for his work on barometric measurements his knowledge of clouds and his ideas on the movement of the air His justification of atmospheric dynamics based on internal causes of the Earth was quickly dismissed in light of the air physics discoveries taking place at the time He was passionate about the shapes of clouds and the form of the sky which he described and drew His literary work is replete with references to the atmosphere This study analyses the meteorological writings of Goethe examining his contributions to the atmospheric sciences of his day and how his passion for the skies and clouds permeated his literary works Goethe s relationship with the fields of meteorology and climate science is not well known but his studies constituted a valuable contribution to the cultural and scientific context of the Europe that was taking shape at that time,positive,0.9958
Range the distance between the satellite and the ocean surface covered by the radar trace is measured by tracking the received waveform The range measurement errors may be caused by sea state bias SSB which is the main source of measurement errors in altimeter applications Particularly the error due to SSB is related to atmospheric dynamics and sea surface roughness Sea surface height SSH is determined by advanced satellite remote sensing in the fields of earth sciences such as geophysics geodesy and oceanography The research aims to apply the parametric model on the SSB to estimate the SSH over the Savu Sea We analyzed data along the cycle along the track across the line consisting of the GDR Ku Band We concluded that the parametric model can be used to effectively improve the SSH correction on the Sentinel 3A altimeter,positive,0.9852
Abstract Marine macroinvertebrate fossils from two petroleum exploration cores Apium 1 and Redback 2 are described and found to contain two separate assemblages The assemblage from the Apium 1 core was recovered from an ca 5 m thick interval 2756 35 2751 28 m in the basal Hovea Member inertinitic interval of the Kockatea Shale and includes the following forms Spinomarginifera sp Cimmeriella sp Etherilosia sp Elivina sp Cleiothyridina sp and Paeckelmanelloidea gen et sp indet all brachiopods The age of this assemblage is interpreted as Changhsingian as constrained by its association with the palynofloral Dulhuntyispora parvithola Zone The assemblage from the Redback 2 core was recovered from the sapropelic interval of the Hovea Member of the Kockatea Shale between 3806 m and 3786 m and comprises the following forms Lingulidae gen et sp indet brachiopod Claraia perthensis Dickins McTavish Crittendenia cf australasiatica Krumbeck Paralledon sp bivalves Otoceras sp ammonoid Microconchus utahensis Zatoń Taylor Vinn microconchid and Magniestheria mangaliensis Jones spinicaudatan Among these the first local appearances of the lingulid species Otoceras sp and M mangaliensis are associated with the palynofloral Protohaploxypinus microcorpus Zone and are interpreted as latest Changhsingian in age Other occurrences of the Redback 2 fossil assemblage overlap with the palynofloral Kraeuselisporites saeptatus Zone and are considered to be of earliest Triassic Griesbachian age G R Shi guang uow edu au and Sangmin Lee sangminlee76 gmail com School of Earth Atmospheric and Life Sciences University of Wollongong Northfields Ave Wollongong NSW 2522 Australia Ian Metcalfe imetcal2 une edu au Earth Sciences Earth Studies Building C02 School of Environmental and Rural Science University of New England Armidale NSW 2351 Australia Daoliang Chu chudl cug edu cn State Key Laboratory of Biogeology and Environmental Geology School of Earth Sciences China University of Geosciences Wuhan 430074 PR China Huiting Wu ht_wu415 163 com College of Geoscience and Surveying Engineering China University of Mining Technology Beijing PR China Tinglu Yang yang geology hk Faculty of Geosciences East China University of Technology Nanchang 330013 PR China Yuri D Zakharov yurizakh mail ru Far East Geological Institute Far East Branch Russian Academy of Sciences Vladivostok 690022 Russia,positive,0.9777
In this paper originally submitted in answer to ESA s Voyage 2050 call to shape the agency s space science missions in the 2035 2050 timeframe we emphasize the importance of a Venus exploration programme for the wider goal of understanding the diversity and evolution of habitable planets Comparing the interior surface and atmosphere evolution of Earth Mars and Venus is essential to understanding what processes determined habitability of our own planet and Earth like planets everywhere This is particularly true in an era where we expect thousands and then millions of terrestrial exoplanets to be discovered Earth and Mars have already dedicated exploration programmes but our understanding of Venus particularly of its geology and its history lags behind Multiple exploration vehicles will be needed to characterize Venus richly varied interior surface atmosphere and magnetosphere environments Between now and 2050 we recommend that ESA launch at least two M class missions to Venus in order of priority a geophysics focussed orbiter the currently proposed M5 EnVision orbiter 1 or equivalent and an in situ atmospheric mission such as the M3 EVE balloon mission 2 An in situ and orbital mission could be combined in a single L class mission as was argued in responses to the call for L2 L3 themes 3 5 After these two missions further priorities include a surface lander demonstrating the high temperature technologies needed for extended surface missions and or a further orbiter with follow up high resolution surface radar imaging and atmospheric and or ionospheric investigations,positive,0.9119
With the launch of Sputnik in 1957 and the subsequent beginning of the space age the progression of Space Technologies has on the one hand led to the development of hundreds of applications Pelton et al 2017 that use satellite data including devices for everyday use from satellite televisions to the Satnav in our cars On the other it has underpinned scientific progress in Earth and Atmospheric Sciences as well as in Astronomy and Astrophysics Just to recall some of the highest public profile contributions from the field satellite measurements showed the extent of the ozone layer depletion in the atmosphere and the existence of exoplanets and black holes have been confirmed among many other scientific advances The rapid progress made in Space Technology led to extraordinary accomplishments for the whole human race such as the Moon landing At the same time these space missions have provided powerful iconic imagery for humanity and photos like the Blue Marble Wuebbles 2012 have become universally recognized symbols of our planet and its extraordinary environment and finite resources Although the spectacular progress in Space Technologies slowed down toward the end of the past century together with that of the whole Aerospace sector very important achievements continued to be made These include the development of the International Space Station and the robotic exploration of other planets and celestial bodies including landing on a comet Through the years space has often been identified as the new frontier fueling the imagination of writers and film directors who created visions more or less plausible of a future enabled by fantastic developments in Space Technologies However consistent with what history has shown us is the fact that after an initial phase of exploration of a new environment and consolidation of the relevant technologies what follows is an explosion of businesses to exploit the new opportunities offered by the new environment This is where we are today Sometimes called Space 4 0 we are in a period that has seen a shift of paradigms with changes of motivations actors and indeed technologies PWC Report 2019,positive,0.9599
S Kim S Y Kim M Lee H Shim G M Wolfe A B Guenther A He Y Hong and J Han Department of Earth System Science School of Physical Sciences University of California Irvine Irvine California 92697 USA National Institute Environmental Research Incheon South Korea Department of Earth and Environmental Sciences Korean University Seoul South Korea Joint Center for Earth Systems Technology University of Maryland Baltimore County Baltimore MD USA Atmospheric Chemistry and Dynamics Laboratory NASA Goddard Space Flight Center Greenbelt MD USA,positive,0.9909
Long range observations in the field of astronomy have opened up our understanding of the Solar System the Galaxy and the wider Universe In this paper we discuss the idea of direct in situ reconnaissance of nearby stellar systems using robotic probes In particular we consider what additional knowledge can be learned that can only be obtained by such close encounters This may include calibration of existing measurements detailed observations of stellar winds astrometry measurements of stellar parallax refinement of our understanding of physics through the use of long baseline interferometers In addition getting close to an exoplanet will enable detailed knowledge of planetary interiors surface processes geological evolution atmospheric composition and climate internal seismology detailed surface morphology and even the speculative possibility of detecting the presence of microbial life detailed palaeontology or even indigenous life forms We argue that astronomical remote sensing should be pursued in parallel with in situ reconnaissance missions by robotic probes so that both can enhance the discoveries and performance of the other This work is in support of Project Starshot an effort to send a Gram scale probe towards another star at 0 2c within the next two decades and return images and other data to the Earth Presented at the 47th IAA Symposium on Future Space Astronomy and Solar System Science Missions Session on Space Agency Strategies and Plans,positive,0.7489
Abstract The CHRONOS space mission concept provides time resolved abundance for emissions and transport studies of the highly variable and highly uncertain air pollutants carbon monoxide and methane with sub hourly revisit rate at fine 4 km horizontal spatial resolution across a North American domain CHRONOS can provide complete synoptic air pollution maps snapshots of the continental domain with less than 10 min of observations This rapid mapping enables visualization of air pollution transport simultaneously across the entire continent and enables a sentinel like capability for monitoring evolving or unanticipated air pollution sources in multiple locations at the same time with high temporal resolution CHRONOS uses a compact imaging gas filter correlation radiometer for these observations with heritage from more than 17 years of scientific data and algorithm advances by the science teams for the Measurements of Pollution in the Troposphere MOPITT instrument on NASA s Terra spacecraft in low Earth orbit To achieve continental scale sub hourly sampling the CHRONOS mission would be conducted from geostationary orbit with the instrument hosted on a communications or meteorological platform CHRONOS observations would contribute to an integrated observing system for atmospheric composition using surface suborbital and satellite data with atmospheric chemistry models as defined by the Committee on Earth Observing Satellites Addressing the U S National Academy s 2007 decadal survey direction to characterize diurnal changes in tropospheric composition CHRONOS observations would find direct societal applications for air quality management and forecasting to protect public health,positive,0.9703
Modern gyrotrons provide radiation in a wide range of frequencies and powers which is used in a variety of areas of fundamental and applied research connected with the problem of plasma formation and heating The A V Gaponov Grekhov Institute of Applied Physics of the Russian Academy of Sciences is conducting a wide range of studies of gas discharge in a magnetic field under electron cyclotron resonance conditions For these studies gyrotron radiation with frequencies from 24 to 75 GHz and a peak power of up to 200 kW is used The use of such high frequency and powerful microwave systems has made it possible to obtain original results in the development of sources of intense ion beams of different types to build compact and powerful neutron generators to study fundamental kinetic processes in highly nonequilibrium plasma with hot electrons and to simulate a number of astrophysical phenomena in the magnetospheres of the Earth and other planets Studies of atmospheric pressure discharge in focused beams of gyrotron radiation with a frequency of up to 1 THz have shown significant prospects for creating of effective sources of extreme ultraviolet radiation with 13 5 and 11 2 nm wavelength based on such plasma as well as plasma chemical complexes for example for the decomposition of carbon dioxide and other compounds that require innovative methods for effective processing The brief overview of the recent plasma studies using high power gyrotron radiation in frequency range from 24 GHz to 1 THz are presented the future prospects of proposed technologies are discussed,positive,0.9952
Tatarskii a prominent physicist and a correspondingmember of the Russian Academy of Sciences V I Tatarskii is world renowned and acknowledged for his fundamental contributions on the theory of wave propagation in randomly inhomogeneous media The results of these studies have been applied to of fundamental problems of turbulence and organized structures in the lower middle and upper atmosphere The asymptotic formulations obtained by V I Tatarskii are widely used to solve applied problems of long range radio communication and radio navigation to estimate the influence of atmospheric turbulence on laser radiation propagation and on the image of astronomical objects in telescopes to develop methods and systems of adaptive optics scintillometry and acoustic and radioacoustic ground based sensing of the atmospheric boundary layer and satellite radio occultation of Earth s and other planets atmospheres Valerian Il ich Tatarskii was born in Kharkov His father was an engineer and in the 1920s 1930s took part in building many large industrial enterprises in the USSR For this reason the Tatarskiis often moved from one place to another his mother was a homemaker Valerian went to school in Kharkiv and finished with a gold medal in Krasnoyarsk where his family was evacuated from Kharkiv at the beginning of the war together with the plant at which his father worked Immediately after school Valerian entered the Physical Faculty of Moscow State University MSU While studying at the Physical Faculty of MSU 1947 1952 V I Tatarskii already became interested in the influence of turbulent inhomogeneities on sound propagation This problem underlaid his diploma work which he did under the guidance of Professor V A Krasil nikov On graduating from MSU he went to work at the Geophysical Institute of the USSRAcademy of Sciences at the Laboratory for Turbulence Research where he continued working in this field under the guidance of A M Obukhov V I Tatarskii significantly developed theories of sound scattering and propagation of acoustic and electromagnetic waves in random media which were originally proposed by A M Obukhov in the 1940s 1950s and covered a wider range of topics To solve these problems V I Tatarskii modified and put to wide use the method of smooth perturbations proposed earlier by SM Rytov to solve the problem of light diffraction by ultrasound and then used by A M Obukhov to allow for diffraction in the propagation of acoustic and light waves in a turbulent medium These results lay the basis for his candidate thesis and his monograph The theory of fluctuation phenomena upon wave propagation in a turbulent atmosphere published in 1959 and then abroad in English in 1961 Tatarskii V I Wave Propagation in a Turbulent Medium New York McGrawHill 1961 Continuing his work at the Institute of Atmospheric Physics which split in 1956 from the Geophysical Institute V I Tatarskii went on developing his approaches in the theoretical description of wave scattering and propagation in randomly inhomogeneous media using increasingly powerful mathematical methods These approaches were reflected in his doctoral thesis 1964 and in the monograph Wave propagation in a turbulent atmosphere whose issue in English in 1971 Tatarskii V I The Effects of the Turbulent Atmosphere on Wave Propagation Springfield National Technical Information Office 1971 became very popular among foreign specialists V I Tatarskii did not confine himself to purely theoretical studies working fruitfully with his colleagues and experimentalists in particular with A S Gurvich He participated Uspekhi Fizicheskikh Nauk 189 10 1125 1126 2019 DOI https doi org 10 3367 UFNr 2019 08 038659 Translated by M V Tsaplina PERSONALIA PACS number 01 60 q,positive,0.9851
This contribution gathers the contents of the white paper submitted by the UV community to the Call issued by the European Space Agency in March 2013 for the definition of the L2 and L3 missions in the ESA science program We outlined the key science that a large UV facility would make possible and the instrumentation to be implemented The growth of luminous structures and the building blocks of life in the Universe began as primordial gas was processed in stars and mixed at galactic scales The mechanisms responsible for this development are not well understood and have changed over the intervening 13 billion years To follow the evolution of matter over cosmic time it is necessary to study the strongest resonance transitions of the most abundant species in the Universe Most of them are in the ultraviolet UV 950 Å 3000 Å spectral range that is unobservable from the ground A versatile space observatory with UV sensitivity a factor of 50 100 greater than existing facilities will revolutionize our understanding of the Universe Habitable planets grow in protostellar discs under ultraviolet irradiation a by product of the star disk interaction that drives the physical and chemical evolution of discs and young planetary systems The electronic transitions of the most abundant molecules are pumped by this UV field providing unique diagnostics of the planet forming environment that cannot be accessed from the ground Earth s atmosphere is in constant interaction with the interplanetary medium and the solar UV radiation field A 50 100 times improvement in sensitivity would enable the observation of the key atmospheric ingredients of Earth like exoplanets carbon oxygen ozone provide crucial input for models of biologically active worlds outside the solar system and provide the phenomenological baseline to understand the Earth atmosphere in context,positive,0.9986
EARTH ATMOSPHERIC AND PLANETARY SCIENCES Correction for Deliberate enhancement of rainfall using desert plantations by Oliver Branch and Volker Wulfmeyer which was first published September 3 2019 10 1073 pnas 1904754116 Proc Natl Acad Sci U S A 116 18841 18847 The authors note that due to a printer s error the Acknowledgments section was not included in the publication The following has been added as a new Acknowledgments section We thank the United Arab Emirates Research Program for Rain Enhancement Science UAEREP for considering the application of this approach in the future The online version has been corrected,negative,0.0241
The Harmony satellite mission was recently approved as the next European Space Agency ESA Earth Explorer 10 The mission science objectives cover several applications related to solid earth the cryosphere upper ocean dynamics and air sea interactions The mission consists of a constellation of two satellites flying with the Copernicus Sentinel 1 C or D spacecraft each hosting a C band receive only radar and a thermal infrared TIR payload From an ocean dynamics air sea interaction perspective the mission will provide the unique opportunity to observe simultaneously the signature of submesoscale upper ocean processes via synthetic aperture radar and TIR imagery The TIR imager is based on microbolometer technology and its acquisitions will rely on four channels three narrow band channels yielding observations at a 1 km spatial sampling distance SSD and a panchromatic PAN 8 12 μm channel characterized by a 300 m SSD Our study investigates the potential of Harmony in retrieving spatial features related to sea surface temperature SST gradients from the high resolution PAN channel relying on top of atmosphere TOA observations Compared to a standard SST gradient retrieval our approach does not require atmospheric correction thus avoiding uncertainties due to inter channel co registration and radiometric consistency with the possibility of exploiting the higher resolution of the PAN channel The investigations were carried out simulating the future Harmony TOA radiances TARs as well as relying on existing state of the art level 1 satellite products Our approach enables the correct description of SST features at the sea surface avoiding the generation of spurious features due to atmospheric correction and or instrumental issues In addition analyses based on existing satellite products suggest that the clear sky TOA observations in a typical mid latitude scene allow the reconstruction of up to 85 of the gradient magnitudes found at the sea surface level The methodology is less efficient in tropical areas suffering from smoothing effects due to the high concentrations of water vapor,positive,0.9436
The El Nino Southern Oscillation ENSO is the dominant interannual variability of Earth s climate system and strongly modulates global temperature precipitation atmospheric circulation tropical cyclones and other extreme events However forecasting ENSO is one of the most difficult problems in climate sciences affecting both interannual climate prediction and decadal prediction of near term global climate change The key question is what cause the switch between El Nino and La Nina For the past 30 years ENSO forecasts have been limited to short lead times after ENSO sea surface temperature SST anomaly has already developed but unable to predict the switch between El Nino and La Nina Here we demonstrate that the switch between El Nino and La Nina is caused by a subsurface ocean wave propagating from western Pacific to central and eastern Pacific and then triggering development of SST anomaly This is based on analysis of all ENSO events in the past 136 years using multiple long term observational datasets The wave s slow phase speed and decoupling from atmosphere indicate that it is a forced wave Further analysis of Earth s angular momentum budget and NASA s Apollo Landing Mirror Experiment suggests that the subsurface wave is likely driven by lunar tidal gravitational force,positive,0.9962
Unidata an NSF funded project that started in 1983 is a diverse community of education and research institutions with the common goal of sharing geoscience data and the tools to access and visualize that data Unidata provides weather observations and other data software tools and support to enhance Earth system education and research and continuously examines ways of adapting their workflows for new technologies to maximize the reach of their education and research efforts In support of Unidata objectives to host workshops for atmospheric data analysis using JupyterHub we explore a cloud computing approach leveraging Kubernetes coupled with JupyterHub that when combined will provide a solution for researchers and students to pull data from Unidata and burst onto Jetstream cloud by requesting resources dynamically via easy to use JupyterHub More specifically on Jetstream Kubernetes is used for automating deployment and scaling of domain specific containerized applications and JupyterHub is used for spawning multiple hubs within the same Kubernetes cluster instance that will be used for supporting classroom settings JupyterHub s modular kernel feature will support dynamic needs of classroom application requirements The proposed approach will serve as an end to end solution for researchers to execute their workflows with JupyterHub serving as a powerful tool for user training and next generation workforce development in atmospheric sciences,positive,0.9291
Planetary Science,positive,0.7127
Atmospheric composition will be the main observable that may imply the presence of life on an exoplanet In a Perspective Shahar et al explain that atmospheric composition is the result of complex processes involving a planet s interior as well as its atmosphere A snapshot of an exoplanet s atmospheric composition is unlikely to be sufficient to deduce the presence of life Given the importance of Earth s interior processes in making our planet habitable and given the diversity of planetary internal dynamics and evolutions there is a need for observational experimental and modeling work to elucidate how exoplanet interiors may make their surfaces habitable,positive,0.9915
Science this issue p 434 1,negative,0.4031
1 lookup doi 10 1126 science aaw4326,positive,0.5311
Beijing Normal University Beijing ChinaCorrespondence to C Cudennec cudennec agrocampus ouest fr The security of Mankind is multi faceted as it is chal lenged by many hazards and threats with variable expo sures across space and time It is now recognized that theimpacts of disasters are increasing see for example WMO No 1123 WMO 2014 as is their complexity in many partsof the world resulting in the Sendai Declaration to en hance our efforts to strengthen disaster risk reduction to re duce losses of lives and assets from disasters worldwide UNGA 2015 p 1 with an emphasis on the role of Sci ence Aitsi Selmi et al 2015 Geophysical extreme eventsand geopolitical crisis have always been the two major causesof disasters and catastrophes However the risks are growingconsistently with the acceleration and increasing complex ity of the Anthropocene and through the emergence of newnatural technological interfaces and interactions new cas cading events and processes severe changes in the driversand internal features of sub systems changing geographicalvulnerability and resilience characteristics and new hazardsaside from the traditional ones The eight associations of IUGG the International Unionof Geodesy and Geophysics develop scientiﬁc knowledgeand methods concerning all geophysical processes that poserisk to society In addition IUGG also facilitates multidis ciplinary approaches thanks to the richness of its commu nities and to catalyzing mechanisms Ismail Zadeh et al 2014 One of these approaches is the establishment of bridg ing symposia during Union assemblies At the 2015 PragueAssembly the Union symposium U2 offered a panoramaof keynotes on Integrated disaster risk science Account ing for extremes from each of the Associations and ad hoccommissions A major follow up event was the JH1 inter associations symposium dedicated to Extreme hydrologicalevents as water is at the interface of several compartmentsand processes studied by the different disciplines The JH1symposium was organized in cooperation with WMO withthis PIAHS volume being a signiﬁcant output Extreme hydrological events develop at the Earth s sur face with low frequency and high magnitude They are oftendriven by closely connected causal forces from other aspectsof geophysics such as meteorological oceanographic andseismological processes They are often complex in terms oftheir distribution of water over time and space its phases and its impacts on storages They also often develop overthe interfaces of liquid freshwater with marine atmospheric icy and snowy solid and ground waters A large inﬂuenceof such events also exists with human and physical geogra phies in terms of feedback and feedforward process interac tions particularly in the areas of disaster risk management disaster mitigation and prevention Consistent with the IAHS Panta Rhei initiative Montanariet al 2013 and the multi dimensional deﬁnition of WaterSecurity Cudennec et al 2015 this volume contains con tributions on the assessment measurement understanding mod elling forecasting prediction and management of ex treme hydrological events the complexity of geophysical interfaces and science society interactions new direct and indirect technologies from speciﬁc ob servational techniques to modelling and statistical ap proaches the challenges that these issues pose in the context ofclimatic geographical and societal change and conceptual advances regarding the concepts of the An thropocene and the dimensions of Water Security,positive,0.9938
In the original article the affiliation details were published incorrectly The correct affiliations should read as below Yuting Wu1 2 Xiaoming Hu2 3 4 Zhenning Li5 Ming Cai6 Mengmeng Lu3 7 Song Yang2 3 4 1 Chongqing Research Institute of Big Data Peking University Chongqing China 2 School of Atmospheric Sciences Sun Yat sen University Zhuhai China 3 Southern Marine Science and Engineering Guangdong Laboratory Zhuhai Zhuhai China 4 Guangdong Province Key Laboratory for Climate Change and Natural Disaster Studies Sun Yat sen University Zhuhai China 5 Division of Environment and Sustainability The Hong Kong University of Science and Technology Hong Kong China 6 Department of Earth Ocean and Atmospheric Science Florida State University Tallahassee FL USA 7 State Key Laboratory of Severe Weather Institute of Climate System Chinese Academy of Meteorological Sciences Beijing China In the original article Figs 7 and 8 have been placed incorrectly The original article has been corrected,positive,0.9983
Since the publication of the first edition of this highly regarded textbook the value of data assimilation has become widely recognized across the Earth sciences and beyond Data assimilation methods are now being applied to many areas of prediction and forecasting including extreme weather events wildfires infectious disease epidemics and economic modeling This second edition provides a broad introduction to applications across the Earth systems and coupled Earth human systems with an expanded range of topics covering the latest developments of variational ensemble and hybrid data assimilation methods New toy models and intermediate complexity atmospheric general circulation models provide hands on engagement with key concepts in numerical weather prediction data assimilation and predictability The inclusion of computational projects exercises lecture notes teaching slides and sample exams makes this textbook an indispensable and practical resource for advanced undergraduate and graduate students researchers and practitioners who work in weather forecasting and climate prediction,positive,0.9941
The climate crisis we are facing calls for significant improvements in our understanding of natural phenomena with clouds being identified as a dominant source of uncertainty To this end the emerging field of 3D computed cloud tomography CCT aims to more precisely characterize clouds by utilizing multi dimensional imaging to reconstruct their outer and inner structure In this paper we propose a future Earth observation mission concept driven by the needs of CCT that operates constellation of NanoSats to provide multi angular spectrally resolved spatial and temporal scientific measurements of natural atmospheric phenomena Our proposed mission GEOSCAN will on board active steering capability to rapidly reconfigure networked swarm of autonomous Nanosats to track evolving phenomena of interest on demand in real time We present the structure of the GEOSCAN constellation and discuss details of the mission concept from both science and engineering perspectives On the science side we out line the types of remote Earth observation measurements that GEOSCAN enables beyond the state of the art and how such measurements translate to improvements in CCT that can lead to reduction in uncertainty of the global climate models GCMs From the engineering side we investigate feasibility of the concept starting from hardware components of the NanoSat that form the basis of the constellation In particular we focus on the active steering capability of the GEOSCAN with algorithmic approaches that enable coordination from new software We identify technology gaps that need to be bridged and discuss other aspects of the mission that require in depth analysis to further mature the concept,positive,0.8978
ATLID ATmospheric LIDar is the atmospheric backscatter Light Detection and Ranging LIDAR instrument on board of the Earth Cloud Aerosol and Radiation Explorer EarthCARE mission the sixth Earth Explorer Mission of the European Space Agency ESA Living Planet Programme ATLID s purpose is to provide vertical profiles of optically thin cloud and aerosol layers as well as the altitude of cloud boundaries with a resolution of 100 m for altitudes of 0 to 20 km and a resolution of 500 m for 20 km to 40 km In order to achieve this objective ATLID emits short duration laser pulses in the ultraviolet at a repetition rate of 51 Hz while pointing in a near nadir direction along track of the satellite trajectory The atmospheric backscatter signal is then collected by its 620 mm aperture telescope filtered through the optics of the instrument focal plane assembly in order to separate and measure the atmospheric Mie and Rayleigh scattering signals With the completion of the full instrument assembly in 2019 ATLID has been subjected to an ambient performance test campaign followed by a successful environmental qualification test campaign including performance calibration and characterization in thermal vacuum conditions In this paper the design and operational principle of ATLID is recalled and the major performance test results are presented addressing the main key receiver and emitter characteristics Finally the estimated instrument in orbit flight predictions are presented these indicate compliance of the ALTID instrument performance against its specification and that it will meet its mission science objectives for the EarthCARE mission to be launched in 2023,positive,0.9968
The West Antarctic Ice Sheet WAIS is largely marine based and thus highly sensitive to both climatic and oceanographic changes Therefore the WAIS has likely had a very dynamic history over the last several million years A complete collapse of the WAIS would result in a global sea level rise of 3 3 4 3 m yet the world s scientific community is not able to predict its future behavior Moreover knowledge about past behavior of the WAIS is poor in particular during geological times with climatic conditions similar to those expected for the near and distant future Reconstructions and quantifications of partial or complete WAIS collapses in the past are urgently needed for constraining and testing ice sheet models that aim to predict future WAIS behavior and the potential contribution of the WAIS to global sea level rise Large uncertainties exist regarding the chronology extent rates and spatial and temporal variability of past advances and retreats of the WAIS across the continental shelves These uncertainties largely result from the fundamental lack of data from drill cores recovered proximal to the WAIS The continental shelf and rise of the Amundsen Sea are prime targets for drilling because the records are expected to yield archives of pure WAIS dynamics unaffected by other ice sheets and the WAIS sector draining into the Amundsen Sea Embayment ASE currently experiences the largest ice loss in Antarctica Paolo et al 2015 We propose a series of drill sites for the ASE shelf where seismic data reveal seaward dipping sedimentary sequences that span from the preglacial depositional phase to the most recent glacial periods Our strategy is to drill a transect from the oldest sequences close to the bedrock basin boundary at the middle inner shelf transition to the youngest sequences on the outer shelf in the eastern ASE If the eastern ASE is inaccessible due to sea ice cover a similar transect of sites can be drilled on the western ASE The core transect will provide a detailed history of the glacial cycles in the Amundsen Sea region and allow comparison to the glacial history from the Ross Sea sector In addition deep water sites on the continental rise of the Amundsen Sea are selected for recovering continuous records of glacially transported sediments and detailed archives of climatic and oceanographic changes throughout glacial interglacial cycles We will apply a broad suite of analytical techniques including multiproxy analyses to address our objectives of reconstructing the onset of glaciation in the greenhouse to icehouse transition processes of dynamic ice sheet behavior during the Neogene and Quaternary and ocean conditions associated with the glacial cycles The five principal objectives of Expedition 379 are as follows 1 To reconstruct the glacial history of West Antarctica from the Paleogene to recent times and the dynamic behavior of the WAIS during the Neogene and Quaternary especially possible partial or full WAIS collapses and the WAIS contribution to past sea level changes Emphasis is placed in particular on studying the response of the WAIS at times when the pCO2 in Earth s atmosphere exceeded 400 ppm and atmospheric and oceanic temperatures were higher than at present 2 To correlate the WAIS proximal records of ice sheet dynamics in the Amundsen Sea with global records of ice volume changes and proxy records for air and seawater temperatures 3 To study the relationship between incursions of warm Circumpolar Deep Water CDW onto the continental shelf of the Amundsen Sea Embayment and the stability of marine based ice sheet margins under warm water conditions 4 To reconstruct the processes of major WAIS advances onto the middle and outer shelf that are likely to have occurred since the middle Miocene and compare their timing and processes to those of other Antarctic continental shelves 5 To identify the timing of the first ice sheet expansion onto the continental shelf of the ASE and its possible relationship to the uplift of Marie Byrd Land Schedule for Expedition 379 International Ocean Discovery Program IODP Expedition 379 is based on IODP drilling Proposal 839 Full and 839 Add available at http iodp tamu edu scienceops expeditions amundsen_sea_ice _sheet_history html Following evaluation by the IODP Science Evaluation Panel the expedition was scheduled for the research vessel R V JOIDES Resolution operating under contract with the JOIDES Resolution Science Operator JRSO At the time of publication of this Scientific Prospectus the expedition is scheduled to start in Punta Arenas Chile on 18 January 2019 and to end in Punta Arenas Chile on 20 March 2019 A total of 56 days will be available for the transit drilling coring and downhole measurements described in this report for the current detailed schedule see http iodp tamu edu scienceops Further details about the facilities aboard the JOIDES Resolution can be found at http iodp tamu edu publicinfo drillship html Introduction For decades the Amundsen Sea Embayment ASE drainage sector has been considered the most vulnerable part of the West Antarctic Ice Sheet WAIS because of the great water depth at the grounding line and the lack of substantial ice shelves Hughes 1981 Glaciers in this configuration are thought to be susceptible to rapid or runaway retreat Schoof 2007 Recent models suggest that a threshold leading to collapse of WAIS in this sector may have been passed already Joughin et al 2014 and that much of the ice sheet could be lost even under relatively moderate greenhouse gas emission scenarios DeConto and Pollard 2016 Model projections are limited by lack of constraints in several areas most notably in a lack of detailed reconstructions about glacial history Drilling in the ASE will provide tests of several key questions about controls on ice sheet stability First it will offer a direct record of glacial history in a drainage basin that receives ice just from the WAIS allowing clear comparisons between the WAIS history and low latitude records Ice draining into the ASE is grounded below sea level and thus allows a test of the marine ice sheet instability through correlation of the ice history to sea level changes Although there is currently only a very small ice shelf in front of the grounding line today the embayment has had ice shelves during some points of its history Kirshner et al 2012 that will allow examination of the grounding line history relative to the ice shelf history Today warm Circumpolar Deep Water CDW is impinging onto the Amundsen Sea shelf causing melting of the underside of the ice reconstructions of past CDW intrusions Hillenbrand et al 2017 Minzoni et al 2017 will assess the ties between warm water and large scale changes in past grounding line positions These tests will take place in the drainage basin that currently has the largest negative mass balance of ice of anywhere in Antarctica Paolo et al 2015 and is thus of prime interest to future predictions Finally this expedition will take place as part of a suite of Antarctic IODP expeditions al,positive,0.9948
Despite today we have plenty of opportunities for high quality observations of the Sun from both Earth and space total solar eclipses remain a rare chance to explore the corona its features and various atmospheric phenomena Members of our team took part of 5 out of 6 Bulgarian expeditions for total solar eclipse observations ever realized In the current paper we summarize the tasks we fulfilled and the scientific results we obtained Special attention is paid to the investigation of the shadow bands that accompanied the last eclipse we witnessed on 2019 July 2,positive,0.7692
Summary,positive,0.7228
LIFE is a space based mid infrared MIR nulling interferometer proposed in Quanz et al 2018 We use a Bayesian retrieval framework to analyze how the information on the atmospheric structure extractable from MIR emission spectra of terrestrial exoplanets change with the covered wavelength range signal to noise ratio SNR and spectral resolution R In combination with the science goals for the LIFE mission these simulations will provide us with first quantitative estimates of key technical requirements needed for such a telescope,positive,0.9778
Context,positive,0.6905
A long term objective of exoplanet research is to investigate the atmospheric properties of small and rocky exoplanets A driving force behind this effort is the potential identification of habitable worlds This data will improve our understanding of the diversity of extra solar planetary bodies Currently planned space and ground based telescopes are unlikely to be sensitive enough to characterize a large number of such atmospheres,negative,0.1148
Future space missions e g NASA s LUVOIR a and HabEx b concepts capable of characterizing exoplanet atmospheres in reflected light in the optical and near infrared NIR wavelength range have been proposed Complementary to these efforts the LIFE mission proposed in Quanz et al 2018 which is discussed in more detail in another submission to this conference by Angerhausen et al targets the mid infrared MIR thermal emission of exoplanets using a nulling interferometer This wavelength range is of particular interest since it allows us to probe for atmospheric molecules not accessible in the optical or NIR range such as the biosignatures CH 4 and N 2 O as well as CO Furthermore MIR emission observations in contrast to optical and NIR observations are capable of accurately probing the temperature structure and the radius of exoplanets Quanz et al 2019 Both are hardly constrained in reflected light observations,positive,0.9936
Methods,positive,0.7157
Our approach is based on the retrieval of simulated mock observations of Earth twin exoplanets around solar type stars We generate the emission spectrum of an Earth twin using the 1D radiative transfer tool petitRADTRANS Mollière et al 2019 The model takes the surface gravity the pressure temperature PT profile and the atmospheric gas composition as input We parametrize the standard Earth s PT profile with a 4th order polynomial and consider the line Absorption from H 2 O CO 2 CH 4 O 3 N 2 O and CO as well as collision induced absorption from N 2 and O 2,negative,0.0037
Then we use the LifeSIM Ottiger et al in prep tool to estimate the wavelength dependent SNR expected for observations with a LIFE like telescope considering noise sources from stellar leakage local zodiacal dust and exozodiacal dust We consider an Earth twin located at a distance of 10 pc from the Sun around a G2 star with 3 exozodis We generate mock observations for the following grid of wavelength ranges Rs and SNRs,positive,0.9431
Range 3 20 μm 6 17 μm,negative,0.4713
R 20 35 50,positive,0.6604
SNR 5 10 15,positive,0.7284
Our retrieval mechanism is built upon the Multinest algorithm Feroz et al 2009 Given the Earth twin input spectrum and treating the LifeSIM noise as uncertainty on the spectrum we retrieve the PT profile the mass the radius the surface pressure as well as the abundances of the different atmospheric species Performing a retrieval study of the spectra taking into account all possible combinations of the specified ranges in wavelength R and SNR provides first estimates for the technical requirements we need to meet to characterize Earth like atmospheres,positive,0.945
Results,positive,0.7029
A preliminary result and a proof of concept from testing of our retrieval framework is shown in Figures 1 and 2 The input for the retrieval is an Earth twin spectrum range 3 25 μm R 1000 SNR 50 seen at a distance of 10 pc from the Sun Please note that for the results given below only the planet s photon noise was considered and not yet additional noise sources,negative,0.0031
Figure 1 shows that the PT profile parameters as well as the surface temperature are accurately retrieved by our retrieval suite Figure 2 gives the retrieved posteriors for the planet s radius mass and atmospheric abundances The histogram in the top right corner indicates the retrieved absolute abundance of CO 2 We give all other abundances relative to the CO 2 abundance Additionally our retrieval framework constrains the planet s radius with high fidelity,positive,0.5039
These first results demonstrate that our retrieval suite provides reliable results In depth analyses of the results for the grid mentioned above are currently ongoing and will be presented at the conference In addition a comparison with literature results from simulations of reflected light observations will be discussed,negative,0.4558
Dependence of Total Mercury in Superficial Peat With Nutrient Status Implications for Stability of Peat as an Archive of Hg Deposition,negative,0.3526
Jacob Smeds 1 Mats B Nilsson 2 Wei Zhu 2 Kevin Bishop 3,negative,0.095
1 Department of Earth Sciences Uppsala University Uppsala Sweden,positive,0.6531
2 Department of Forest Ecology Swedish University of Agricultural Sciences Umeå Sweden,positive,0.5489
3 Department of Aquatic Sciences and Assessment Swedish University of Agricultural Sciences Uppsala Sweden,positive,0.6541
Although Mercury Hg has decreased considerably in the atmosphere during recent decades this potent neurotoxin still constitutes a threat to ecosystems globally through the Hg stored in soils The mitigation of the risks related to this legacy Hg was a reason to implement the Minamata Convention Subsequent work under the convention is dependent on assessments of the Hg stored in the environment A way of doing this is to study environmental archives of atmospheric deposition such as ice cores lake sediments and peatlands A previous study along a chronosequence of mires along the northern coast of Sweden showed Hg content differing by a factor of 2 and correlating strongly with mire age This was hypothesized to indicate that differences in minerogenic water supply along the chronosequence influenced the stability of Hg after deposition from the atmosphere to the mire surface Declining access of minerogenic elements with increasing peatland age results in a less nutrient demanding plant species composition as well as decreasing access to microbial electron acceptors But that study looked at just one 10 cm layer at a depth with peat ca 50 years old Here we present a more rigorous test of that hypothesis by presenting the total amount and vertical pattern of Hg accumulation during the last 200 years in the superficial peat along that peatland chronosequence,positive,0.9708
Eleven peatlands along the northern coast of Sweden near Umeå were sampled This is an area where isostatic rebound continues to raise the land above the sea level Triplicate peat cores were collected from both lawns and hummocks when present A total of 54 peat cores each 50 cm deep were collected and frozen immediately The cores were then sliced into 2 cm layers and each slice was analysed for total Hg Due to the land rising out of the sea the different peatlands have ages ranging from 100 2000 years since establishment despite being located within a distance of We took science to the streets of Helsinki using urban art in order to foster communication between scientists and the general public,positive,0.9982
Researchers from the Institute for Atmospheric and Earth System Research INAR and Finnish Meteorological Institute together with artists from Helsinki Urban Art co designed a public mural that joined climate research art and literary characters of Alice in Wonderland The Climate Wall illustrates the 1 5 C and 4 C pathways and highlights the need for a transition from a greenhouse gas spewing caterpillar into a sustainable butterfly The wall includes the hashtag ScienceInHelsinki and INAR s twitter handle inviting passers by to ask scientists questions anytime,positive,0.9463
The design of the mural was a joint effort from posing the starting question what is the key message we want to deliver to the final imagery used on the wall and some actual painting Methods used for the co design process included in person workshops a facebook group and online virtual whiteboards which resulted in a collateral result of this project how scientists and artists can work together effectively,positive,0.9483
The Climate Wall was inaugurated in a public event at Helsinki Central Library Oodi auditorium in December 2019 with a short presentation a panel discussion with some of the scientists and artists and a children s workshop The Art of Asking Questions,positive,0.8763
The project took place from May 2019 until the mural s completion on October 2019 and was funded by the Finnish Arts Promotion Center Taike,positive,0.6825
When one of the richest men in the world writes a book people usually take notice When it is Bill Gates a leader of the tech revolution and it is about climate change then it becomes a phenomenon So why has Bill Gates become passionate about climate change and now sees it as the greatest threat to humanity It all starts with his work with his wife Melinda at the Gates Foundation which was originally focused on global health development and US education Two important facts emerged from the funded work of the Gates Foundation First was that global health and development were being held back by a lack of access to affordable energy 860 million people still have no access to electricity which raises the question how to produce this electricity Second was that all the improvements in global health could be wiped out by climate change which will increase both food and water insecurity for billions of people So Bill Gates went on a journey of discovery and like all super nerds wanted to find the most efficient technological solutions to the climate crisis It is important to remember that this book is not just rhetoric Bill Gates is putting his money where his mouth is both through his Foundation and the company he founded Microsoft For the great monolithic global corporation Microsoft is following his lead and taking climate change seriously In 2020 the company announced the ambitious target to go carbon negative by 2030 Even more ambitiously it has pledged to remove all the carbon pollution from the atmosphere that they and their supply chain have emitted since the founding of the company in 1975 by 2050 But here is the issue their current plan to reach these targets is to reduce their emissions as much as possible but then to discount the rest of their emissions by using carbon offsets or credits Basically Microsoft will pay others to use renewable electricity plant trees or biofuels restore nature or capture carbon dioxide directly from power stations or the atmosphere and dump it deep in the Earth Many NGO and academics are highly critical of carbon offsets as it does not solve the fundamental issue of producing the emissions in the first place and allows companies to buy their way out of their environmental responsibilities Bill Gates s book How to Avoid a Climate Disaster clearly follows the zeitgeist and is based on the fundamental principle that the world must get to net zero carbon emission by 2050 or earlier if possible In fact there is a whole chapter call Why Zero This principle needs some unpacking Net zero carbon emissions means that there will be no increase in atmospheric carbon dioxide by 2050 and if there are any emissions these must be balanced by carbon dioxide being sucked out of the atmosphere either by technology or by planting vast forests hence the term net What Bill Gates glosses over is that even if we reach net zero carbon by 2050 the science clearly shows we must have negative emissions for the rest of the century if we are to have any hope of keeping global temperatures below the 2 C limit set by world leaders in Paris in 2015 To try to make the net zero carbon target understandable Bill Gates refers to the current 51 billion tons of carbon emitted per year as a way of illustrating all the things we need to do to reduce this huge number and eventually hit zero Chapter 4 addresses 27 of the 51 billion tons and is about our production and use of electricity it examines how we can decarbonise electricity production and accelerate the uptake of renewables Chapter 5 covers 31 and mainly focuses on the production of concrete which if it were a country it would the 6th largest emitter in the world Chapter 6 represents 19 and concerns itself with agriculture and deforestation it explores how we can produce food more efficiently with less environmental destruction and greenhouse gas emissions Chapter 7 analyses howwe transport ourselves and our goods around the world which makes up 16 of the total tons of carbon,positive,0.9954
In this article we present a comprehensive sensitivity analysis and geophysical retrieval product demonstration to assess the enhanced information content in atmospheric temperature and water vapor harnessed in hyperspectral microwave measurements A particular focus of this study is devoted to quantifying and comparing the impact on retrieval performance resulting from novel spectral bands of the microwave thermal spectrum by means of data addition and data denial trade studies Various spectral configurations are assessed each reflecting specific technology solutions intended to maximize geophysical product performance within feasible size weight power and cost constraints Our results indicate that the use of a hyperspectral sampling in the oxygen and water vapor sounding lines alone provides significant improvements in the lower and free tropospheric thermodynamic fields up to sim 40 when compared against the program of record i e the Advanced Technology Microwave Sounder ATMS Our experiments also demonstrate the essential role played by extending the coverage in the window regions leading to an overall improvement of up to sim 50 in the Earth s planetary boundary layer thermodynamic fields This work concludes with an overview on the state of the art in hyperspectral microwave technology and a discussion on future applications of interest to numerical weather prediction and climate science The work presented in this study focuses on ocean clear sky demonstrations All sky all surface investigations will be the focus of a follow up study as we advance our capability to simulate more complex scenarios and improve scene variability,positive,0.9677
Telluric correction of spectroscopic observations is either performed via standard stars that are observed close in time and airmass along with the science target or recently growing in importance by theoretical telluric absorption modeling Both approaches work fine when the telluric lines are resolved i e at a spectral resolving power larger than about 10 000 and it is sufficient to facilitate the detection of spectral features at lower resolution However a meaningful quantitative analysis also requires the reliable recovery of line strengths Here we show for the Fraunhofer A band of molecular O2 that the standard telluric correction approach fails in this at lower spectral resolutions as an example for the general problem Doppler shift dependent errors of the restored flux may arise which can amount to more than 50 in extreme cases depending on the line shapes of the target spectral features Two applications are discussed the recovery of the O2 band in the reflected light of an Earth analog atmosphere as facilitated potentially in the future using an orbiting starshade and a ground based extremely large telescope and the recovery of the intrinsic ratio of the K i lines in the post nova V4332 Sgr tracing the optical depth of the emitting region to exemplify the relevance using present day instrumentation We show how one should derive correction functions for the compensation of the error in dependence of radial velocity shift spectral resolution and target line profile function by use of high resolution atmospheric transmission modeling which has to be solved for the individual case,negative,0.0137
Millions of years of atmospheric biochemical catagenetic metamorphic radioactive and other gases under the influence of rock pressure and other physico chemical factors were introduced into the rocks of the earth s crust and mantle year after year During absorption the crystal lattices of the rocks were deformed with a change in their size and shape and the molecules of the rocks and gases formed stable chemical compounds solid solutions 1 3 Practice shows that under normal conditions the reverse process the degassing of rocks stretches for thousands of years which allows the crystal lattices without plastic fracture to change their sizes and shapes But as practice shows at some random moment it is possible to start the process of avalanche like degassing of a block of rocks After a sudden outflow of gases the crystal lattices of the rocks must take on a natural configuration but due to the high rate of deformation the relaxation process cannot keep up with the increase in stress There is a collapse of the crystal lattices with the release of energy expended by nature on their deformation and the occurrence of elastic impacts impulses which are known in mining practice as rock bump and sudden outburst of rocks and gas This process is possible in the event of a chain chemical reaction in a rock mass triggered by high energy molecules ions and free radicals similar to the so called Cold Explosion process which was discovered in 1980 at the Institute of Chemical Physics of the USSR Academy of Sciences The reaction mechanism of the Cold Explosion is explained by the appearance of giant deformation loads in the sample arising from the rapid cooling of the sample During the collapse the process of high speed degassing plays the role of cooling and the mechanism of the chain chemical reaction is explained by the interaction of free radicals high energy molecules and other charged particles in accordance with N Bohr s postulates A description of the mechanism of large scale rock slide and the process of formation of high energy molecules ions free radicals according to the principle scheme X X e Y e Y necessary for starting a chain chemical reaction in rock massif and the physico chemical conditions accompanying the process is devoted this article,positive,0.9931
N L Ng M R Canagaratna Q Zhang J L Jimenez J Tian I M Ulbrich J H Kroll K S Docherty P S Chhabra R Bahreini S M Murphy J H Seinfeld L Hildebrandt P F DeCarlo V A Lanz A S H Prevot E Dinar Y Rudich and D R Worsnop Aerodyne Research Inc Billerica MA USA Atmospheric Sciences Research Center State University of New York Albany NY USA CIRES University of Colorado Boulder CO USA Department of Chemistry and Biochemistry University of Colorado Boulder CO USA Department of Civil and Environmental Engineering Massachusetts Institute of Technology Cambridge MA USA Department of Chemical Engineering California Institute of Technology Pasadena CA USA NOAA Earth System Research Laboratory Boulder CO USA Center for Atmospheric Particle Studies Carnegie Mellon University Pittsburgh PA USA Department of Atmospheric and Oceanic Science University of Colorado Boulder CO USA,positive,0.9958
Two of Transiting Exoplanet Survey Satellite s major science goals are to measure masses for 50 planets smaller than 4 Earth radii and to discover high quality targets for atmospheric characterization efforts It is important that these two goals are linked by quantifying what precision of mass constraint is required to yield robust atmospheric properties of planets Here we address this by conducting retrievals on simulated James Webb Space Telescope transmission spectra under various assumptions for the degree of uncertainty in the planets mass for a representative population of seven planets ranging from terrestrials to warm Neptunes to hot Jupiters Only for the cloud free low metallicity gas giants are we able to infer exoplanet mass from transmission spectroscopy alone to 10 accuracy For low metallicity cases Global and regional air quality measurements play an important role in the everyday life of people inasmuch as atmospheric constituents such as ozone O 3 carbon monoxide CO nitrogen dioxide NO 2 sulfur dioxide SO 2 methane CH 4 and aerosols may cause severe threats to human health and agriculture productivity Space based sensors on satellites are able to detect these atmospheric constituents directly and indirectly at high spatial and temporal scales The TROPOspheric Monitoring Instrument TROPOMI on the Copernicus Sentinel 5 Precursor Sentinel 5P satellite provides measurements of O 3 NO 2 SO 2 CH 4 CO formaldehyde HCHO aerosols and cloud in ultraviolet visible UV VIS near infrared NIR and shortwave infrared SWIR spectral ranges The Ozone Monitoring Instrument OMI aboard the Aura mission measures ozone aerosols clouds surface UV irradiance and trace gases including NO 2 SO 2 HCHO BrO and OClO using UV electromagnetic spectrum bands The Ozone Mapping Profiler Suite OMPS on the Suomi National Polar Orbiting Partnership Suomi NPP or SNPP provides environmental data products including O 3 NO 2 SO 2 and aerosols The Microwave Limb Sounder MLS on Aura has been monitoring atmospheric chemical species CO volcanic SO 2 O 3 N 2 O BrO temperature humidity and cloud ice since 2004 MLS measurements help understand stratospheric ozone chemistry and the effects of air pollutants injected into the upper troposphere and low stratosphere The Thermal And Near infrared Sensor for carbon Observation Fourier Transform Spectrometer TANSO FTS on the Greenhouse Gases Observing Satellite GOSAT covers a wide spectral range from VIS to thermal infrared TIR which enables remote observations of the greenhouse gases carbon dioxide CO 2 and CH 4 Furthermore atmospheric constituent data are also available in the second Modern Era Retrospective analysis for Research and Applications MERRA 2 NASA s atmospheric reanalysis data collection MERRA 2 uses an upgraded version of the Goddard Earth Observing System Model version 5 GEOS 5 data assimilation system enhanced with more aspects of the Earth system,positive,0.9921
The NASA Goddard Earth Sciences Data and Information Services Center GES DISC supports over a thousand data collections in the focus areas of Atmospheric Composition Water Energy Cycles and Climate Variability Some of these data collections include atmospheric composition products from the ongoing TROPOMI OMI OMPS MLS TANSO FTS and MERRA 2 missions and projects The GES DISC web site https disc gsfc nasa gov provides multiple tools designed to help data users easily search subset visualize and download data from these diverse sources in a unified way We will demonstrate several methodologies employing these tools to monitor air quality,positive,0.9231
The models participating in the Coupled Model Intercomparison Project Phase 6 CMIP6 deliver insights on the evolution of the Earth s climate The global precipitation changes follow the magnitude of the warming according to a recent study Tebaldi Debeire Eyring et al 2020 of the CMIP6 ensemble mean However Earth systems models exhibit a large range in simulated precipitation projection over land In this study we present a potential approach to constrain the precipitation changes over land globally and regionally This approach performs a process oriented model evaluation similar to Nowack et al study We evaluate the ability of models to represent atmospheric dynamical interactions by applying Causal Discovery algorithm We find a relationship between the ability to represent dynamical interactions close to the observations and the projected precipitation changes over land of the model We show how this relationship can be used to constrain projection of precipitation over land,positive,0.9869
References,positive,0.7224
Nowack P Runge J Eyring V et al Causal networks for climate model evaluation and constrained projections Nat Commun 11 1415 https doi org 10 1038 s41467 020 15195 y 2020,positive,0.9363
Runge J P Nowack M Kretschmer S Flaxman D Sejdinovic Detecting and quantifying causal associations in large nonlinear time series datasets Sci Adv 5 eaau4996 2019,positive,0.6103
Runge J Causal Network Reconstruction from Time Series From Theoretical Assumptions to Practical Estimation Chaos An Interdisciplinary Journal of Nonlinear Science 28 7 075310 https aip scitation org doi 10 1063 1 5025050 2018,positive,0.9785
Tebaldi C Debeire K Eyring V Fischer E Fyfe J Friedlingstein P Knutti R Lowe J O Neill B Sanderson B van Vuuren D Riahi K Meinshausen M Nicholls Z Hurtt G Kriegler E Lamarque J F Meehl G Moss R Bauer S E Boucher O Brovkin V Golaz J C Gualdi S Guo H John J G Kharin S Koshiro T Ma L Olivié D Panickal S Qiao F Rosenbloom N Schupfner M Seferian R Song Z Steger C Sellar A Swart N Tachiiri K Tatebe H Voldoire A Volodin E Wyser K Xin X Xinyao R Yang S Yu Y and Ziehn T Climate model projections from the Scenario Model Intercomparison Project ScenarioMIP of CMIP6 Earth Syst Dynam Discuss preprint https doi org 10 5194 esd 2020 68 in review 2020,positive,0.9849
The rapid rate of discoveries of exoplanets has expanded the scope of the science possible for the remote detection of life beyond Earth The Exoplanet Biosignatures Workshop Without Walls EBWWW held in 2016 engaged the international scientific community across diverse scientific disciplines to assess the state of the science and technology in the search for life on exoplanets and to identify paths for progress The workshop activities resulted in five major review papers which provide 1 an encyclopedic review of known and proposed biosignatures and models used to ascertain them Schwieterman et al 2018 in this issue 2 an in depth review of O2 as a biosignature rigorously examining the nuances of false positives and false negatives for evidence of life Meadows et al 2018 in this issue 3 a Bayesian framework to comprehensively organize current understanding to quantify confidence in biosignature assessments Catling et al 2018 in this issue 4 an extension of that Bayesian framework in anticipation of increasing planetary data and novel concepts of biosignatures Walker et al 2018 in this issue and 5 a review of the upcoming telescope capabilities to characterize exoplanets and their environment Fujii et al 2018 in this issue Because of the immense content of these review papers this summary provides a guide to their complementary scope and highlights salient features Strong themes that emerged from the workshop were that biosignatures must be interpreted in the context of their environment and that frameworks must be developed to link diverse forms of scientific understanding of that context to quantify the likelihood that a biosignature has been observed Models are needed to explore the parameter space where measurements will be widespread but sparse in detail Given the technological prospects for large ground based telescopes and space based observatories the detection of atmospheric signatures of a few potentially habitable planets may come before 2030 Key Words Exoplanets Biosignatures Remote observation Spectral imaging Bayesian analysis Astrobiology 18 619 626,positive,0.9972
In this podcast Ethan Hyland Ph D discusses where the oil we use today came from and how its source is different from that of coal He discusses what oil and its related products are used for today and how reintroducing carbon from stable storage back into the active global carbon cycle affects our environment Originally from the outdoors of rural Maine Ethan Hyland got his bachelor s in geology from Carleton College He then worked for the National Park Service before returning to the University of Michigan for a master s in paleobotany a certificate in science policy and a Ph D in paleoclimatology and sedimentology geology Hyland then served as the Future of Ice postdoc at the University of Washington and spent time as a visiting scientist at Los Alamos National Laboratory before coming to NC State to start the Paleo³ Research Group in 2017 Hyland is an associate professor in the Department of Marine Earth and Atmospheric Sciences at NC State,negative,0.0195
On behalf of the organizing committee I would like to express our gratitude for your participation in the 3rd International Seminar on Earth Science and Technology or ISEST As the name implies ISEST has been held 3 times including this time The first ISEST was held in December 2021 under the grasp of COVID 19 pandemic During that time all the presentation was held online The second ISEST was held in March 2023 Although the condition is more relaxed but many people still cautious hence the 2nd ISEST was held in hybrid mode This year the situation is much better thus we decided that the seminar will be fully offline However due to some circumstances several presenters cannot join us here and decided to deliver their presentation online The main theme of the 3rd ISEST is Navigating the changing world through earth sciences and technology The theme emphasizes the adaptable approach to earth related problems from natural resources utilization to natural disaster management The main theme is divided into 4 topics which are Solid Earth Sciences Ocean Sciences Atmospheric Sciences and Interdisciplinary Earth Science and Technology We also have two joint special sessions The first one today is the Blue Economy special session collaborated with the Ministry of Maritime Affairs and Fisheries In the next day we will have the second special session of Disaster Risk Financing in collaboration with Directorate General of Budget Financing and Risk Management of Ministry of Finance List of Executive Committee Special Session Coordinator Editorial Board International Reviewer National Reviewer Steering Committee Keynote Speakers and Invited Speakers are available in this Pdf,positive,0.9846
NASA s Goddard Earth Observing System GEOS Earth System Model ESM is a modular general circulation model GCM and data assimilation system DAS that is used to simulate and study the coupled dynamics physics chemistry and biology of our planet GEOS is developed by the Global Modeling and Assimilation Office GMAO at NASA Goddard Space Flight Center It generates near real time analyzed data products reanalyses and weather and seasonal forecasts to support research targeted to understanding interactions among Earth System processes For chemistry our efforts are focused on ozone and its influence on the state of the atmosphere and oceans and on trace gas data assimilation and global forecasting at mesoscale discretization Several chemistry and aerosol modules are coupled to the GCM which enables GEOS to address topics pertinent to NASA s Earth Science Mission This paper describes the atmospheric chemistry components of GEOS and provides an overview of its Earth System Modeling Framework ESMF based software infrastructure which promotes a rich spectrum of feedbacks that influence circulation and climate and impact human and ecosystem health We detail how GEOS allows model users to select chemical mechanisms and emission scenarios at run time establish the extent to which the aerosol and chemical components communicate and decide whether either or both influence the radiative transfer calculations A variety of resolutions facilitates research on spatial and temporal scales relevant to problems ranging from hourly changes in air quality to trace gas trends in a changing climate Samples of recent GEOS chemistry applications are provided,positive,0.9895
Understanding the mechanisms governing the urban atmospheric environment is critical for informing urban populations regarding the impacts of climate change and associated mitigation and adaptation measures Earth system climate and weather models have not yet been adapted to provide accurate predictions of climate and weather variability within cities nor do they provide well tested representations of the impacts of urban systems on the atmospheric environment These limitations are largely due to limited field data available for testing and development of these models We will deploy the U S Department of Energy DOE Atmospheric Radiation Measurement ARM user facility s first Mobile Facility AMF1 to the mid Atlantic region surrounding the city of Baltimore for the Coast Urban Rural Atmospheric Gradient Experiment CoURAGE This deployment will create a four node regional atmospheric observatory network including Baltimore and its three primary surrounding environments rural urban and bay CoURAGE investigators will study the interactions among the Earth s surface the atmospheric boundary layer aerosols and atmospheric composition clouds radiation and precipitation at each site and examine how the spatial gradients across the region interact to create the climate conditions in Baltimore This study will determine the degree to which Baltimore s atmospheric environment depends on interactive feedbacks in the atmospheric system and the degree to which conditions in Baltimore depend on the surrounding environment Some topics of interest include how urban land management exacerbates heat waves the impact of regional mesoscale winds nocturnal jet bay breeze on urban air pollution and cloud cover and the impact of the urban heat island and aerosol production on heavy precipitation events Understanding this integrated coast urban rural system quantitatively and with good accuracy and precision is critical to informing climate adaptation and mitigation efforts in the city of Baltimore The understanding gained should be applicable to many similar coastal mid latitude urban centers Another important objective of CoURAGE is to improve the representation of the climate of coastal cities in Earth systems models ESMs CoURAGE investigators will use the observations to test current ESMs identify weaknesses and work towards improved simulations of this complex environment The ARM core facility will be deployed in the city of Baltimore complementing the Baltimore Social Environmental Collaborative BSEC a,positive,0.9973
High Northern Hemisphere latitudes are undergoing rapid and significant change associated with climate warming Climatic change in this region interacts with and affects the rate of the global change through atmospheric circulation biogeophysical and biogeochemical feedbacks Changes in the surface energy balance hydrologic cycle and carbon budget feedback to regional and global weather and climate systems Two thirds of the Northern Hemisphere high latitude land mass resides in Northern Eurasia 20 of the global land mass and this region has undergone sweeping socio economic change throughout the 20th century How this carbon rich cold region component of the Earth system functions as a regional entity and interacts with and feeds back to the greater global system is to a large extent unknown To mitigate the deficiencies in understanding these feedbacks which may in turn hamper our understanding of the global change rates and patterns an initiative was formed Three years ago the Northern Eurasia Earth Science Partnership Initiative NEESPI was established to address large scale and long term manifestations of climate and environmental change in this region The NEESPI Science Plan and its Executive Summary have been published at the NEESPI web site neespi org Since 2004 NEESPI participants have been able to seed several waves of research proposals to international and national funding agencies and institutions and also contribute to the International Polar Year Currently NEESPI is widely recognized and endorsed by several Earth System Science Partnership ESSP programmes and projects the International Geosphere and Biosphere Programme the World Climate Research Programme through the Global Energy and Water Cycle Experiment and Climate and Cryosphere Projects the Global Water System Project Global Carbon Project Global Land Project and the Integrated Land Ecosystem Atmosphere Processes Study Through NEESPI more than 100 individually funded projects always with international participation in the United States Russian Federation China European Union Japan and Canada have been mutually united to explore the scientifically significant Northern Eurasian region NEESPI scientists have been quite productive during the past two years 2005 2006 publishing more than 200 books book chapters and papers in refereed journals NEESPI sessions at international conferences are open to everyone who works on environmental and climate change problems in Northern Eurasia and the circumpolar boreal zone This thematic issue brings together articles from the authors who presented their latest results at the Annual Fall American Geophysical Union Meeting in San Francisco December 2006 The research letters in this issue are preceded by two editorial papers Leptoukh et al and Sherstyukov et al devoted to informational support of research in the NEESPI domain that is critical to the success of the Initiative The following papers are quite diverse and are assembled into five groups devoted to studies of climate and hydrology land cover and land use the biogeochemical cycle and its feedbacks the cryosphere and human dimensions in the NEESPI domain and the circumpolar boreal zone Focus on Northern Hemisphere High Latitude Climate and Environmental Change Contents Editorials NASA NEESPI Data and Services Center for Satellite Remote Sensing Information Gregory Leptoukh Ivan Csiszar Peter Romanov Suhung Shen Tatiana Loboda and Irina Gerasimov NEESPI Science and Data Support Center for Hydrometeorological Information in Obninsk Russia B G Sherstyukov V N Razuvaev O N Bulygina and P Ya Groisman Climate and hydrology Changes in the fabric of the Arctic s greenhouse blanket Jennifer A Francis and Elias Hunter Spatial variations of summer precipitation trends in South Korea 1973 2005 Heejun Chang and Won Tae Kwon Climate variations and changes in extreme climate events in Russia O N Bulygina V N Razuvaev N N Korshunova and P Ya Groisman Land cover and land use Responses of the circumpolar boreal forest to 20th century climate variability Andrea H Lloyd and Andrew G Bunn Mapping Russian forest biomass with data from satellites and forest inventories R A Houghton D Butman A G Bunn O N Krankina P Schlesinger and T A Stone The biogeochemical cycle and its feedbacks Sphagnum peatland development at their southern climatic range inWest Siberia trends and peat accumulation patterns Anna Peregon Masao Uchida and Yasuyuki Shibata Methane emissions from western Siberian wetlands heterogeneity and sensitivity to climate change T J Bohn D P Lettenmaier K Sathulur L C Bowling E Podest K C McDonald and T Friborg Ecosystem responses to recent climate change and fire disturbance at northern high latitudes observations and model results contrasting northern Eurasia and North America S J Goetz M C Mack K R Gurney J T Randerson and R A Houghton Ecosystems and climate interactions in the boreal zone of northern Eurasia N N Vygodskaya P Ya Groisman N M Tchebakova J A Kurbatova O Panfyorov E I Parfenova and A F Sogachev The cryosphere Potential feedback of thawing permafrost to the global climate system through methane emission O A Anisimov Glacier changes in the Siberian Altai Mountains Ob river basin 1952 2006 estimated with high resolution imagery A B Surazakov V B Aizen E M Aizen and S A Nikitin Glaciers and hydrological changes in the Tien Shan simulation and prediction V B Aizen E M Aizen and V A Kuzmichonok Human dimensions Food and water security in a changing arctic climate Daniel M White S Craig Gerlach Philip Loring Amy C Tidwell and Molly C Chambers,positive,0.9965
NASA s Earth Science Division ESD unlocks the mysteries of our planet exploring discovering and responding to the need to understand our planet s interconnected systems from a global scale to minute processes This knowledge and understanding serves the fundamental need to improve our lives on Earth advancing this frontier for all humanity NASA pursues both curiosity driven and practically focused Earth science because our ability to thrive on our home planet is undeniably tied to our scientific understanding and predictive capability of its dynamics and phenomena ESD explores our rapidly changing world where natural and human factors interact following an interdisciplinary Earth systems approach that examines the interplay among the atmospheric ocean land and ice systems Using the recommendations of the 2017 NASA Earth Science Decadal Survey Thriving on Our Changing Planet a Decadal Strategy for Earth Observation from Space as a compass ESD is developing the observing systems that will answer the most important science and application questions of the next decade across the following focus areas,positive,0.9928
Coupling of the water and energy cycles,positive,0.6959
Ecosystem change,positive,0.7228
Extending and improving weather and air quality forecasts,positive,0.7963
Reducing climate uncertainty and informing societal response,positive,0.9589
Sea level rise,positive,0.6722
Surface dynamics geological hazards and disasters,negative,0.4759
The ESD Flight Program develops and operates the observing systems required to address these focus areas It consists of a coordinated series of satellite and airborne missions for long term global observations of the land surface biosphere solid Earth atmosphere and oceans The Flight Program also encompasses infrastructure for operating these missions processing their scientific data and distributing them on a free and open basis to researchers operational users and the public The Flight Program currently has 24 operating Earth observing space missions and instruments There are 18 more missions and instruments in development These comprise missions recommended by the 2017 NASA Earth Science Decadal Survey missions and selected instruments to ensure availability of key climate data sets operational missions to sustain land imaging provided by the Landsat system and small sized competitively selected orbital and instrument missions of opportunity belonging to the Earth Venture EV program Projects in development include the Sentinel 6 Michael Freilich B dual satellite altimetry mission with its first launch scheduled for November 2020 and the recently selected Libera Earth radiation budget ERB instrument planned to be hosted on the National Oceanic and Atmospheric Administration s NOAA Joint Polar Satellite System 3 JPSS 3 spacecraft Libera is the first of the new Earth Venture Continuity class of missions promoting innovative capable approaches to acquiring existing Climate Data Record CDR measurement sets at lower cost The 2017 Earth Science Decadal Survey recommended four new Flight Program elements Designated Explorer and Incubation Targeted Observables in addition to the legacy missions that comprise the Program of Record POR Multi Center architecture studies for the Designated Targeted Observables and plans to address the other new Flight Program elements are underway An overview of Flight Program plans and current status will be presented,positive,0.9981
Radiative cooling is a passive cooling strategy based on thermal radiation principles Its core mechanism lies in leveraging the substantial temperature difference between the Earth s surface and outer space 3 K to dissipate heat into the cold universe via electromagnetic waves through the atmospheric transparency window thereby achieving ubiquitous cooling Characterized by zero energy consumption and environmental compatibility radiative cooling offers a practical and effective approach to reducing escalating cooling energy costs and mitigating global warming which has garnered significant attention in energy and materials science To enhance daytime radiative cooling performance researchers have developed advanced functional materials such as photonic structures porous polymers polymer dielectric composites and hierarchical fibers textiles These materials optimize solar reflectance to minimize solar heat gain and typically exhibit white or silvery appearances However such signal chromatic characteristics face aesthetic limitations in architectural applications and pose risks of light pollution that may harm visual health This challenge has driven scientific exploration into colored daytime radiative cooling CDRC as a viable solution However CDRC coatings designed based on structural coloration mechanisms such Tamm plasmon resonance or Bragg diffraction typically employ nanoscale layer by layer deposition techniques to construct multilayered nanocavity architectures By precisely controlling the thickness and refractive index gradient of functional layers the selective absorption of narrow band visible spectra can be achieved This allows specific colors to be displayed while retaining high near infrared reflectance However the complex structural designs and the high precision requirements in fabrication processes hider the large scale application of such multilayer structural color radiative cooling materials Therefore we propose a scalable bilayer structured CDRC coating for building cooling The designed,positive,0.9906
Anthropogenic pressures on the Earth System have reached a scale where abrupt global environmental change can no longer be excluded We propose a new approach to global sustainability in which we define planetary boundaries within which we expect that humanity can operate safely Transgressing one or more planetary boundaries may be deleterious or even catastrophic due to the risk of crossing thresholds that will trigger non linear abrupt environmental change within continental to planetary scale systems We have identified nine planetary boundaries and drawing upon current scientific understanding we propose quantifications for seven of them These seven are climate change CO2 concentration in the atmosphere 1 bar Regarding CH4 O2 a small number of modeled rocky planets assuming Earth like atmospheres orbiting cooler stars could have compositions at or near the explosive combustive level although more work is required to investigate this issue,positive,0.9853
School of Geosciences University of Edinburgh Grant Institute The King s Buildings James Hutton Road Edinburgh EH9 3FE UK School of Geography and Geosciences University of St Andrews North Street St Andrews KY16 9AL UK 10 Earth and Planetary Sciences University of California Davis 2119 Earth and Physical Sciences One Shields Avenue Davis CA 95616 College of Earth Ocean and Atmospheric Sciences Oregon State University Corvallis Oregon 97331 School of Biological Sciences University of Edinburgh Roger Land Building The King s Buildings Alexander Crum Brown Road Edinburgh EH9 3FF UK 15 Biological and Environmental Sciences Faculty of Natural Sciences Cottrell Building University of Stirling Stirling FK9 4LA,negative,0.0012
The roots of GPS sounding go back to the first days of interplanetary flight In the early 1960 s teams from Stanford University and the Jet Propulsion Laboratory exploited radio links between Earth and the Mariner 3 and 4 spacecraft to probe the atmosphere and other properties of Mars Radio science has since been a staple of planetary exploration Before the advent of GPS application of radio occultation to Earth was deemed impractical and it was not immediately evident that even GPS could be usefully adapted Techniques devised for geodesy in the 1980 s including codeless carrier reconstruction clock elimination by double differencing GPS based precise orbit determination and compact low cost receivers set the stage JPL submitted the first GPS occultation proposal to NASA in 1988 Though that GPS Geoscience Instrument did not fly it established the concept and led soon to the GPS MET experiment conceived by the University Corporation for Atmospheric Research and sponsored by the US National Science Foundation The remarkable success of GPSIMET has led NASA to mount follow on experiments on five international missions launching between 1999 and 2001 Those will refine the systems and techniques of GPS sounding setting the stage for COSMIC the first operational GPS occultation constellation,positive,0.969
1Department of Earth and Atmospheric Sciences Indiana University Bloomington IN 47405 USA correspondance shtrader iu edu 2Department of Environmental Earth and Atmospheric Sciences University of Massachusetts Lowell Lowell MA 01854 USA 3Department of Earth and Environmental Sciences Lehigh University Bethlehem PA 18015 USA 4School of Earth and Space Science Exploration Arizona State University Tempe AZ 85287 USA,positive,0.9885
EARTH ATMOSPHERIC AND PLANETARY SCIENCES Correction for Abiotic hydrogen H2 sources and sinks near the Mid Ocean Ridge MOR with implications for the subseafloor biosphere by Stacey L Worman Lincoln F Pratson Jeffrey A Karson and William H Schlesinger which was first published June 1 2020 10 1073 pnas 2002619117 Proc Natl Acad Sci U S A 117 13283 13293 The authors note that the author contributions footnote appeared incorrectly in the published article The published article stated,negative,0.025
Liquid water is generally assumed to be the most important factor for the emergence of life and so a major goal in exoplanet science is the search for planets with water oceans On terrestrial planets the silicate mantle is a large source of water which can be outgassed into the atmosphere via volcanism Outgassing is subject to a series of feedback processes between atmosphere and interior which continually shape both atmospheric composition pressure and temperature as well as interior dynamics For example water has a high solubility in surface lava which can strongly limit its outgassing into the atmosphere even at low atmospheric pressures In contrast CO 2 can be easily outgassed This drives up the surface pressure and temperature potentially preventing further water outgassing 1,positive,0.9469
We present the results of an extensive parameter study where we use a newly developed 1D numerical model to simulate the coupled evolution of the atmosphere and interior of terrestrial exoplanets up to 5 Earth masses around Sun like stars with internal structures ranging from Moon to Mercury like The model accounts for the main mechanisms controlling the global scale long term evolution of stagnant lid rocky planets i e bodies without plate tectonics and it includes a large number of atmosphere interior feedback processes such as a CO 2 weathering cycle volcanic outgassing based on the pressure dependent solubility of volatiles in surface lava a water cycle between ocean and atmosphere greenhouse heating as well as the influence of a primordial H 2 atmosphere which can be lost through escape processes While many atmosphere interior feedback processes have been studied before in detail e g 2 3 we present here a comprehensive model combining the important planetary processes across a wide range of terrestrial planets,positive,0.9995
We find that a significant majority of high density exoplanets i e Mercury like planets with large cores are able to outgas and sustain water on their surface In contrast most planets with intermediate Earth like densities either transition into a runaway greenhouse regime due to strong CO 2 outgassing or retain part of their primordial atmosphere which prevents water from being outgassed This suggests that high density planets could be the most promising targets when searching for suitable candidates for hosting liquid water Furthermore the degeneracy of the interior structures of high density planets is limited compared to that of planets with Earth like density which further facilitates the characterization of these bodies and our results predict largely uniform atmospheric compositions across the range of high density planets which could be verified by future spectroscopic measurements,positive,0.9662
References,positive,0.7224
1 Tosi N et al The habitability of a stagnant lid earth A A 605 A71 2017,positive,0.5805
2 Noack L Rivoldini A Van Hoolst T Volcanism and outgassing of stagnant lid planets Implications for the habitable zone Physics of the Earth and Planetary Interiors 269 40 57 2017,positive,0.7829
3 Foley B J Smye A J Carbon Cycling and Habitability of Earth Sized Stagnant Lid Planets Astrobiology 18 873 896 2018,negative,0.1658
Extensive livestock production occupies 25 of the ice free terrestrial surface of the Earth and Australian beef production contributes about 10 of this total land footprint Therefore the management of cattle has major implications for natural vegetation soils biodiversity and atmospheric greenhouse gases in Australia and globally To meet global sustainability targets and consumer expectations a variety of environmental Standards Certification and Assurance SCA schemes are being developed and implemented to enable producers to verify claims relating to their products Improved standardization and coordination are now needed to address the rapid proliferation of credentialing systems that use different frameworks methods and levels of scientific verification Using the Australian grass fed beef industry as a case study we identified the measures metrics and methods that are currently used by SCA schemes for climate and biodiversity credentialing From here a co design process with industry representatives was applied to develop recommendations for credentialing in extensive beef production feedlots and meat processing It was clear that the successful adoption of credentialing by beef producers will require flexible and user friendly support tools that use scalable data sources such as existing producer records agtech databases and remote sensing information Substantive rewards and incentives will be required to support producer engagement with the SCA schemes Overall more needs to be done to ensure the transparency of schemes and to meet benchmarks for integrity such as determining uncertainty and support though peer reviewed science,positive,0.9417
The Triassic Jurassic transition 201 5 Ma is marked by one of the largest mass extinctions in Earth s history This was accompanied by significant perturbations in ocean and atmosphere geochemistry including the global carbon cycle as expressed by major fluctuations in carbon isotope ratios Central Atlantic Magmatic Province CAMP volcanism triggered environmental changes and played a key role in this biotic crisis Biostratigraphic and chronostratigraphic studies link the end Triassic mass extinction with the early phases of CAMP volcanism and notable mercury enrichments in geographically distributed marine and continental strata are shown to be coeval with the onset of the extrusive emplacement of CAMP Sulfuric acid induced atmospheric aerosol clouds from subaerial CAMP volcanism can explain a brief relatively cool seawater temperature pulse in the mid paleolatitude Pan European seaway across the T J transition The occurrence of CAMP induced carbon degassing may explain the overall long term shift toward much warmer conditions The effect of CAMP volcanism on seawater 87Sr 86Sr values might have been indirect by driving enhanced continental weathering intensity Changes in ocean atmosphere geochemistry and associated causative effects on paleoclimatic paleoenvironmental and paleoceanographic con ditions on local regional and global scales are however not yet fully constrained 10 1 Department of Geosciences and Natural Resource Mana gement University of Copenhagen Copenhagen Denmark 2 Department of Geology Trinity College Dublin The University of Dublin Dublin Ireland 3 Department of Earth Sciences University of Oxford Oxford United Kingdom 4 Deapartment of Geology Eötvös University Budapest Hungary 5 Research Group for Paleontology Hungarian Academy of Sciences Hungarian Natural History Museum Eötvös University Budapest Hungary 6 Camborne School of Mines and Environment and Sustain ability Institute University of Exeter Cornwall United Kingdom 186 CHEMOSTRATIGRAPHY ACROSS MAJOR CHRONOLOGICAL BOUNDARIES extensive volcanism triggering a whole range of paleoen vironmental changes including climate warming euxinia ocean acidification etc in the Central Atlantic Magmatic Province CAMP e g Marzoli et al 1999 Schoene et al 2010 Whiteside et al 2010 Blackburn et al 2013 Davies et al 2017 Percival et al 2017 and associated climate change McElwain et al 1999 van de Schootbrugge et al 2009 Ruhl et al 2011 increased photic zone anoxia euxinia and enhanced ocean stratification Richoz et al 2012 Jaraula et al 2013 Kasprak et al 2015 or ocean acidification Hautmann et al 2008 Hönisch et al 2012 Greene et al 2012 The T J transition was accompanied by major changes in ocean and atmosphere geochemistry e g Hallam and Wignall 1997 Pálfy et al 2001 Cohen and Coe 2002 2007 Hesselbo et al 2002 Pálfy 2003 Tanner et al 2004 McElwain and Punyasena 2007 Hautmann et al 2008 Kiessling et al 2009 Kiessling 2009 Schaller et al 2012 Bottini et al 2016 and strontium isotope data suggest a temporary reversal of the long term decrease in Sections with δ13C data 30 S 30 N 60 N 0 E,negative,0.017
1 Department of Earth Ocean and Ecological Sciences School of Environmental Sciences University of Liverpool UK 2 Instituto Geofísico Sismológico Volponi Universidad Nacional de San Juan Argentina 3 CONICET Argentina 4 New York University USA 5 Independent Non affiliated 6 University of Illinois at Urbana Champaign USA 7 Polar Science Center University of Washington Applied Physics Lab USA 8 The US National Center for Atmospheric Research USA 9 Leeman Geophysical USA DOI 10 21105 joss 01943,positive,0.9718
Simulating the warmth and equability of past hothouse climates has been a challenge since the inception of paleoclimate modeling The newest generation of Earth system models ESMs has shown substantial improvements in the ability to simulate the early Eocene global mean surface temperature GMST and equator to pole gradient Results using the Community Earth System Model suggest that parameterizations of atmospheric radiation convection and clouds largely determine the Eocene GMST and are responsible for improvements in the new ESMs but they have less direct influence on the equator to pole temperature gradient ESMs still have difficulty simulating some regional and seasonal temperatures although improved data reconstructions of chronology spatial coverage and seasonal resolution are needed for more robust model assessment Looking forward key processes including radiation and clouds need to be benchmarked and improved using more accurate models of limited domain physics Earth system processes need to be better explored leveraging the increasing ESM resolution and complexity Earth system models ESMs are now able to simulate the large scale features of the early Eocene Remaining model data discrepancies exist at regional and seasonal scales and require improvements in both proxy data and ESMs A hierarchical modeling approach is needed to ensure relevant physical processes are parameterized reasonably well in ESMs Future work is needed to leverage the continuously increasing resolution and complexity of ESMs Expected final online publication date for the Annual Review of Earth and Planetary Sciences Volume 52 is May 2024 Please see http www annualreviews org page journal pubdates for revised estimates,positive,0.9948
A high resolution FTIR spectrometer had its first flight in May of this year as part of the Spacelab 3 science pay load The experiment Atmospheric Trace Molecule Spectroscopy ATMOS is designed to obtain fundamental information related to the physical and chemical structure of the Earth s upper atmosphere from 15 to 150 km altitude There are two major aspects to the investi gation the first is the determination of the detailed composition of the stratosphere and mesosphere and its global seasonal and long term variability the second is the study of the partitioning of solar energy at levels in the atmosphere characterized by dissociation of the constituents and by the breakdown of thermodynamic equilibrium,positive,0.9951
Clouds and aerosols play a significant role in determining the overall atmospheric radiation budget yet remain a key uncertainty in understanding and predicting the future climate system In addition to their impact on the Earth s climate system aerosols from volcanic eruptions wildfires man made pollution events and dust storms are hazardous to aviation safety and human health Space based lidar systems provide critical information about the vertical distributions of clouds and aerosols that greatly improve our understanding of the climate system However daytime data from backscatter lidars such as the Cloud Aerosol Transport System CATS on the International Space Station ISS must be averaged during science processing at the expense of spatial resolution to obtain sufficient signal to noise ratio SNR for accurately detecting atmospheric features For example 50 of all atmospheric features reported in daytime operational CATS data products require averaging to 60 km for detection Furthermore the single wavelength nature of the CATS primary operation mode makes accurately typing these features challenging in complex scenes This paper presents machine learning ML techniques that when applied to CATS data 1 increased the 1064 nm SNR by 75 2 increased the number of layers detected any resolution by 30 and 3 enabled detection of 40 more atmospheric features during daytime operations at a horizontal resolution of 5 km compared to the 60 km horizontal resolution often required for daytime CATS operational data products A Convolutional Neural Network CNN trained using CATS standard data products also demonstrated the potential for improved cloud aerosol discrimination compared to the operational CATS algorithms for cloud edges and complex near surface scenes during daytime,positive,0.8727
Causal discovery tools enable scientists to infer meaningful relationships from observational data spurring advances in fields as diverse as biology economics and climate science Despite these successes the application of causal discovery to space time systems remains immensely challenging due to the high dimensional nature of the data For example in climate sciences modern observational temperature records over the past few decades regularly measure thousands of locations around the globe To address these challenges we introduce Causal Space Time Stencil Learning CaStLe a novel meta algorithm for discovering causal structures in complex space time systems CaStLe leverages regularities in local space time dependencies to learn governing global dynamics This local perspective eliminates spurious confounding and drastically reduces sample complexity making space time causal discovery practical and effective For causal discovery CaStLe flexibly accepts any appropriately adapted time series causal discovery algorithm to recover local causal structures These advances enable causal discovery of geophysical phenomena that were previously unapproachable including non periodic transient phenomena such as volcanic eruption plumes Regularities in local space time dependencies are transformed into informative spatial replicates which actually improve CaStLe s performance when applied to ever larger spatial grids We successfully apply CaStLe to discover the atmospheric dynamics governing the climate response to the 1991 Mount Pinatubo volcanic eruption We provide validation experiments to demonstrate the effectiveness of CaStLe over existing causal discovery frameworks on a range of geophysics inspired benchmarks while identifying the method s limitations and domains where its assumptions may not hold,positive,0.9977
In this Grand Challenges paper we review how the carbon isotopic composition of atmospheric CO2 has changed since the Industrial Revolution due to human activities and their influence on the natural carbon cycle and we provide new estimates of possible future changes for a range of scenarios Emissions of CO2 from fossil fuel combustion and land use change reduce the ratio of 13C 12C in atmospheric CO2 δ13CO2 This is because 12C is preferentially assimilated during photosynthesis and δ13C in plant derived carbon in terrestrial ecosystems and fossil fuels is lower than atmospheric δ13CO2 Emissions of CO2 from fossil fuel combustion also reduce the ratio of 14C C in atmospheric CO2 Δ14CO2 because 14C is absent in million year old fossil fuels which have been stored for much longer than the radioactive decay time of 14C Atmospheric Δ14CO2 rapidly increased in the 1950s to 1960s because of 14C produced during nuclear bomb testing The resulting trends in δ13C and Δ14C in atmospheric CO2 are influenced not only by these human emissions but also by natural carbon exchanges that mix carbon between the atmosphere and ocean and terrestrial ecosystems This mixing caused Δ14CO2 to return toward preindustrial levels in the first few decades after the spike from nuclear testing More recently as the bomb 14C excess is now mostly well mixed with the decadally overturning carbon reservoirs fossil fuel emissions have become the main factor driving further decreases in atmospheric Δ14CO2 For δ13CO2 in addition to exchanges between reservoirs the extent to which 12C is preferentially assimilated during photosynthesis appears to have increased slowing down the recent δ13CO2 trend slightly A new compilation of ice core and flask δ13CO2 observations indicates that the decline in δ13CO2 since the preindustrial period is less than some prior estimates which may have incorporated artifacts owing to offsets from different laboratories measurements Atmospheric observations of δ13CO2 have been used to investigate carbon fluxes and the functioning of plants and they are used for comparison with δ13C in other materials such as tree rings Atmospheric observations of Δ14CO2 have been used to quantify the rate of air sea gas exchange and ocean circulation and the rate of net primary production and the turnover time of carbon in plant material and soils Atmospheric observations of Δ14CO2 are also used for comparison with Δ14C in other materials in many fields such as archaeology forensics and physiology Another major application is the assessment of regional emissions of CO2 from fossil fuel combustion using Δ14CO2 observations and models In the future δ13CO2 and Δ14CO2 will continue to change The sign and magnitude of the changes are mainly determined by global fossil fuel emissions We present here simulations of future δ13CO2 and Δ14CO2 for six scenarios based on the shared socioeconomic pathways SSPs from the 6th Coupled Model Intercomparison Project CMIP6 Applications using atmospheric δ13CO2 and Δ14CO2 observations in carbon cycle science and many other fields will be affected by these future changes We recommend an increased effort toward making coordinated measurements of δ13C and Δ14C across the Earth System and for further development of isotopic modeling and model data analysis tools,positive,0.9802
University field sites have long been important places for research and education SMEAR II Station for Measuring Earth surface Atmosphere Relations by INAR Institute for Atmospheric and Earth System Research University of Helsinki is the leading measurement station in ecosystem atmosphere interactions with continuous and mostly automatic measurements of ca 1200 parameters SMEAR II belongs to ICOS ACTRIS eLTER and AnaEE In addition to our own measurements SMEAR II hosts scientific visitors and their campaigns Here we discuss how the scope of the work has both changed and expanded during its 30 years of operation and especially in relation to the establishment of the above mentioned research infrastructures RIs We describe the changes from the viewpoint of the technical and research staff working either permanently at the station or tightly related to SMEAR II measurements and data management While we only deal with a single site we believe that many discussed aspects are either universal or applicable to many similar stations,positive,0.919
Different field stations have different focus points and those can also change with time e g due to the development of RIs What is in common for all field sites is that the activities are versatile and varying continuously affecting also the everyday work Therefore the skills needed for field site work are wide ranging As the activities at SMEAR II have grown the number of onsite staff has increased in 30 years from one to 14 With growing number of staff with different educational backgrounds and duties the importance of a well functioning working community has increased Furthermore the significance of planning and prioritizing the work has increased during the site operation period and further with RIs The increased number of staff has led to more specified set of tasks for most employees even though as said field site work is in any case versatile Larger community more specified tasks more extensive development projects and overall maintaining a wide scoped functioning site also requires active development of communication methods,positive,0.9868
One of the most obvious changes at SMEAR II is that while in the early years scientists spent long time periods at the site collecting data for their own research and sharing ideas over time the operating principle has changed towards the site being a data factory where the local staff conducts their duties as office work This change is enhanced by the progression of RIs since measurements need to develop in a long term and comparable manner to fulfil RIs requirements This in turn opens possibilities to resolve novel wide scope global scale questions and increase the site s scientific impact,positive,0.9893
With the development of RIs requirements for data management concerning both the amount of work and amount of data storage space have greatly increased For SMEAR II a large part of data management is conducted by INAR data management team They are not working permanently at the site but having a dedicated staff is a clear advantage for data quality This also adds an extra layer to the data pipeline from the instrumentation to a ready data file further emphasizing the need for active communication SMEAR II had an open data policy already before RIs but the large RI databases further enable high impact research and promote the use of data worldwide The development of the RIs has not only improved the documentation of the site and its measurements but also the installations calibrations etc Better documentation and more harmonized data processing further simplifies the wide use of data However the clearly increased workload related to data management highlights the need for as uniform data policies data processing and submission procedures as possible among different RIs,positive,0.9909
The importance of maintaining basic infrastructure is one very important but if everything works quite an invisible aspect of field site work As the number of measurements and requirements for the data stability increase also the share of work time that is allocated for basic infrastructure increases Failures in power network or pressurized air mean breaks in data flow and lower data quality and therefore repairing the failures quickly and the continuous maintenance to prevent those are crucial For example SMEAR II used to suffer from frequent power breaks causing quite a workload until setting up a backup power system in 2017 improved the situation Snow work during winter adjusting the temperatures of the instrument spaces renewing wooden pathways within the forest area maintenance of tower structures removing wasp hives and coppice clearing are other examples of basic infrastructure maintenance that are needed to keep the site in operation,negative,0.0308
Even though not directly related to RIs the improvement in working conditions regarding e g safety and equality has been significant and thus we want to raise it up here This improves work wellbeing and decreases accidents However it is also noteworthy that developing safety regulations also require creating new procedures as the methods or equipment that were used before are not considered appropriate anymore,positive,0.9726
Another not directly RI linked change is the noticeable increase in societal interaction performed at the site during the last ten years Societal interaction at SMEAR II includes e g science education for students of ages 5 18 science trail introducing the research done at the site and hosting Pirkanmaa climate action lab that promotes climate related discussion and solutions among municipalities parishes companies and universities These activities offer multitude ways of increasing the use and the overall impact of the field site,positive,0.9978
NASA s Earth Observing System Data and Information System EOSDIS is tasked with archiving and distributing Earth Observation data across a range of disciplines including atmospheric science oceanography land processes natural hazards solar radiance and even socioeconomic aspects relating to the environment Driven by rapidly rising data volumes EOSDIS is migrating to a cloud computing based archive over the next few years Although this simplifies data management somewhat the main aim is to provide the data in an environment where end users can bring their analysis to the data rather than attempting to download and manage ever increasing volumes To that end a cloud based analysis platform is being constructed to enable data transformations analyses and visualization without egressing the data from the cloud In this endeavor we expect a wide variety of users algorithms and use cases Consequently the architecture of this cloud analytics platform is expressly designed to be based on open services thus fostering an ecosystem that enables the efficient combination of common components with data specific or analysis specific components,negative,0.2298
1 Earth System Science Interdisciplinary Center ESSIC University of Maryland College Park MD USA 2 Joint Global Change Research Institute Pacific Northwest National Laboratory PNNL College Park MD USA 3 School of Public Policy University of Maryland College Park MD USA 4 Department of Atmospheric and Oceanic Science University of Maryland College Park MD USA DOI 10 21105 joss 03212,positive,0.9889
Modeled geospatial Lagrangian trajectories are widely used in Earth Science including in oceanography atmospheric science and marine biology The typically large size of these data sets makes them arduous to analyze and their underlying pathways challenging to identify Here we show that we can use a machine learning unsupervised k means clustering method combined with expert aggregation of clusters to identify the pathways of the Labrador Current from a large set of modeled Lagrangian trajectories The presented method requires simple pre processing of the data including a Cartesian correction on longitudes and a principal component analysis reduction The clustering is performed in a kernelized space and uses a larger number of clusters than the number of expected pathways To identify the main pathways similar clusters are grouped into pathway categories by experts in the circulation of the region of interest We find that the Labrador Current mainly follows a westward flowing and an eastward retroflecting pathway 20 and 50 of the flow respectively that compensate each other through time in a see saw behavior These pathways experience a strong variability representing through time 4 42 and 24 73 of the flow respectively Two thirds of the retroflection occurs at the tip of the Grand Banks and one quarter at Flemish Cap The westward pathway is mostly fed by the on shelf branch of the Labrador Current and the eastward pathway by the shelf break branch Among the pathways of secondary importance we identify a previously unreported one that feeds the subtropics across the Gulf Stream,negative,0.0969
This popular article provides a short summary of the progress and prospects in Weather and Climate Modelling for the benefit of high school and undergraduate college students and early career researchers Although this is not a comprehensive scientific article the basic information provided here is intended to introduce students and researchers to the topic of Weather and Climate Modelling which comes under the broad discipline of Atmospheric Oceanic Climate Earth Sciences This article briefly summarizes the historical developments progress scientific challenges in weather and climate modelling and career opportunities,positive,0.983
Process based Neural Network to Forecast Vegetation Dynamics Chonggang Xu Youzuo Lin Nishant Panda Monty Vesselinov Humberto Godinez Vazquez Los Alamos National Laboratory Focal Area 2 This white paper calls for an AI based emulator of DOE s dynamic vegetation model that is computationally efficient and accommodates parameterizes the governing processes built in the model This AI based emulator is needed for model calibration sensitivity analysis prediction uncertainty quantification and decision making This AI based emulator will incorporate physics and biological information in the form of conservation laws and constitutive relationships Science Challenge DOE s demographic vegetation model the Functionally Assembled Terrestrial Simulator FATES allows comparison with many more observable vegetation processes than the first generation big leaf vegetation models but also faces two key challenges First FATES contains more degrees of freedom leading to greater complexity and more uncertainties in the parameter estimations Second because more processes e g vegetation recruitment growth and mortality are introduced FATES is computationally much more expensive These two challenges make it difficult to calibrate the model against observations using traditional approaches for parameter estimation e g maximum likelihood or Markov Chain Monte Carlo One solution is to build emulators to efficiently mimic these demographic vegetation models however due to the larger number of parameters and model complexity it is only feasible to build emulators with a constrained and limited number of key parameters based on traditional kernel methods 1 Rationale Earth System models ESMs are evolved from the general circulation models GCMs which mainly focus on the physical process of ocean and atmospheric circulations with a new focus on the climate feedbacks from biological systems2 An important biological component is vegetation which plays a critical role in global and regional water cycles3 Specifically the reduction in plant productivity and increasing vegetation mortality resulting from extreme climate conditions could substantially affect the regional and global water cycles 3 4 The first generation vegetation models represent plant communities by area averaged leaf layers of different plant functional types PFTs within each land grid cell However these bigleaf vegetation models do not represent the coexistence of different sizes of plants or PFTs meaning that these models cannot express the competition for light water and nutrients among plants To overcome these limitations scientists have incorporated ecosystem demographic models into ESMs5 6 These new models include an ecosystem s demographics by explicitly simulating plant size diameter growth mortality and recruitment based on competition for light nutrients and water5 Because these demographic vegetation models explicitly represent the coexistence and competition among different size groups of PFTs they are expected to better represent changes in regional and global water cycles associated with disturbances Specifically DOE s FATES is considered a next generation vegetation model for E3SM with a size structured group of plants cohorts and successional trajectory based patches using the ecosystem demography approach7 Within FATES the transpiration rate is mainly determined by leaf level photosynthesis competition as determined by growth and mortality and hydraulic function changes under water stress FATES allocates photosynthetic carbon to storage and different tissues such as leaf root and stem based on the allometry of different plant species Mortality within FATES is simulated by carbon starvation caused by depletion of carbon storage,positive,0.9986
On January 28 2021 the world lost a scholar who won a Nobel Prize who shaped our thinking about planet Earth and whose fight for the protection of the global environment will be remembered forever Paul Josef Crutzen was born in Amsterdam in 1933 and embarked on a cosmopolitan journey in 1957 when he left The Netherlands for Sweden Looking back at that journey we can state that he arrived at a triad of accomplishments that few intellectuals obtain the disruptive advancement of science the inspiring communication of science and the responsible operationalization of science Paul was trained as a civil engineer for the construction sector which he abandoned for becoming a computer programmer at the Meteorology Institute of Stockholm University MISU The university housed the world s fastest computers at that time and the institute founded by the great Gustav Rossby was at the forefront of atmospheric research When Paul arrived MISU was headed by another giant of meteorology Bert Bolin who later became the chair of the Intergovernmental Panel on Climate Change Paul had always longed for an academic career due to his interest and talent in mathematics and physics yet was denied access to university education in The Netherlands by an unfortunate episode of illness So while helping develop numerical weather forecasting models for various projects he also took lecture courses at Stockholm University was graduated there and eventually received a doctorate in meteorology in 1968 When he in turn became a member of the MISU faculty Paul did not join the mainstream then preoccupied with acid rain Instead he jumped to stratospheric chemistry out of sheer curiosity which was ignited by his accidental involvement in a previous project illustrating oncemore the general observation that greatness tends to be approached via narrow and tortuous side paths Later in his career Paul held positions in the United States National Center for Atmospheric Research Boulder 1977 to 1980 and Germany Max Planck Institute for Chemistry Mainz from 1980 onwards while also teaching as a visiting professor in various other locations around the globe Yet it was in Stockholm where he pursued his epochal work on the photochemistry of the stratosphere in general and the stability of the ozone layer in particular The latter mainly found between 15 and 35 km above ground protects life on Earth since it absorbs up to 99 of the Sun s mediumfrequency UV light It is a rather brittle shield though that can be damaged by human interference in amazingly intricate ways for example by reactions that involve nitrogen oxides originating from agricultural fertilizers and possibly also from high flying supersonic airplanes Paul discovered and unraveled a specific catalytic cycle in the middle atmosphere that can act as a powerful destroyer of ozone 1 A few years later in pursuit of a completely independent path toward understanding civilization s imprint on the composition of the stratosphere Sherwood Sherry Rowland and Mario Molina performed experimental and Paul J Crutzen Image credit Carsten Costard Photography,positive,0.9926
The first experimental and theoretical research of A L Chizhevsky opened a new page in the science of man in his connection with world history and space and physical factors influencing its course In subsequent works on ionization in the gaseous medium atmospheric air and liquids aqueous solutions of the body and blood plasma the scientist showed that electromagnetic oscillations and corpuscular flows of the external environment interact by electrical exchange and quantum mechanical effects with the electronic structures of cells tissues organs blood and intercellular body liquid The external environment being under the influence of the Sun power and its periodic activity is in direct communication with the internal environment of the body and the Earth s psychosphere collective humanity and individuals are under the constant influence of these forces For a scientist the nature of the so called Z rays which are responsible for translating the potential energy of the external environment into the kinetic energy of the mental psychological structure of man remained mysterious He was convinced that they were connected by a single substrate and monism was the principle of the evolution of nature and society Based on the concepts of historiometry and natural historical knowledge the scientist proposed an original periodization of the worldhistorical process and expressed confidence in their use for state building and world politics Keywords Chizhevsky synthesis of sciences space and physical factors historiometry natural history knowledge dynamics of social processes,positive,0.9725
В работе исследуется спектральное отношение для атмосферных ледяных частиц с размером от 10 до 1000 мкм характерных для облаков верхнего яруса В ходе исследования была обнаружена зависимость спектрального отношения от размера частиц для поглощающих и непоглощающих длин волн падающего излучения Исследование проводилось с использованием банка данных матриц рассеяния света ИОА СО РАН на данных полученных методом физической оптики для случая хаотической пространственной ориентации частиц и однократного рассеяния Исследовалось несколько форм частиц характерных для ледяных облаков на длинах волн падающего излучения от 0 355 до 2 15 мкм Полученные результаты могут быть использованы для интерпретации данных лазерного зондирования кристаллических облаков с Земли и космоса,negative,0.0521
This paper investigates the spectral ratio for atmospheric ice particles with sizes ranging from 10 to 1000 micrometers typical for high level clouds The study revealed a dependence of the spectral ratio on the particle size for absorbing and non absorbing wavelengths of the incoming radiation The research was conducted using a database of light scattering matrices from the Institute of Atmospheric Optics Siberian Branch of the Russian Academy of Sciences based on data obtained through physical optics for the case of chaotic spatial orientation of the particles and single scattering Several particle shapes characteristic of ice clouds were examined at wavelengths of the incoming radiation from 0 355 to 2 15 micrometers The obtained results can be used for the interpretation of laser sounding data of crystalline clouds from both the Earth and space,positive,0.7085
Carbon plays a fundamental role on Earth It forms the chemical backbone for all essential organic molecules produced by living organisms Carbon based fuels supply most of society s energy and atmospheric carbon dioxide has a huge impact on Earth s climate This book provides a complete history of the emergence and development of the new interdisciplinary field of deep carbon science It traces four centuries of history during which the inner workings of the dynamic Earth were discovered and documents extraordinary scientific revolutions that changed our understanding of carbon on Earth forever carbon s origin in exploding stars the discovery of the internal heat source driving the Earth s carbon cycle and the tectonic revolution Written with an engaging narrative style and covering the scientific endeavours of more than a hundred pioneers of deep geoscience this is a fascinating book for students and researchers working in Earth system science and deep carbon research,positive,0.998
Air pollution is a serious issue that affects human health the environment and the climate at levels from local to global scales The main processes that affect air pollution levels are emissions chemistry transport and deposition Air quality models AQMs are mathematical tools that describe relevant physicochemical processes and quantify concentrations of air pollutants Therefore AQMs can be used to develop and detail measures taken to reduce air quality problems,positive,0.9922
Several AQMs are currently used and they have undergone a rapid evolution in recent years Computer capacity has increased during the last decade enabling us to use higher spatial resolutions and more complex parameterizations schemes that resolve more complex atmospheric processes Moreover previous research has shown that the feedbacks between meteorology and chemistry are important in the context of many research applications Therefore this increase in computing power allows accurately simulate those feedbacks online modelling Online models are becoming more used in the atmospheric community,positive,0.8717
The NMMB BSC Chemical Transport Model NMMB BSC CTM is being developed through an ongoing team effort at the Earth Sciences Department of the Barcelona Supercomputing Center BSC The main motivation for this thesis is to contribute in the development of a unified fully coupled chemical weather prediction system able to solve gas aerosol meteorology interactions within a wide range of scales on local to global domains that can be used in both operational and research applications In this sense the focus in this Ph D has been on the development and evaluation of the tropospheric gas phase chemistry within the online Global Regional atmospheric model NMMB BSC CTM With the meteorological core NMMB as the starting point different parameterizations of several atmospheric chemistry processes such as dry deposition photolysis wet deposition gas phase chemistry and stratospheric ozone handling have been reviewed implemented and evaluated during this Ph D thesis,positive,0.9636
A complete spatial temporal and vertical model evaluation of the relevant chemical species using different observational data has been performed in this Ph D thesis Observational data has included ground monitoring stations ozonesondes satellite data climatologies and aircraft campaigns This is the first time that the gas phase chemistry of the NMMB BSC CTM has been evaluated on a regional and global scales over a full year Concerning the model evaluation in the regional scale we had the opportunity to participate in the Air Quality Model Evaluation International Initiative AQMEII Phase2 which aims to intercompare online coupled regional scale,positive,0.9546
models over North America and Europe In this sense we were participating in this initiative in the European runs with NMMB BSC CTM model The model evaluations have shown a good agreement with observations Overall the model performance corresponds to state of the art regional and global AQMs,positive,0.997
La contaminació de l aire és un problema greu que afecta la salut humana i el medi ambient tant a escala local com global Els principals processos que concerneixen els nivells de contaminació de l aire són les emissions la química el transport i la deposició Els Models de Qualitat de,negative,0.3858
l Aire AQMS són eines matemàtiques que descriuen aquests processos fisicoquímics i quantifiquen les concentracions de contaminants de l aire Per tant els AQMS es poden utilitzar per desenvolupar i detallar les mesures preses per reduir la mala qualitat de l aire Actualment es fan servir diversos AQMS i aquests darrers anys han evolucionat molt ràpidament,positive,0.5497
La capacitat de la computació ha augmentat durant l última dècada i això ha fet possible una resolució espacial més bona i uns esquemes de parametritzacions més complexos que resolen més processos atmosfèrics D una altra banda la investigació ha demostrat que els feedbacks entre la meteorologia i la química són certament importants en moltes aplicacions de recerca Per tant l augment de la potència de càlcul permet simular acuradament aquests feedbacks modelizació online Els models online són cada vegada més utilitzats en la comunitat atmosfèrica,negative,0.0044
El NMMB BSC Chemical Transport Model NMMB BSC CTM es desenvolupa gràcies a un esforç d equip al Departament de Ciències de la Terra del Barcelona Supercomputing Center BSC La principal motivació d aquesta tesi és contribuir al desenvolupament i a l avaluació d un sistema de predicció unificat que sigui capaç de resoldre les interaccions gas aerosolmeteorologia dins un ampli rang d escales des de dominis locals a globals i que pugui ser utilitzat tant en aplicacions operatives com d investigació En aquest sentit el principal objectiu d aquesta tesi doctoral és el desenvolupament i l avaluació de la química troposfèrica en fase gasosa del model online global regional NMMB BSC CTM Utilitzant el nucli meteorològic NMMB com a punt de partida diverses parametritzacions de processos químics atmosfèrics com ara la deposició seca la fotòlisi la química dels núvol la química en fase gasosa i l intercanvi d ozó entre estratosfera i troposfera han estat revisats implementats i avaluats durant aquesta tesi doctoral,negative,0.001
S ha dut a terme una avaluació completa a nivell espacial temporal i vertical de les espècies químiques més rellevants mitjançant diverses observacions a escala global i regional Aquestes observacions inclouen estacions a nivell de superfície ozonosondes dades de satèl lit,positive,0.9987
climatologies i campanyes d aeronaus És la primera vegada que la química en fase gasosa de l NMMB BSC CTM s avalua a escala global i regional durant un any complet Respecte l evaluació del model a nivell regional vam tenir l oportunitat de participar en el projecte de l Air Quality Model Evaluation International Initiative AQMEII Phase2,positive,0.9627
L objectiu principal d aquest projecte és la intercomparació de models online a escala regional sobre l Amèrica del Nord i Europa El nostre grup va participar en aquesta iniciativa sobre el domini europeu utilitzant el model NMMB BSC CTM L avaluació del model mostra una bona avinença amb les observacions En general els resultats del model es corresponen amb l estat de l art dels AQMS a escala regional i global,positive,0.9056
In the first half of the 19th century it became clear that the atmosphere plays a crucial role in governing the Earth s climate By the middle and second half of the century it was clear that the atmosphere s ability to retain heat was mainly due to water vapor and carbon dioxide and that changes in their quantity would lead to changes in the Earth s climate Even then industrial activity was already known to emit significant amounts of carbon dioxide and at the turn of the 19th century to the 20th it was suggested that coal combustion could change the planet s climate over time The first attempts to demonstrate the climate changing effects of human activity were made in the 1930s but it was not until the mid 20th century that there was clear evidence for carbon dioxide accumulating in the atmosphere largely as a result of human activity This paper highlights some of the perhaps less widely known episodes in atmospheric greenhouse research This historical review of science also makes the reader aware that today s climate research is no longer primarily concerned with the causes of current climate change but with the rate and extent to which the highly complex climate system is responding to the atmospheric energy forcing,positive,0.9988
The Apache Point Observatory Lunar Laser ranging Operation APOLLO project began in 2006 using a 3 5 m telescope on a high peak in the Sacramento Mountains of New Mexico It has been one of the best performing in terms of returned photons per viewing period and range uncertainty of a handful of similar sites worldwide The purpose of installing a superconducting gravimeter SG in 2009 was to improve the determination of local deformation directly affecting the telescope motions as part of an effort to reduce the error in lunar distance to the mm level We have now accumulated 10 years of gravity measurements together with data from a nearby permanent GPS Plate Boundary Observatory P027 site This paper describes the traditional analysis of SG data to produce a local tidal model and to determine a number of necessary dynamic corrections that are specific to the site of which local atmospheric and hydrology attraction and loading are the most important Loading corrections are available through the Ecole et Observatoire des Sciences de la Terre EOST website as part of the International Earth Rotation Service and we consider 12 different EOST loading series for global atmosphere and hydrology loading and attraction Nonetheless local hydrology can only be addressed at the required level of detail using local models determined directly from the gravity data We devote a major portion of the paper to the development of several water storage and conceptual tank models that succeed in reducing the large seasonal variance of the SG residuals by more than 90 Yet there remain episodes in the corrected residuals that depart by up to 4 μGal from the hydrological models and the mean error of our fit remains between 1 5 2 0 μGal for our two data sets 2009 2012 and 2013 2018 respectively Unfortunately the vertical GPS data relies on the UNAVCO processing and has typically poor vertical accuracy We find the correlation between the GPS and gravity residuals to be correspondingly weak and then discuss briefly the incorporation of the displacement and gravity data into the Planetary Ephemeris Program for solving for the lunar distance,negative,0.0189
ALTIUS Atmospheric Limb Tracker for the Investigation of the Upcoming Stratosphere is a satellite mission dedicated to continue Earth limb measurements for atmospheric sciences Fussen et al JQSRT 2019 It is an element of the ESA Earth Watch programme and is expected to be launched in 2024 on a low earth polar orbit The instrument is based on three spectral imagers that will measure in UV vis NIR wavelength range and will operate in different viewing geometry limb scattering and occultation of the sun the moon the planets and the stars ALTIUS will retrieve vertical profiles of ozone nitrogen dioxide aerosol extinction among others,positive,0.9969
In this study we present an Observing System Simulation Experiment OSSE of ALTIUS ozone profiles that we have compared with the existing observations from Aura Microwave Limb Sounder MLS For this purpose we have created a stratospheric ozone reference dataset between June and September 2008 based on the assimilation of MLS data with the Belgian Assimilation System for Chemical Observations BASCOE During the MLS assimilation experiment the ozone state is saved in the space of ALTIUS previously determined with the ALTIUS orbit simulator then perturbed according to the ALTIUS error budget which creates ALTIUS synthetic observations The assimilation of these ALTIUS ozone profiles agrees well with those of MLS The assimilation of the different modes of ALTIUS reveals that all modes are necessary to constrain ozone during the polar night solar and stellar occultations are the most constraining during the June August period while limb scattering profiles are the most constraining from September onward,positive,0.5732
At the end of its second decade the Surface Ocean Lower Atmosphere Study SOLAS continues to expand critical collaborations in Earth system research opening new gateways between the disciplines of oceanic and atmospheric science The collection of papers in this Special Feature highlights important recent advances in air sea interaction science emphasizing emerging priorities and critical challenges Since the last SOLAS synthesis in 2014 the community has gained a more nuanced understanding of the variety of marine sources of atmospheric aerosols the influence of chemical speciation on atmospheric deposition and resulting biogeochemical impacts in the ocean the mechanistic microscale controls of aerosol production and gas exchange at the sea surface and also how air sea exchange processes are influencing and responding to climate change among numerous other advances At the same time SOLAS scientists have engaged more directly with socio economic networks and in the development and evaluation of environmental and policy decisions In addition to substantial contributions to improved understanding of the global cycling of greenhouse gases SOLAS scientists are examining the impacts of new shipping regulations and contributing to development of frameworks for climate intervention research and governance However challenges remain including characterizing the variability in air sea gas exchange particularly in coastal regions and identifying mechanisms by which marine emissions influence cloud dynamics and thereby coupled marine and atmospheric feedbacks to climate change Addressing these and other challenges requires development of innovative scientific tools e g chemical sensors expanded and integrated observational networks machine learning algorithms and also new inter and trans disciplinary collaborations to ensure that air sea exchange research continues to transcend boundaries in tackling current and emerging global challenges,positive,0.9964
On the effects of hydrocarbon and sulphur containing compounds on the CCN activation of combustion particles A Petzold M Gysel X Vancassel R Hitzenberger H Puxbaum S Vrochticky E Weingartner U Baltensperger and P Mirabel Institut für Physik der Atmosphäre DLR Oberpfaffenhofen 82234 Wessling Germany School of Earth Atmospheric and Environmental Sciences University of Manchester P O Box 88 Manchester M60 1QD UK Atmospheric Oceanic and Planetary Physics University of Oxford Clarendon Laboratory Parks Road Oxford OX1 3PU UK Institute for Experimental Physics Univ of Vienna Boltzmanngasse 5 1090 Vienna Austria Institute for Chemical Technologies and Analytics Vienna University of Technology Getreidemarkt 9 164UPA Vienna Austria Laboratory of Atmospheric Chemistry Paul Scherrer Institut PSI 5232 Villigen Switzerland Universite Louis Pasteur 28 rue Goethe 67000 Strasbourg France,positive,0.9989
The Mediterranean basin is a particularly vulnerable region to climate change partly due to its quite unique character that results both from physiographic conditions and societal development The region features indeed a near closed sea surrounded by very urbanised littorals and mountains from which numerous rivers originate This results in a lot of interactions and feedbacks between oceanic atmospheric hydrological processes that play a predominant role on climate and extreme events that frequently cause heavy damages and human losses in the Mediterranean These highimpact weather events are heavy precipitation and flash flooding during the fall season severe cyclogenesis associated,positive,0.9938
with strong winds and large swell or heat waves and droughts accompanied by forest fires during summer If during the last decade numerical weather prediction NWP have made considerable progress in terms of realistic modelling of intense events especially with the implementation,positive,0.9697
by national weather services of convection permitting models they still have difficulties to predict the precipitation location and amount with the precision required to drive hydrological models and more generally to meet societal demands in the field of early warning and risk prevention One of the current challenges is to quantify the uncertainties associated with these atmospheric model forecasts and to study their spread throughout the forecasting and warning chains Also the Mediterranean region is qualified as a hot spot for climate change However the evolution of intense events in the Mediterranean with climate change is still an open question Studies on the evolution of extremes with climate change rely on a cascade of models and methods all sources of uncertainty that need to be better quantified to assess the likelihood of climate projections and of their impacts The MEDUP project 2008 2011 sponsored by the French National Research Agency ANR Vulnerabilite Milieux et Climat,positive,0.9888
program focused on these issues Its objectives were to quantify and reduce the uncertainties associated with NWP and regional climate models and to study how they propagate on the environment and may combine with the intrinsic uncertainties of the vulnerability and risk analysis methods An original feature of MEDUP was to address these questions at one and the same time for weather forecasting 1 4 day range seasonal forecasting 1 3 month range and climate scenario simulations 50 100 yr range MEDUP was also innovative in considering the whole uncertainty chain from the atmospheric modelling of high impact weather events to their consequences on the environment The region of interest was the northwestern Mediterranean in southern France,positive,0.9866
a region with complex coast shapes and mountains Highimpact weather events considered in MEDUP are heavy precipitation severe winds and long dry weather periods favouring droughts This special issue of Natural Hazards and Earth System Sciences contains 14 articles presenting most of the studies carried out within the MEDUP project In the following we summarize for each of the prediction,positive,0.9593
ranges the content and main results of the papers published in this special issue together with references to some other studies performed within MEDUP,positive,0.8219
The El Niño Southern Oscillation ENSO is characterized by being irregular or nonperiodic and asymmetric between El Niño and La Niña with respect to amplitude pattern and temporal evolution These observed features suggest the importance of nonlinear dynamics and or stochastic forcing Both nonlinear deterministic chaos and linear dynamics subject to stochastic forcing and or to non normal growth were introduced to explain the irregularity of ENSO but no consensus has been reached to date given the short observational record As a dominant source of stochastic forcing westerly wind bursts play a role in triggering amplifying and determining the irregularity and asymmetry of ENSO which are best treated as part of the deterministic dynamics or as a multiplicative noise forcing Various nonlinear processes are responsible for the spatial and temporal asymmetry of El Niño and La Niña which includes nonlinear ocean advection nonlinear atmosphere ocean coupling state dependent stochastic noise tropical instability waves and biophysical processes In addition to the internal nonlinear processes a capacitor effect of the Indian and Atlantic Oceans and atmospheric and oceanic teleconnections from extratropical Pacific could also contribute to the temporal and amplitude asymmetry of ENSO Despite significant progress most state of the art models are still lacking in simulation of the spatial and temporal asymmetry of ENSO 1 Department of Atmospheric Sciences Yonsei University Seoul Republic of Korea 2 Department of Earth and Planetary Sciences and School of Engineering and Applied Sciences Harvard University Cambridge MA USA 3 Institute for Geophysics Jackson School of Geosciences The University of Texas at Austin Austin TX USA 4 Department of Atmospheric Sciences IPRC University of Hawai i at Ma noa Honolulu HI USA 154 EL NIÑO SOUTHERN OSCILLATION IN A CHANGING CLIMATE determine an atmosphere ocean coupled stability for ENSO system T Li 1997b An Jin 2000 Fedorov Philander 2000 and for example depending on the coupling strength ENSO system becomes a self sustained and possibly chaotic oscillator under a strong coupling and a damped oscillator under a weak coupling An Jin 2001 It has been suggested that some decades may be characterized by a self sustained possibly chaotic dynamics while others show a damped ENSO cycle excited by stochastic variability Kirtman Schopf 1998 However a bifurcation between stable and unstable regimes tends to be ambiguous in the presence of noise e g Levine Jin 2010 Westerly wind bursts WWBs are episodic reversals of the equatorial trade winds with a strength of 5 to 7 ms 1 zonal extent of 20 40 degrees duration of 5 30 days and frequency of around 5 to 10 times per year Harrison Vecchi 1997 L Yu et al 2003 Seiki Takayabu 2007a These events a dominant source of stochastic forcing play a role in triggering amplifying and even determining the spatial pattern of ENSO events Harrison Vecchi 1997 Eisenman et al 2005 Levine Jin 2010 Rong et al 2011 D Chen et al 2015 Hayashi Watanabe 2017 WWBs were initially considered as additive stochastic forcing e g Moore Kleeman 1999 yet it became clear that they depend on the background SST and tend to occur more frequently during a developing El Niño Verbickas 1998 L Yu et al 2003 Eisenman et al 2005 These events are thus best treated as part of the deterministic dynamics or as a state dependent multiplicative noise forcing with important implications to amplitude and predictability of El Niño events El Niño is not a simple mirror image of its opposite phase La Niña El Niño s amplitude is on average greater than that of La Niña Deser Wallace 1987 Burgers tephenson 1999 An Jin 2004 El Niño is often followed by a La Niña in the following year but the opposite is much less common Larkin Harrison 2002 M Chen et al 2016 An Kim 2017 After their mature phase many La Niñas persist through the following year but most of El Niños tend to decay rapidly by next summer Ohba Ueda 2007 Okumura Deser 2010 Choi et al 2013 DiNezio Deser 2014 An Kim 2018 Strong El Niños are mainly loaded over the eastern Pacific with focusing toward the equator whereas strong La Niñas are mostly loaded over the central Pacific with a wider latitudinal extension Hoerling et al 1997 Kang Kug 2002 Takahashi et al 2011 Dommenget et al 2013 Such amplitude duration transition pattern asymmetries between El Niño and La Niña may not be surprising given the nonlinear internal dynamics and or selective external impacts e g An Kim 2018 Asymmetrical internal nonlinear processes that are responsible for amplitude asymmetry include the vertical ocean temperature profile Zebiak Cane 1986 ocean nonlinear advection An Jin 2004 Su et al 2010 asymmetric equatorial wind response to SST Kang Kug 2002 Frauen Dommenget 2010 Choi et al 2013 ocean wave response to the wind stress An Kim 2017 2018 outcropping thermocline nonlinearity Battisti Hirst 1989 Galanti et al 2002 An Jin 2004 state dependent stochastic forcing Jin et al 2007 Kug et al 2008 Rong et al 2011 Levine et al 2016 Hayashi Watanabe 2017 tropical instability wave activity J Yu Liu 2003 An 2008a 2008b biophysical feedback Timmermann Jin 2002 shortwave feedback Lloyd et al 2012 etc Transition duration asymmetry has been attributed to a selective capacitor effect of the Indian and Atlantic oceans Ohba Ueda 2007 Okumura Deser 2010 An Kim 2018 development of subtropical western Pacific atmospheric circulation during decaying phase of ENSO to boost ENSO transition B Wang et al 1999 B Wang et al 2001 Y Li et al 2007 B Wu et al 2010a and some of aforementioned internal nonlinear processes Choi et al 2013 Im et al 2015 M Chen et al 2016 An Kim 2017 2018 M Chen Li 2018 This chapter focuses on the irregularity of ENSO and on its amplitude and evolution asymmetries In section 7 2 the origin of irregularity will be addressed together with the role of westerly wind burst events Mechanisms for amplitude asymmetry will be discussed in section 7 3 The cause of evolution asymmetry will be reviewed in section 7 4 and we include conclusion and discussion in section 7 5,positive,0.9992
doi 10 7185 geochemlet 1729 Nitrogen isotope compositions δ15N values of kerogen in the sedimentary rocks from the 1878 Ma Gunflint Formation were analysed to understand the relationships among microbial activities ocean chemistry and tectonic evolution in the Animikie Basin In the present study the stepwise combustion analysis performed on 13 kerogen samples indicates that the δ15N values of kerogen can be sub divided into two fractions with discrete values depending on the combustion temperatures a lower temperature fraction from 500 to 575 C and a higher temperature fraction higher than 575 C A positive correlation was observed between the δ15N values of the lower temperature fractions and Pr Sm ratios which represent contributions from the continental input In contrast no correlation was observed between the δ15N values of the higher temperature fractions and the Pr Sm ratios This relationship between the δ15N values and the continental inputs is explained by the isotopic fractionation effects of the biological nitrogen cycle associated with the enhanced microbial activity triggered by the active tectonic settings in the Animikie basin Received 17 February 2017 Accepted 21 June 2017 Published 5 August 2017 1 Department of Earth Science Graduate School of Science Tohoku University Sendai 980 8578 Japan Present address Institute for Excellence in Higher Education Tohoku University Sendai 980 8576 Japan Corresponding author email ishidaz m tohoku ac jp 2 Department of Earth and Space Sciences Graduate School of Science Osaka University Toyonaka 560 0043 Japan Present address Division of Earth and Environmental Science Faculty of Science Ibaraki University Mito 3108512 Japan Introduction The nitrogen isotope compositions δ15N values of organic matter OM found in ancient sedimentary rocks are used as proxies for reconstructing the microbial nitrogen cycle and the palaeo oceanic environment e g Beaumont and Robert 1999 Shen et al 2006 Ader et al 2016 Stüeken et al 2016 OM in sedimentary rock is considered to be a complex mixture of several organisms however they are poorly understood In the stepwise combustion method components hosted by different carriers which are intimately mixed in a sample and cannot be separated by other physical methods can be resolved based on the combustion temperature A preliminary study was performed using kerogen samples extracted from two rock samples from the Gunflint Formation indicating temperature dependent δ15N heterogeneities within each kerogen sample Ishida et al 2012 In this study we further examined 11 samples in search of internal δ15N heterogeneities in the Gunflint kerogen The Gunflint Formation belonging to the Animikie Group is located on the northwestern shore of Lake Superior Ontario Canada Goodwin 1956 The age of the Gunflint Formation is estimated as 1878 1 3 Ma by U Pb dating Fralick et al 2002 An evolution model for the Animikie Basin has been proposed by e g Schulz and Cannon 2007 The tectonic evolution in this region leads to transition from foreland type volcanism to the back arc type volcanism resulting in active supply of detrital material from the continent In the present study samples were collected covering the variation representative of shallow to deep lithology Lithology and whole rock major and trace element geochemistry which were consistent with previous studies are summarised in Supplementary Information Stepwise Nitrogen Analysis of Kerogen The stepwise combustion method discriminates organic nitrogen fractions with different chemical natures The analytical protocols and performances are described in Ishida et al 2012 and references therein Kerogen samples were combusted in an oxygen atmosphere with temperatures from 450 oC to 1100 oC No isotope measurement was performed at 450 oC where surficial contamination such as adsorbed nitrogen and or ammonium ions dominates Empirically two distinct nitrogen isotope plateaus appear in kerogen analyses one appears at temperatures between 475 oC and 575 oC lower temperature fraction LT fraction and the other appears at temperatures more than 575 oC higher temperature fraction HT fraction Ishida et al 2012 Between 475 oC and 575 oC combustion temperatures were increased in 25 oC steps to precisely resolve LTand HT fractions Beyond this temperature range one batch of combustion was performed at 1100 oC for analyses of the HT fraction Besides the stepwise combustion δ15N values of bulk kerogen were also determined Geochemical Perspectives Letters Letter Geochem Persp Let 2017 4 13 18 doi 10 7185 geochemlet 1729 14 Nitrogen Isotope Heterogeneity in Gunflint Kerogen The δ15N values of the bulk kerogen samples ranging between 2 9 and 8 0 are consistent with previous reports e g Beaumont and Robert 1999 Godfrey et al 2013 The isotope shift by metamorphism can induce preferential release of 14N from the OM However the low metamorphic grade of the Gunflint Formation below greenschist facies cannot be responsible for a significant fractionation up to 5 e g Haendal et al 1986 Ader et al 2016 The lack of systematic correlation between δ15N values and C N ratios among kerogen samples expected by the metamorphism e g Haendal et al 1986 supports the above argument Fig S 3 The modern marine biosphere involves a nitrogen biological cycle that consists mainly of fixation N2 NH4 nitrification NH4 NO2 NO3 and denitrification NO3 NO2 N2 When biological N2 fixation is dominant the δ15N values of OM tend to be close to the atmospheric value 0 because of minimal isotopic fractionation expected in fixation However when nitrification and denitrification are coupled with fixation the δ15N value of OM may grow to positive values This isotopic shift is considered as evidence of isotopic fractionation driven by biological nitrification and denitrification e g Shen et al 2006 Brandes et al 2007 Sigman et al 2009 Hashizume et al 2016 The δ15N values of OM can vary depending on the balance between the rate of N2 fixation and the rates of nitrification denitrification e g Lehmann et al 2002 Pinti and Hashizume 2011 For example Papineau et al 2013 reported that the δ15N values of OM in Palaeoproterozoic Indian sedimentary formations were approximately 0 These values were interpreted to be the result of a system dominated by N2 fixation associated with cyanobacterial blooms In contrast our data show much more positive δ15N values for the bulk kerogen samples reaching values as high as 8 Such positive values suggest that nitrite and nitrate were available in the Gunflint ocean Kerogen from Palaeoproterozoic samples except for phosphatic shales also exhibit positive values up to 12 e g Beaumont and Robert 1999 Papineau et al 2009 Godfrey et al 2013 Stüeken et al 2016 To operate such a biological nitrogen cycle oxygenated surface water is required at this time Stepwise combustion analyses of δ15N were performed on kerogen samples mainly from the Current River section see Supplementary Information and Table S 2 In this section the lithology changed from shale 0714 0715 to carbonate sand zone 0711 to 0703 to arkosic sandstone 0701 0702 Such lithological changes represent a local marine regression Figure 1 shows the results of the stepwise combustion analyses performed on 13 kerogen samples in our study The average δ15N values of the LT fractions and the HT fractions δNLT and δNHT respectively were calculated using the δ15N values and the released amounts for the relevant temperature steps Some samples exhibited higher δNHT than δNLT while other samples exhibited the opposite trend The ranges of the δ15N values for both fractions are similar to the overall range of bulk kerogen δ15N values In most samples the HT fractions have lower amounts of nitrogen than those of the LT fractions The differences in the combustion temperature possibly correspond to differences in the carbon structure for fractions of kerogen that co exist in OM Ishida et al 2012 Figure 1 Results of the stepwise combustion analyses of 13 kerogen samples from the Gunflint Formation samples 0704 and 0708 are cited from Ishida et al 2012 Nitrogen concentrations white bars and δ15N values black squares are shown The average δ15N values and errors of both the lower temperature and the higher temperature fractions are shown as light green and dark green bars respectively Original data are summarised in Table S 2,positive,0.9928
Cloud computing platforms can provide fast and easy access to complex Earth science models and large datasets This article presents a mature capability for running the GEOS Chem global 3D model of atmospheric chemistry on the Amazon Web Services AWS cloud GEOS Chem users at any experience level can get immediate access to the latest standard version of the model in a preconfigured software environment with all needed meteorological and other input data and they can analyze model output data easily within the cloud using Python tools in Jupyter notebooks Users with no prior knowledge of cloud computing are provided with easy to follow step by step instructions They can learn how to complete a demo project in less than one hour and from there they can configure and submit their own simulations The cloud is particularly attractive for beginning and occasional users who otherwise may need to spend substantial time configuring a local computing environment Heavy users with their own local clusters can also benefit from the cloud to access the latest standard model and datasets share simulation configurations and results benchmark local simulations and respond to surges in computing demand Software containers allow GEOS Chem and its software environment to be moved smoothly between cloud platforms and local clusters so that the exact same simulation can be reproduced everywhere Because the software requirements and workflows tend to be similar across Earth science models the work presented here provides general guidance for porting models to cloud computing platforms in a user accessible way,negative,0.4685
Key Laboratory of Submarine Geosciences and Prospecting Technology College of Marine Geosciences Ocean University of China Qingdao China Laboratory for Marine Geology Qingdao National Laboratory for Marine Science and Technology Qingdao China State Key Laboratory of Marine Geology Tongji University Shanghai China College of Marine Science Hainan University Haikou China Department of Marine Earth and Atmospheric Sciences North Carolina State University Raleigh NC United States,positive,0.9875
We present the results of the photometric and spectroscopic monitoring of the luminous Ap star HD 103498 The time series photometric observations were carried out on 17 nights using a three channel fast photometer attached to the 1 04 m optical telescope at the Aryabhatta Research Institute of Observational Sciences ARIES Nainital The photometric data from five nights in 2007 show a clear signature of 15 min periodicity However the follow up observations during 2007 2009 did not reproduce any such periodicity To confirm the photometric light variations time series spectroscopic observations were carried out with the 2 56 m Nordic Optical Telescope NOT at La Palma on 2009 February 2 No radial velocity variations were present in this data set which is in full agreement with the photometric observations taken around the same date Model atmosphere and abundance analysis of HD 103498 show that the star is evolved from the main sequence and its atmospheric abundances are similar to those of two other evolved Ap stars HD 133792 and HD 204411 large overabundances of Si Cr and Fe and moderate overabundances of the rare earth elements These chemical properties and a higher effective temperature distinguish HD 103498 from any known roAp star,positive,0.9966
The Plankton Aerosol Cloud ocean Ecosystem PACE mission is a strategic climate continuity mission that was defined in the 2010 document Responding to the Challenge of Climate and Environmental Change NASA s Plan for Climate Centric Architecture for Earth Observations and Applications from Space referred to as the Climate Initiative Launched on February 8 2024 the PACE mission represents NASA s next investment in ocean biology clouds and aerosol data records 1 PACE will extend the high quality ocean ecological ocean biogeochemical cloud and aerosol particle data records begun by NASA in the 1990s building on the exceptional heritages of the Sea Viewing Wide Field of View Sensor Sea WiFS the Moderate Resolution Imaging Spectroradiometer MODIS the Multi angle Imaging SpectroRadiometer MISR and the Visible Infrared Imaging Radiometer Suite VIIRS 2 The PACE project office at NASA s GSFC was responsible for the satellite development launch and operations The NASA Headquarters PACE Program Science office is responsible for supporting the science data processing system and assembling competed community science teams which includes field based vicarious calibration and data product validation efforts to support the PACE Project Science team The mission launched into a Sun synchronous polar orbit at 676 5 km with an inclination of 98 degrees and a 1 pm local ascending node crossing time The PACE observatory is comprised of three instruments an Ocean Color Instrument OCI and two polarimeters the Hyper Angular Rainbow Polarimeter 2 HARP2 and the Spectro Polarimeter for Exploration SPEXone The OCI is the primary instrument on the observatory and was developed at Goddard Space Flight Center GSFC It is a hyperspectral scanning radiometer designed to measure spectral radiances from the ultraviolet to shortwave infrared SWIR to enable advanced ocean color and heritage cloud and atmospheric aerosol science 3 5 NASA Headquarters directed the mission development to be guided by a Design to Cost DTC process All elements of the mission other than the cost are in the DTC trade space At the heart of the DTC process are the mission studies performed across all the mission elements The mission studies were used to define appropriate approaches within and across elements while maximizing science capabilities at a high cost confidence Mission baseline requirements development is also embedded within the DTC process as these requirements were not established at the onset of the mission concept development Baseline mission requirements are a product of the mission studies and are defined by the project office as part of the DTC process At the time of this writing OCI has been commissioned as part of the PACE observatory and has begun operational science data collection This paper provides a look into the design to cost trade space and how it influenced the Ocean Color Instrument development and capabilities from concept to commissioning,positive,0.7729
Council of the Russian Academy of Sciences RAS for the Cosmic Rays comprehensive problem member of the bureau of RAS Council for Space and director of the Research Institute of Nuclear Physics INP of Lomonosov Moscow State University MSU died suddenly on 3 November 2020 at the age of 75 Mikhail Igorevich Panasyuk graduated from the Physical Department of MSU in 1967 and in 1972 he completed the postgraduate course That same year he defended his candidate thesis and in 1988 his doctoral thesis In 1993 M I Panasyuk was conferred the academic rank of professor Mikhail Igorevich s whole life was connected with the Research Institute of Nuclear Physics where he worked for over 50 years 30 of which as director M I Panasyuk s scientific interests were concentrated on space physics namely ground based and satellite experiments on space radiation planet magnetospheres and cosmic rays The pioneering Earth satellite experiments carried out with the participation and guidance of M I Panasyuk yielded fundamental scientific results the possibility of resonance acceleration of ions in Earth s radiation belts affected by quasi periodic magnetic field fluctuations was proved and the role of radial diffusion of radiation belt particles under the action of electrostatic and magnetic field fluctuations were determined Priority in these areas was recognized by foreign specialists The studies initiated by M I Panasyuk of magnetospheric ring current responsible for geomagnetic storm generation and of the role of ionospheric oxygen as the main ring current component determining along with solar plasma protons geomagnetic storm energy became widely known throughout the world M I Panasyuk was the author of unique satellite experiments aimed at investigating anomalous cosmic rays which led to the discovery of a new phenomenon in nearEarth space i e the formation of Earth s radiation belt consisting of anomalous cosmic ray particles and to proof of its relation to neutral interstellar gas particles The international high altitude balloon experiment in Antarctica for cosmic ray studies in the poorly known energy range ATIC was realized under the guidance of M I Panasyuk He was one of the coordinators of work on the now developed TAIGA projectÐ the international astrophysical observatory near Lake BaikalÐaimed at high energy cosmic ray and gamma ray quantum research M I Panasyuk initiated and developed with his colleagues numerous satellite based space experiments that underlay the space research programs at LomonosovMSU Among them are the Tatyana 1 2005 and Tatyana 2 2009 satellites which yielded results on extreme phenomena in Earth s atmosphereÐtransient electric discharges in its upper layers Under his guidance space experiments were carried out aboard the Vernov satellite 2014 to examine the effect of space radiation on the upper atmospheric layers and to study the dynamics of Earth s radiation belts as well as the Nuklon experiment for investigating the chemical composition of galactic cosmic rays M I Panasyuk was research supervisor of experiments aboard a unique astrophysical laboratoryÐ the Russian university satellite Lomonosov 2016 In addition to fundamental space research M I Panasyuk supervised scientific and applied experiments on space radiation monitoring aboard Russian meteorological satellites in the Meteor Elektro Glonass and Kosmos series and the International Space Station For his scientific studies M I Panasyuk was awarded the Prize of the USSRMinistry of Higher and Secondary Special Education 1985 and the M V Lomonosov Prize 1999 He was recognized for excellence 1987 and as an honored worker in higher education in Russia 2005 M I Panasyuk taught in the Physical Department at MSU From 1992 Professor M I Panasyuk was head of the Uspekhi Fizicheskikh Nauk 191 3 331 332 2021 Translated by M V Tsaplina PERSONALIA PACS number 01 60 q,positive,0.7302
Abstract Climate change and artificial intelligence AI are increasingly linked sciences with AI already showing capability in identifying early precursors to extreme weather events There are many AI methods and a selection of the most appropriate maximizes additional understanding extractable for any dataset However most AI algorithms are statistically based so even with careful splitting between data for training and testing they arguably remain emulators Emulators may make unreliable predictions when driven by out of sample forcing of which climate change is an example requiring understanding responses to atmospheric greenhouse gas GHG concentrations potentially much higher than for the present or recent past The emerging AI technique of equation discovery also does not automatically guarantee good performance for new forcing regimes However equations rather than statistical emulators guide better system understanding as more interpretable variables and parameters may yield informed judgements as to whether models are trusted under extrapolation Furthermore for many climate system attributes descriptive equations are not yet fully available or may be unreliable hindering the important development of Earth system models ESMs which remain the main tool for projecting environmental change as GHGs rise Here we argue for AI driven equation discovery in climate research given that its outputs are more amenable to linking to processes As the foundation of ESMs is the numerical discretization of equations that describe climate components equation discovery from datasets provides a format capable of direct inclusion into such models where system component representation is poor We present three illustrative examples of how AI led equation discovery may help generate new equations related to atmospheric convection parameter derivation for existing equations of the terrestrial carbon cycle and additional to ESM improvement the creation of simplified models of large scale oceanic features to assess tipping point risks,positive,0.6795
Review,positive,0.7146
Stomatal Density and Index Are More Responsive to Light Intensity than to CO2 A Meta Analysis and Implications for Paleo CO2 Reconstruction,positive,0.839
Hendrik Poorter 1 2 Thijs L Pons 3 and Tammo Reichgelt 4,positive,0.5244
1 Horticulture and Product Physiology Wageningen University and Research PO Box 16 6700 AA Wageningen The Netherlands,positive,0.7569
2 Institute for Biogeosciencies IBG 2 Forschungszentrum Jülich 52325 Jülich Germany,positive,0.5267
3 Experimental and Computational Plant Development Institute of Environmental Biology Utrecht University 3512 PN Utrecht The Netherlands,positive,0.7518
4 Department of Earth Sciences University of Connecticut 354 Mansfield Road Storrs CT 06269 USA,positive,0.5862
Correspondence hendrik poorter wur nl,positive,0.7228
Received 21 September 2024 Revised 30 November 2024 Accepted 4 December 2024 Published 13 January 2025,positive,0.6411
Abstract Stomatal density is one of the plant traits influencing leaf gas exchange and is known to be affected by the plant s environment Understanding its degree of plasticity to various abiotic factors is therefore important We conducted a meta analysis of a wide range of experiments in which plants were grown under different levels of CO2 light temperature and water availability and derived generalized dose response curves Although both stomatal density and stomatal index showed a significant negative correlation with CO2 levels these relationships were weak and only marginally consistent across the analyzed experiments In contrast the effect of growth light intensity was positive highly consistent and substantially stronger than the impact of atmospheric CO2 Temperature also positively influenced stomatal density while water availability showed no consistent effects Based on these dose response curves we highlight several caveats when using stomatal density or stomatal index for paleo CO2 reconstruction The weak CO2 response coupled with the strong confounding impact of light intensity poses significant limitations to the accuracy of such estimates,positive,0.9984
The possible detection of ancient life in martian meteorite ALH84001 D S McKay et al Research Article 16 Aug p 924 1 raises questions about the likelihood that microorganisms might have been transported between Earth and Mars 1 2 A related question is whether martian samples to be returned by future spacecraft missions should be sterilized in order to protect Earth from possible contamination The survivability of such organisms on their journey between planetary habitats would depend on the flight time which determines the dose of damaging cosmic rays and ultraviolet radiation and the sample size which might protect a meteorite s interior from radiation and from the heat of atmospheric entry,positive,0.955
In an attempt to understand the distribution of cosmic ray exposure ages of the dozen known martian meteorites we numerically simulated the orbital histories of more than 2000 particles launched from Mars at speeds slightly above escape B J Gladman et al Research Article 8 Mar p 1387 3 these particles were followed as their orbits evolved as a result of close planetary encounters and distant perturbations of all the planets from Venus to Neptune In our simulation we found that a few percent of the martian particles struck Earth having typical transfer times of several million years ALH84001 s measured transfer age of about 15 million years is unusually long,positive,0.9965
Although terrestrial bacteria are known to have survived in vacuum for several years 2 4 transit times of millions of years may preclude safe passage Our simulations show however that a small fraction of martian ejecta launched just marginally faster than the martian escape speed could be found immediately on Earth crossing orbits Our simulations show that the rate of Earth deliveries was almost constant for the first 107 years which implies that on the order of 1 in 107 of the martian meteorites that reached Earth could have spent less than half of an orbital period in space less than a year The dozen recovered martian meteorites the majority of which have been on Earth for much less than 105 years represent only a tiny fraction of all the pieces of Mars currently on our planet and when one considers the much higher impact rate early in the solar system s history an even smaller proportion of those that have arrived throughout Earth s history Therefore fast transfers taking less than a year from Mars to Earth must have occurred numerous times during Earth s past We leave to others an appraisal of the likelihood of survival of martian organisms in the rigors of space and their fiery entry through Earth s atmosphere Because such an entry would hardly affect the center of a meteorite terrestrial weathering would eventually have exposed the pristine interior If martian microorganisms can survive a year in space many may have already arrived,positive,0.983
Large impact events could also have liberated some pieces of Earth at high speeds and simultaneously could have cleared an atmospheric channel through which a few particles might have slipped to Mars Our simulations show that about 0 1 of these rarely liberated terrene meteoroids could have found their way to Mars but even fewer than 1 in 107 of these would have had rapid transfer times,negative,0.0497
1 1 5 1 H J Melosh,negative,0.4873
Nature 332 687 1988,positive,0.6854
OpenUrl 6 CrossRef 7 PubMed 8,positive,0.9852
1 M Moreno,positive,0.6016
ibid 336 209 1988,positive,0.7062
1 J Goode,positive,0.6016
1 P C W Davies,positive,0.5533
in Evolution of Hydrothermal Ecosystems on Earth Proceedings of Ciba Foundation Symposium No 202 J Goode Ed Ciba Foundation London in press,negative,0.0071
2 2 9 1 F J Mitchell 2 W L Ellis,negative,0.0426
Analysis of Surveyor 3 Material and Photographs Returned by Apollo 12 National Aeronautics and Space Administration Washington DC 1972 239 248 G Horneck Nucl Tracks Radiat Meas 20 185 1992,negative,0.1313
1 lookup doi 10 1126 science 273 5277 924,positive,0.5311
2 ref 1,positive,0.6135
3 lookup doi 10 1126 science 271 5254 1387,positive,0.5417
4 ref 2,positive,0.6038
5 xref ref 1 1 View reference 1 in text,negative,0.4502
6 openurl query rft jtitle 253DNature 253B 2BPhysical 2BScience 2B 2528London 2529 26rft stitle 253DNature 253B 2BPhysical 2BScience 2B 2528London 2529 26rft aulast 253DMelosh 26rft auinit1 253DH 2BJ 26rft volume 253D332 26rft issue 253D6166 26rft spage 253D687 26rft epage 253D688 26rft atitle 253DThe 2Brocky 2Broad 2Bto 2Bpanspermia 26rft_id 253Dinfo 253Adoi 252F10 1038 252F332687a0 26rft_id 253Dinfo 253Apmid 252F11536601 26rft genre 253Darticle 26rft_val_fmt 253Dinfo 253Aofi 252Ffmt 253Akev 253Amtx 253Ajournal 26ctx_ver 253DZ39 88 2004 26url_ver 253DZ39 88 2004 26url_ctx_fmt 253Dinfo 253Aofi 252Ffmt 253Akev 253Amtx 253Actx,positive,0.7012
7 lookup external ref access_num 10 1038 332687a0 link_type DOI,positive,0.9865
8 lookup external ref access_num 11536601 link_type MED atom 2Fsci 2F274 2F5285 2F161 3 atom,negative,0.0836
9 xref ref 2 1 View reference 2 in text,negative,0.4157
Simple Summary Terrestrial ecosystems a key part of the Earth system can absorb about 31 of CO2 emissions generated by human activities which slows increasing atmospheric CO2 concentrations and global climate warming The ways in which terrestrial net primary production responds to elevated CO2 and associated climate change is a key topic of climate sciences This study estimated the responses of net primary production to quadrupled CO2 using 23 Earth system models and analyzed the underlying causes of uncertainties among the models The results showed that all of the models projected positive responses of net primary production with an averaged magnitude of 44 78 PgC year 1 and an uncertainty of 20 93 PgC year 1 The uncertainty came from many sources and this study emphasizes the role of different projections in CO2 induced climatic anomalies and different climate sensitivities These results provide a reliable estimation of global net primary production response to quadrupled CO2 and point out that more understanding and improvements are needed for Earth system models to represent both physical climatic processes and the terrestrial carbon cycle Abstract Terrestrial net primary production NPP is a key carbon flux that changes with rising atmospheric CO2 and CO2 induced climate change Earth system models are commonly used to investigate these NPP changes because of their fundamentally trustworthy ability to simulate physical climate systems and terrestrial biogeochemical processes However many uncertainties remain in projecting NPP responses due to their complex processes and divergent model characteristics This study estimated NPP responses to elevated CO2 and CO2 induced climate change using the Chinese Academy of Sciences Earth System Model version 2 CAS ESM2 as well as 22 CMIP6 models Based on CMIP6 pre industrial and abruptly quadrupled CO2 experiments the analysis focused on a comparison of the CAS ESM2 with the multi model ensemble MME and on a detection of underlying causes of their differences We found that all of the models showed an overall enhancement in NPP and that CAS ESM2 projected a slightly weaker NPP enhancement than MME This weaker NPP enhancement was the net result of much weaker NPP enhancement over the tropics and a little stronger NPP enhancement over northern high latitudes We further report that these differences in NPP responses between the CAS ESM2 and MME resulted from their different behaviors in simulating NPP trends with modeling time and are attributed to their different projections of CO2 induced climatic anomalies and different climate sensitivities These results are favorable for understanding and further improving the performance of the CAS ESM2 in projecting the terrestrial carbon cycle and point towards a need for greater understanding and improvements for both physical climatic processes and the terrestrial carbon cycle,positive,0.9794
1 Forschungszentrum Jülich GmbH Institute of Bioand Geosciences Agrosphere Institute IBG 3 Jülich Germany Department of Physics and Earth Sciences Università of Ferrara Ferrara Italy 3 Istituto Nazionale di Fisica Nucleare Ferrara Section Ferrara Italy GFZ German Research Centre for Geosciences Potsdam Germany 5 Institute of Environmental Science and Geography University of Potsdam Potsdam Germany 6 Earth Observation and Data Science University Corporation for Atmospheric Research UCAR Boulder NV United States Helmholtz Centre for Environmental,positive,0.9826
Nanosatellites are increasingly being used in space related applications to demonstrate and test scientific capability and engineering ingenuity of space borne instruments and for educational purposes due to their favourable low manufacturing costs cheaper launch costs and short development time The use of CubeSat to demonstrate earth imaging capability has also grown in the last two decades In 2017 a South African company known as Space Commercial Services launched a low orbit nanosatellite named nSight 1 The demonstration nanosatellite has three payloads that include a modular designed SCS Gecko imaging payload FIPEX atmospheric science instrument developed by the University of Dresden and a Radiation mitigation VHDL coding experiment supplied by Nelson Mandela University The Gecko imager has a swath width of 64 km and captures 30 m spatial resolution images using the red green and blue RGB spectral bands The objective of this study was to assess the interpretability of nSight 1 in the spatial dimension using Landsat 8 as a reference and to recommend potential earth observation applications for the mission A blind image spatial quality evaluator known as Blind Referenceless Image Spatial Quality Evaluator BRISQUE was used to compute the image quality for nSight 1 and Landsat 8 imagery in the spatial domain and the National Imagery Interpretability Rating Scale NIIRS method to quantify the interpretability of the images A visual interpretation was used to propose some potential applications for the nSight1 images The results indicate that Landsat 8 OLI images had significantly higher image quality scores and NIIRS results compared to nSight 1 Landsat 8 has a mean of 19 299 for the image quality score while nSight 1 achieved a mean of 25 873 Landsat 8 had NIIRS mean of 2 345 while nSight 1 had a mean of 1 622 The superior image quality and image interpretability of Landsat could be attributed for the mature optical design on the Landsat 8 satellite that is aimed for operational purposes Landsat 8 has a GDS of 30 m compared to 32 m on nSight 1 The image degradation resulting from the lossy compression implemented on nSight 1 from 12 bit to 8 bit also has a negative impact on image visual quality and interpretability Whereas it is evident that Landsat 8 has the better visual quality and NIIRS scores the results also showed that nSight 1 are still very good if one considers that the categorical ratings consider that images to be of good to excellent quality and a NIIRS mean of 1 6 indicates that the images are interpretable Our interpretation of the imagery shows that the data has considerable potential for use in geo visualization and cartographic land use and land cover mapping applications The image analysis also showed the capability of the nSight 1 sensor to capture features related to structural geology geomorphology and topography quite prominently,positive,0.8955
Knowledge of the global wind field is widely recognized as fundamental,positive,0.8816
to advancing our understanding and prediction of the total Earth,positive,0.9036
system The motion of the atmosphere directly affects a wide range of,positive,0.9471
geophysical processes including the horizontal transport of momentum,positive,0.8081
moisture chemical constituents and aerosols the evaporation of water,positive,0.7461
and heat from the land and oceans and atmospheric teleconnections,positive,0.8361
such as the influence of the tropical Pacific on the circulation of,positive,0.6841
the northern hemisphere middle latitudes An accurate depiction of the,positive,0.6849
atmospheric motion is also a key parameter for improving the skill of,positive,0.9349
weather forecasts Yet because wind profiles are primarily measured,positive,0.679
by land based balloon tethered instruments the oceanic areas,positive,0.7998
covering roughly three quarters of the Earth s surface and many,negative,0.2523
regions of the less developed tropical and southern hemisphere land,positive,0.7325
areas are poorly observed The gap between our requirements for global,negative,0.4369
wind data and their availability continues to widen For example as,positive,0.7372
faster computers become available to model the atmosphere with ever,positive,0.9825
increasing resolution and sophistication our ability to do so is,positive,0.6931
hampered because of the lack of data particularly wind profiles,negative,0.33
The Environmental Trace Gases Monitoring Instrument EMI is the first Chinese satellite borne UV Vis spectrometer aiming to measure the distribution of atmospheric trace gases on a global scale The EMI instrument onboard the GaoFen 5 satellite was launched on 9 May 2018 In this paper we present the tropospheric nitrogen dioxide NO2 vertical column density VCD retrieval algorithm dedicated to EMI measurement We report the first successful retrieval of tropospheric NO2 VCD from the EMI instrument Our retrieval improved the original EMI NO2 prototype algorithm by modifying the settings of the spectral fit and air mass factor calculations to account for the on orbit instrumental performance changes The retrieved EMI NO2 VCDs generally show good spatiotemporal agreement with the satellite borne Ozone Monitoring Instrument and TROPOspheric Monitoring Instrument correlation coefficient R of 0 9 bias Clouds play a key role in the atmosphere by completing the hydrological cycle and transferring water from the atmosphere to the earth s surface on the one hand and affecting terrestrial radiation and solar radiation on the other hand Although cloud properties are primarily affected by atmospheric dynamics cloud microphysical features which themselves are influenced by the number and chemical composition of aerosols that act as cloud condensation nuclei CCN and ice nuclei IN within cloud droplets also affect cloud formation,positive,0.8569
The extent and quality of aerosols impact on cloud formation is one of the important open question of climate science Volcanoes which are a rich source of various chemical compounds can help to improve the understanding of the effects of aerosols on clouds by providing a natural laboratory with locally high aerosol conditions adjacent to an unperturbed environment,positive,0.7803
In the present study the impacts of changing the aerosol number concentration on clouds are investigated using the ICON ART model For this purpose the Holuhraun volcano which erupted on the island of Iceland in 2014 was simulated It emitted small amounts of volcanic ash and large emissions of gases primarily sulfur dioxide SO2 which formed sulfate particles serving as CCN Three simulations representing low control and high emission conditions were conducted For the control simulation the source strength of SO2 was based on the estimate by Malavelle et al 2017 This rate then was reduced to one fifth for the low emission experiment and increased by a factor of 5 for the high emission experiment,negative,0.4166
First results indicate that increasing the source strength of SO2 is associated with an enhancement of sulfate aerosol number concentration and thus an increase of the number of cloud droplets but with strongly nonlinear effects For clouds within the volcanic plume droplet concentrations are already high in the low emission scenario and do not increase significantly with higher emission strengths partly due to model limitations In addition the effect of aerosols on the formation of cloud droplets is strongly dependent on environmental factors such as updraft velocity and supersaturation,positive,0.9543
Keywords Aerosol Cloud ICON ART Model Holuhraun eruption,positive,0.8141
West Africa s economy is mainly sustained on agriculture and over 70 of crops are rain fed Economic growth and food security in this region is therefore highly dependent on the knowledge of rainfall patterns According to the IPCC the Global South will seriously suffer from climate change As traditional rainfall patterns shift accurate rainfall information becomes crucial for farmers to optimize food production,positive,0.9813
The scarce rain gauge distribution and data transmission challenges make rainfall analysis difficult in these regions Satellites could offer a solution to this problem but present satellite products do not account for local characteristics and perform poorly in West Africa For example comparing the widely used TAMSAT and CHIRPS satellite rainfall products with ground data in our pilot area in the Northern Region of Ghana we found a very poor correlation with TAMSAT and CHIRPS grossly overestimating the number of rainy days while underestimating the amount of rainfall per event,negative,0.0188
The RainRunner rainfall retrieval algorithm developed within the Schools and Satellites SaS project aims to overcome the lack of ground data and good rainfall satellite products through Earth Observation and advanced Machine Learning ML SaS is being funded by the European Space Agency as one of the pilot projects of CSEOL Citizen Science and Earth Observation Lab It is being developed in a cooperation between TU Delft PULSAQUA TAHMO Ghana Smartphones4Water and the Ghana Meteorological Agency GMet,negative,0.3435
Research suggests that local characteristics are the reason for traditional rainfall retrieval algorithms to perform poorly in West Africa where the land surface temperature and the concentration of atmospheric aerosols are higher than in other regions in the world Hence RainRunner will utilize information relevant to the rain process other than the traditionally used cloud top temperature namely cloud amount atmospheric aerosols soil moisture and land surface temperature These data are derived from diverse sensors onboard ESA s Sentinel satellites S1 S2 S3 and S5P as well as MSG s Aviris The satellite products together with a Digital Elevation Model will be pre processed into datacubes to be fed to a Convolutional Neural Network CNN to estimate precipitation for a certain geographic point,positive,0.7385
CNNs have shown to achieve better results when modelling complex natural processes than other ML algorithms when provided with big amounts of data and well designed architectures that represent the physical process knowledge Furthermore they have the main advantages of computing efficiency and the ability to represent processes beyond numerical simulations The latter is essential for understanding the complex interactions between variables therefore resulting in not only improving rainfall estimates but also in increasing our understanding of processes in poorly measured regions,positive,0.9881
The Proof of Concept algorithm will be trained and validated with TAHMO and GMet ground measurements Eventually the training and validation dataset will incorporate data acquired by a rainfall observation network combining low cost sensors and Citizen Science data collected by schoolchildren in Ghana,positive,0.9733
Once operative the RainRunner will guide agricultural extension agents support crop insurance and ultimately contribute to economic growth and food security in the Global South,negative,0.4947
The seminal Miller Urey experiment suggests that lightning may have contributed to the origin of life on Earth through the formation of amino acids and carbon acids We here focus on the early stages of lightning in the atmosphere of Primordial Earth so called streamer discharges We discuss rate coefficients for electrons and study electron avalanches and avalanche to streamer transitions by modeling the motion of electrons with a 2 5 D particle in cell Monte Carlo code in the strongly reducing atmosphere used by Miller and Urey MU and the weakly reducing atmospheric suggested more recently by Kasting 1993 https doi org 10 1126 science 11536547 for Earth 3 8 Ga ago and compare results with conditions on Modern Earth Our simulations show that streamers incept at fields of 140 180 Td in Kasting s mixture and at fields of 114 Td in the MU mixture thus their inception is more difficult in Kasting s mixture Conclusively discharges on Primordial Earth might have been more challenging to incept,negative,0.2476
NASA s Earth Radiation Budget Science Team ERB ST Previously known as the CERES Science Team is a multi disciplinary team led out of NASA s Langley Research Center which has the responsibility for governance of the nation s multi decadal Earth Radiation Budget Climate Data Record ERB CDR The Science Data Processing System which produces the ERB CDR is highly complex producing Level one through Level 4 products The system ingests data from 15 different instruments on 9 different spacecraft 5 GEO and 4 LEO as well as other ancillary information producing 25 different products with consistent TOA Surface and atmospheric radiative fluxes cloud and aerosol properties on multiple spatial and temporal scales Spatial scales vary from instantaneous pixel 25 km 1 deg grid zonal regional and global means while temporal scales vary across instantaneous hourly 3 hourly to monthly scales Accuracy and precision values vary across the various spatial and temporal scales with the long term goal of measuring decadal trends of better than 0 3 W m 2 per decade,negative,0.2755
Instrument calibration and precision as measured through the post launch protocols is one of many considerations that drive the decision to reprocess others include but are not limited to validation and instantiation of new algorithms across all levels of products outside teams reprocessing the products we ingest the launch of new instrumentation to replace operational weather imagers on Geo satellites updates to processing hardware and of course resource availability These all need to be managed considered in order to provide the global community products of sufficient accuracy and precision on a time scale which allows continued advancement and discovery of key scientific questions such that policy makers may make informed decisions,positive,0.996
This presentation will highlight the processes and protocols the Earth Radiation Budget Science Team utilizes to guide reprocessing decisions identifying lessons learned and best practices,positive,0.985
Together in difference a review symposium on Everyday Equalities Making Multicultures in Settler Colonial Cities by Ruth Fincher Kurt Iveson Helga Leitner and Valerie Preston Michele Lobo Jayani J Bonnerjee Helen F Wilson Ruth Fincher Kurt Iveson Helga Leitner and Valerie Preston School of Humanities and Social Sciences Deakin University Melbourne Australia Jindal School of Liberal Arts and Humanities O P Jindal Global University Sonipat India Department of Geography Durham University UK School of Geography Earth and Atmospheric Sciences University of Melbourne Australia School of Geosciences University of Sydney Australia Department of Geography UCLA Los Angeles CA USA Department of Geography York University Toronto Canada,positive,0.9156
