text,polarity,subjectivity
"GEOMAGNETIC FORECASTS: Forecasts of the likelihood (from 1% to 99%) that the daily geomagnetic activity level will reach a particular activity category. The four categories are Quiet to Unsettled, Active, Minor Storm, and Major to Severe Storm. The geomagnetic category assigned to a day is determined by the highest observed k-index for the day. Quiet to Unsettled = k 0 to k 3, Active = k 4, Minor Storm = k 5, and Major to Severe Storm = k 6 to k 9. Middle-latitude forecasts are verified against Fredericksburg, VA observations and High-latitude forecasts are verified against College, AK observations. Forecast lead times range from one to three days.",-0.0075000000000000015,0.36
TROPICAL CYCLONES: The generic term for a non-frontal synoptic scale low-pressure system over tropical or sub-tropical waters with organized convection (i.e. thunderstorm activity) and definite cyclonic surface wind circulation.,0.0,0.25
SEVERE TROPICAL CYCLONES: A severe tropical cyclone in the North Indian Ocean.,0.0,0.0
"STURGEONS/PADDLEFISHES: Phylum Chordata. Class Actinopterygii. Order Acipenseriformes, which includes sturgeons and paddlefish, are ray-finned fish with a cartilaginous endoskeleton and no vertebral centrum",0.0,0.0
SOIL TEMPERATURE: The degree of hotness or coldness of the soil as measured on some definite temperature scale.,0.0,0.5
"FROZEN GROUND: Soil within which the moisture has predominantly changed to ice, the unfrozen",0.0,0.0
portion being in vapor phase.,0.0,0.0
Ice within the soil bonds (adfreezes) adjacent soil particles and renders,0.0,0.0
frozen ground very hard. Permanently frozen ground is called permafrost. Dry,-0.22291666666666668,0.6520833333333333
frozen ground is relatively loose and crumbly because of the lack of bonding,-0.07692307692307693,0.2692307692307692
ice. Frozen ground is sometimes inadvisedly called frost or ground frost.,0.0,0.0
SNOW DEPTH: Pertaining to the thickness of snow pack throughout the year.,0.0,0.0
ULTRAVIOLET FLUX: The amount of ultraviolet radiation transferred across a given unit of surface,0.0,0.0
area in a given unit of time.,0.0,0.0
"SEDIMENT COMPOSITION: The composition of sediment including parent rock lithology, mineral composition, and chemical make-up.",0.0,0.0
"SOIL COLOR: The property of a soil that is based upon three components of hue, chroma (intensity or brightness), and value (lightness or darkness).",0.0,0.0
"SEA CLIFFS: A significant vertical, or near vertical, rock exposure. Cliffs are formed as erosion landforms due to the processes of erosion and weathering that produce them. Cliffs are common on coasts, in mountainous areas, escarpments and along rivers.",0.012499999999999997,0.5375
WATER VAPOR INDICATORS: Methods of expressing water vapor.,0.0,0.0
"ATMOSPHERIC WATER VAPOR: (Also called aqueous vapor, moisture.) Water substance in vapor form; one of the most important of all constituents of the atmosphere.Air in motion relative to the surface of the earth.",0.030000000000000006,0.5
"SULFUR DIOXIDE SURFACE: Acidic gas, formula SO2, formed in the combustion of many fuels and in the oxidation of naturally occurring sulfur gases measured at the earth's surface. It is the primary sulfur gas emitted from combustion sources and is a precursor to sulfuric acid, which is a major constituent of acid rain.",0.265625,0.475
ELECTRICAL PROPERTIES: An important baseline measurement in ice cores is electrical conductivity.,0.4,1.0
"Electrical conductivity measurements (ECM) of the core is a very rapid methodto indicate how acidic the core is without the chemical detail of the ionanalyses. The value of the measurement is that it can be done for the wholelength of the core in high resolution and provide an immediate picture of thecore and allow quick detection of interesting areas, such as a volcaniceruptions. Because it is a high resolution, continuous measurement it can beused, along with the other measurements, for time frequency analysis in orderto identify cycles in the climate signal.",0.17547619047619048,0.46499999999999997
"REFLECTANCE: A general term referring to the radiation reflected from, or scattered back through, a given surface in response to radiation incident on the surface with the same wavelength or wavelength range.",0.016666666666666673,0.20833333333333334
PRESSURE ANOMALIES: The deviation of atmospheric pressure in a given region over a specifiedperiod from the long-term average value for the same region.,-0.049999999999999996,0.17499999999999996
MUTUALISM: Mutualism is an interaction between two species in which both benefit fromthe association and cannot live separately.,0.13636363636363635,0.5
"SPECIES/POPULATION INTERACTIONS: Describes the dynamics of species or populations, and how these populationsinteract with the environment by fitting evolutionary strategies.",0.5,0.5
ULTRAVIOLET WAVELENGTHS: Situated beyond the visible spectrum at its violet end —used of radiation having a wavelength shorter than wavelengths of visible light and longer than those of X-rays,0.4,0.7
"SUB-ATOMIC PARTICLE FLUX: These particles include atomic constituents such as electrons, protons, and",0.0,0.5
"neutrons (protons and neutrons are actually composite particles, made up of",0.0,0.1
"quarks), as well as other particles such as photons and neutrinos which are",-0.0625,0.4375
"produced copiously in the sun. However, most of the particles that have been",0.5,0.5
discovered and studied are not encountered under normal earth conditions; they,0.15,0.6499999999999999
are produced in cosmic rays and during scattering processes in particle,0.0,0.0
accelerators.,0.0,0.0
"EAST CENTRAL TROPICAL PACIFIC SST: The NINO3.4 index is one of several El Niño/Southern Oscillation (ENSO) indicators based on sea surface temperatures.NINO3.4 is the average sea surface temperature anomaly in the region bounded by 5°N to 5°S, from 170°W to 120°W. This region has large variability on El Niño time scales, and is close to the region where changes in local sea-surface temperature are important for shifting the large region of rainfall typically located in the far western Pacific.An El Niño or La Niña event is identified if the 5-month running-average of the NINO3.4 index exceeds +0.4°C for El Niño or -0.4°C for La Niña for at least 6 consecutive months.",0.02835497835497836,0.4006493506493506
"PARTICLE SIZE DISTRIBUTION: The frequency distribution of drop sizes (diameters, volumes) that is characteristic of a given cloud or of a given fall of rain.Most natural clouds have unimodal (single maximum) distributions, but occasionally bimodal distributions are observed. In convective clouds, the drop-size distribution is found to change with time and to vary systematically with height, the modal size increasing and the number decreasing with height. For many purposes a useful single parameter representing a given distribution is the volume median diameter, that is, that diameter for which the total volume of all drops having greater diameters is just equal to the total volume of all drops having smaller diameters. The drop- size distribution is one of the primary factors involved in determining the radar reflectivity of any fall of precipitation, or of a cloud mass.",0.12234432234432235,0.3977106227106227
CONVECTIVE AVAILABLE POTENTIAL ENERGY (CAPE): Convective Available Potential Energy = in units of Joules per kilogram (J/kg) is a measure of the cumulative buoyancy of a parcel as it rises.,0.2,0.7
"ALTOCUMULUS: A principal cloud type, forming in the middle levels of the troposphere, and appearing as a white and/or grey layer or patch with a waved aspect. In aviation forecasts and reports it is coded as AC.",-0.016666666666666666,0.03333333333333333
"OPTICAL DEPTH: The degree to which the ocean absorbs light, assuming verticalseparation between light source and light receiver.",0.4000000000000001,0.6999999999999998
"FOODBORNE DISEASES: Illness or disease caused by consumption of foods or drinkscontaminated with biological or chemical toxins or pathogens, includingdisease-causing microbes or toxic chemicals.",0.0,0.0
ANGLE OF INCLINATION: Refers to the angle between the equatorial plane of the earth and the orbital plane of the satellite,0.0,0.0
"OUTGOING LONGWAVE RADIATION: The outgoing longwave radiation (OLR) refers specifically to theradiation emitted by the Earth and its atmosphere (the terrestrialradiation). Satellite measurements of the OLR from terrestrial surfacesand clouds show that OLR is low over cold land and high clouds and highover hot land surfaces. Climate variations, such as El Nino SouthernOscillation (ENSO) can be measured from OLR anomalies from longer-termvariations.",-0.031666666666666655,0.5483333333333333
CONVECTIVE PRECIPITATION: The instantaneous convective precipitation rate at the surface,0.0,0.0
"ACOUSTIC ATTENUATION/TRANSMISSION: Attenuation: Diminution of the intensity of acoustical energy propagatingthrough a medium with the distance traveled, through absorption andscattering. Transmission: Propagation or the motion of waves through oralong a medium.",0.0,0.0
POINT BAR: A depositional feature of streams. Point bars are found in abundance in mature or meandering streams.,0.1,0.1
"SEISMIC SURFACE WAVES: Pertaining to the measurement of shock-waves on the surface of the Earth, either generated through an earthquake, or a man-made source.",0.0,0.0
TROPICAL CYCLONES: The general term for a cyclone that originates over the tropical oceans.,0.05000000000000002,0.5
CYCLONES (SW INDIAN): null,0.0,0.0
SEISMIC PROFILE: Pertaining to the data collected on a seismic survey in order to examine the subsurface structure of the Earth.,0.0,0.0
"CLOUD MICROPHYSICS: Cloud processes (growth, evaporation, etc.) taking place on the scale of the individual aerosol or precipitation particle as opposed to the scale of the visual cloud.",0.0,0.2
"DENSITY: The mass per unit volume of a substance.  Oceanographic shorthand fordensity, sigma-t, may be included as a Detailed Variable.",0.4,0.75
"STREAM: A long narrow channel of water that flows as a function of gravity and elevation across the Earth's surface. Many streams empty into lakes, seas or oceans.",0.0375,0.45
FIRN AIR CONTENT: Firn Air Content is a parameter within that data set and is defined as the volume of air trapped within the firn layer. This parameter is subtracted from the ice surface elevation to obtain ice thickness in actual ice equivalent.,-0.1,0.05
"FIRN: Rounded, well-bonded snow that is older han one year (from NSIDC glossary). Apermeable aggregate of small ice grains with densities greater than 0.55 up to0.82 where begins glacial ice.",0.13888888888888887,0.41111111111111115
Stability/Severe Weather Indices: null,0.0,0.0
"GEOMAGNETIC STORM CATEGORY: A category or scale that describe the environmental disturbances for three event types: geomagnetic storms, solar radiation storms, and radio blackouts. The scales have numbered levels, analogous to hurricanes, tornadoes, and earthquakes that convey severity. They list possible effects at each level. They also show how often such events happen, and give a measure of the intensity of the physical causes.",0.0,0.5476190476190476
"ANISOTROPY: The characteristic of a surface for which a physical property, such as reflectivity, varies in value with the direction in or along which the measurement is made.",-0.022222222222222223,0.36984126984126986
WATER VAPOR: Water substance in vapor form; one of the most important of all constituents of the atmosphere.,0.45,0.75
"HUMIDITY: Generally, some measure of the water vapor content of air.",0.05000000000000002,0.5
VAPOR PRESSURE: The pressure exerted by the molecules of a given vapor.,0.0,0.0
SOILS: The range of dynamic natural bodies composed of  mineral and organic materials and living forms in which plants grow.,0.05,0.2833333333333333
PERENNIAL STREAM/RIVER: Pertaining to channels with water flowing in them year-round.,0.0,0.0
"HURRICANES: A tropical cyclone with 1-min average surface (10 m) winds in excess of 32 m s−1 (64 knots) in the Western Hemisphere (North Atlantic Ocean, Caribbean Sea, Gulf of Mexico, and in the eastern and central North Pacific east of the date line).",-0.049999999999999996,0.21666666666666665
METAMORPHIC ROCK AGE DETERMINATIONS: An analysis and determination of the age of metamorphic rocks.,0.0,0.0
ATMOSPHERIC PRESSURE: The pressure exerted by the atmosphere as a consequence of gravitationalattraction exerted upon the 'column' of air lying directly above the pointin question.,0.0,0.05
PRESENT WEATHER: Reports providing information on the observed weather conditions at a fixedobservation station.,0.0,0.0
"GEOMAGNETIC ACTIVITY: Natural variations in the geomagnetic field classified into quiet, unsettled, active, and geomagnetic storm levels.",-0.011111111111111108,0.4444444444444445
"ATMOSPHERIC RIVER: Atmospheric Rivers (AR) are relatively narrow regions in the atmosphere and are responsible for most of the horizontal transport of water vapor outside of the tropics. While ARs come in many shapes and sizes, those that contain the largest amounts of water vapor, the strongest winds, and stall over watersheds vulnerable to flooding, can create extreme rainfall and floods.",0.041666666666666664,0.3888888888888889
OCEAN ACOUSTICS: Scientific field of study pertaining to sound propagation in themarine environment.  Variables include measurements of the characteristicsof sound.,0.4,0.4
LAYERED PRECIPITABLE WATER: The layered water vapor is a profile in broad layers based on pressure.,0.0625,0.3125
"BIDIRECTIONAL REFLECTANCE DISTRIBUTION FUNCTION: The bidirectional reflectance distribution function (BRDF) is a function of four variables and defines how light is reflected at an opaque surface, such as snow or ice.",0.2,0.6
"WEATHER/CLIMATE ADVISORIES: Reports providing information on changes in environmental factors includingwarnings of potential threat to life, property, agricultural resources, and/orthe environment arising from atmospheric conditions and phenomena.",0.0,0.5
SEVERE CYCLONIC STORMS: A severe tropical cyclone in the Southwest Pacific Ocean west of 160E or Southeast Indian Ocean east of 90E.,0.0,0.0
"ALTOCUMULUS CASTELLANUS: (Previously called castellatus.) A cloud species of which at least a fraction of its upper part presents some vertically developed cumuliform protuberances (some of which are taller than they are wide) that give the cloud a crenellated or turreted appearance.This castellanus character is especially evident when the cloud is seen from the side. The cumuliform cloud elements generally have a common base and usually seem to be arranged in lines. The species is found only in the genera cirrus, cirrocumulus, altocumulus, and stratocumulus. Cirrus castellanus differs from cirrocumulus castellanus in that its vertical protuberances subtend an angle of more than 1° when observed at an angle of more than 30° above the horizon. When altocumulus castellanus and stratocumulus castellanus attain a considerable vertical development, they become cumulus congestus and often develop into cumulonimbus. Stratocumulus castellanus should not be confused with stratocumulus pierced by cumulus.",-0.07745098039215687,0.4862745098039216
"ATMOSPHERIC RADIATION: Radiation budget refers to the difference between the absorbed solarradiation and the net infrared radiation. The radiation budget takes intoaccount the sum of all radiation, transferred in all directions, throughthe Earth's atmosphere and to and from space. The radiation budget (orradiation balance) controls the Earth's temperature and rainfall.",0.09999999999999999,0.3
"SATELLITE ORBITS/REVOLUTION: Pertaining to the determination of variations in orbital paths of man-made satellites, and to the calculation of the orbits of future satellites.",0.0,0.125
OCEAN OPTICS: Scientific field of study of light in the oceans. Variables includemeasurable characteristics of underwater light.,0.4,0.7
"CYCLONES: An atmospheric cyclonic circulation, a closed circulation.  A cyclone's direction of rotation (counterclockwise in the Northern Hemisphere) is opposite to that of an anticyclone.",-0.03333333333333333,0.03333333333333333
"CRYOSPHERIC INDICATORS: A set of parameters that describe the changing climate with a focus on the cryosphere, which can include ice sheets, ice shelves, glaciers, snow cover, permafrost (frozen ground), sea ice, and river and lake ice. The cryosphere exerts an important influence on Earth’s climate, owing to its high surface reflectivity (albedo). This property gives it the ability to reflect a large fraction of solar radiation back into space and influences how much solar energy is absorbed by land and oceans. Ice on land, in the form of ice sheets and glaciers, plays a further important role in the Earth system through its ability to store vast amounts of water away from the oceans for long periods of time. Any change in the ice volume stored on land, as ice sheets and glaciers grow or shrink, has a direct impact on global mean sea level. As the climate changes, the cryosphere changes with it and, through feedback processes, these changes have an influence on the climate. For example, the increased melting of snow and ice caused by a warming planet enables more solar energy to be absorbed by land or water, which in turn leads to more warming. This is also known as the snow- or ice-albedo feedback.",0.16948660714285715,0.5597544642857143
"DISEASES/EPIDEMICS: Diseases are used here to relate to human diseases which may be linked to poor environmental quality, such as poor air quality, or may ensue due to change in climate.",-0.185,0.43499999999999994
DEW POINT TEMPERATURE: The temperature to which a given air parcel must be cooled at constant pressure and constant water vapor content in order for saturation to occur.,0.0,0.3333333333333333
"ALTOCUMULUS UNDULATUS: (Also called billow cloud, windrow cloud, wave cloud.) A cloud variety composed of merged or separate elements that are elongated and parallel, either suggestive of ocean waves or arranged in ranks and files.Sometimes two distinct wave systems are apparent (biundulatus). The formation is by gravity waves that exhibit broad, nearly parallel lines of cloud oriented normal to the wind direction, with cloud bases near an inversion surface.",-0.010937500000000003,0.37656249999999997
"SEDIMENTATION: The tendency for particles in suspension to settle out of the fluid in which they are entrained, and come to rest against a barrier.",0.0,0.1
"RIVERS/STREAMS: Pertaining to the area of a natural stream of water, where organisms live.",0.11818181818181818,0.45
"SATURATION VAPOR PRESSURE: The vapor pressure of a system, at a given temperature, for which the vapor of a substance is in equilibrium with a plane surface of that substance's pure liquid or solid phase; that is, the vapor pressure of a system that has attained saturation but not supersaturation.",0.10714285714285714,0.3
"SOIL COLOR: The property of a soil that is based upon three components of hue,chroma (intensity or brightness), and value (lightness or darkness).",0.0,0.0
VISIBLE IMAGERY: A reproduction of an object by imaging the visible radiation coming from,0.0,0.0
the object or reflected by the object.,0.0,0.0
TYPHOONS (WESTERN N. PACIFIC): null,0.0,0.0
"WEB-BASED GEOGRAPHIC INFORMATION SYSTEMS: Web-Based Geographic Information Systems (GIS) are defined as Data Analysis and Visualization Services designed for use on the web. These services include GIS map viewers, GIS web services, GIS applications, and software tools specifically used for creating GIS applications for the web.",0.0,0.0
"COLD WAVE: As used in the U.S. National Weather Service, a rapid fall in temperature within 24 hours to temperatures requiring substantially increased protection to agriculture, industry, commerce, and social activities.",-0.2833333333333333,0.5333333333333333
ACETYLENE: Acetylene appears as a colorless gas with a faint garlic-like odor. Easily ignited and burns with a sooty flame. Gas is lighter than air. Flame may flash back to the source of a leak very easily. Under prolonged exposure to fire or heat the containers may rupture violently and rocket.,-0.06066666666666667,0.7666666666666667
"DEFLATION: Processes pertain to the activity of the winds and more specifically, to the winds' ability to shape the surface of the Earth and other planets. Winds may erode, transport, and deposit materials, and are effective agents in regions with sparse vegetation and a large supply of unconsolidated sediments.",0.29732142857142857,0.5258928571428572
WATER YIELD: The processes involved in the amount of water released from a flowing body of water.,0.0,0.0
WAVE DIRECTION: The line along which a wave travels with respect to it's compass heading.,0.0,0.0
SLIME MOLDS: A type of heterotrophic protistan with a life cycle that includes free-living cells that at some point congregate and differentiate into spore-bearing structures.,0.0,0.0
SALINITY: How salty the water is.   Brine has a very high salinity.   Fresh water has a,0.254,0.601
salinity of zero.,0.0,0.0
BOUNDARIES: Any human construction (material or otherwise) that fixes a limit or extent.,0.0,0.1
"POLITICAL DIVISIONS: Areas which are distinguished by their differing governments, such as countries.",0.0,0.3
WIND-DRIVEN CIRCULATION: The surface currents that form from the transfer of energy from windsto surface waters.,0.0,0.0
SNOW MELT: Pertaining to the rate and extent of melting snow pack(s).,0.0,0.0
"LUMINESCENCE: The emission of “cold light” from minerals. There are several varieties of luminescence, each named according to the source of energy, or the trigger for the luminescence.",-0.06666666666666665,0.5666666666666667
TOPOGRAPHIC EFFECTS: The topographic effect is indicated on Landsat images of rugged terrain by the visual impression of relief. It is caused by the  variation in spectral radiance due to surface slope and aspect variations. The difference in radiance between a horizontal and sloping surface of the same cover type provides a measure of the topographic effect (Holben and Justice 1981).	Holben and Justice (1979) also measured it and showed thatthe effect is most extreme in areas of rugged terrain and especially for slopes in the principal plane of the sun and at low solar elevations.,0.03571428571428571,0.4714285714285714
"TOPOGRAPHY: The general configuration of the land surface,	including its relief and the position of its natural features.",0.07500000000000001,0.45
"GEOTHERMAL ENERGY PRODUCTION/USE: Refers to the production and use of geothermal energy for human consumption. Geothermal energy is energy extracted from heat stored in the earth. This geothermal energy originates from the original formation of the planet, from radioactive decay of minerals, and from solar energy absorbed at the surface.",0.225,0.5833333333333334
"TORNADO PATH WIDTH: Path length (in miles and tenths of miles) and maximum path width (in yards) will be indicated for all tornadoes, including each member of families of tornadoes, or for all segments of multi-segmented tornadoes. The length in the header-strip is the length of that particular segment in that particular county/parish. The Storm Prediction Center, NCDC or a Storm Data user can determine the entire length of a multi-segmented tornado by adding the lengths from each segment as well as using the latitude and longitude of that segment. Note that latitude and longitude are not available in the Storm Data publication, but are available on the internet in National Climatic Data Center and the Storm Prediction Center databases.",0.02916666666666667,0.2989583333333333
OCEANIC ZONE: Pertaining to open water beyond the continental shelves.,0.0,0.5
"PELAGIC: The waters of the ocean, over the continental shelf and oceanic zones.",0.0,0.0
SENSOR COUNTS: The raw digital values recorded by the sensor.,-0.11538461538461539,0.23076923076923078
WATER VAPOR CONCENTRATION PROFILES: Concentration term is based on retrieval of Molecules/cm3 also known as the water vapor number density.,0.0,0.0
CHEMICAL COMPOSITION: null,0.0,0.0
"MESOSPHERIC CLOUDS (OBSERVED/ANALYZED): Also known as noctilucent or “night shining” clouds, form between 76 to 85 kilometers (47 to 53 miles) above the Earth’s surface, near the boundary of the mesosphere and thermosphere, a region known as the mesopause. At these altitudes, water vapor can freeze into clouds of ice crystals. When the Sun is below the horizon and the ground is in darkness, these high clouds may still be illuminated, lending them their ethereal, “night shining” qualities.",0.08666666666666667,0.3466666666666667
"WHITEOUT: Pertaining to the occurence, extent, and severity of whiteout conditions.",0.0,0.0
"VLBI (VERY LONG BASELINE INTERFEROMETRY): Very Long Baseline Interferometry (VLBI) is a geometric technique: it measures the time difference between the arrival at two Earth-based antennas of a radio wavefront emitted by a distant quasar. Using large numbers of time difference measurements from many quasars observed with a global network of antennas, VLBI determines the inertial reference frame defined by the quasars and simultaneously the precise positions of the antennas. Because the time difference measurements are precise to a few picoseconds, VLBI determines the relative positions of the antennas to a few millimeters and the quasar positions to fractions of a milliarcsecond. Since the antennas are fixed to the Earth, their locations track the instantaneous orientation of the Earth in the inertial reference frame.The celestial reference frame is defined by VLBI. The International Astronomical Union has adopted over 3,400 extragalactic radio sources (mostly quasars) used by VLBI as the defining objects of the celestial reference frame. Extragalactic objects form a true inertial reference frame because they are at such great distances that their motions across the sky are undetectable. Positions of stars in our galaxy are now tied to this reference frame, and this is the same reference frame used for measuring Earth orientation. VLBI is unique in its ability to make rapid, accurate measurements of the orientation of the terrestrial reference frame with respect to the celestial reference frame.VLBI observations are sponsored by over 40 organizations located in 19 countries. VLBI determines with unequaled accuracy the terrestrial reference frame (antenna locations on the Earth), the celestial reference frame (quasar positions on the sky), and Earth's orientation in space.",0.15496753246753248,0.3944047619047618
TROPICAL CYCLONE RADIUS: The distance from the center of a tropical cyclone to its perimeter.,-0.1,0.1
KARST HYDROLOGY: Karst Hydrology refers to the extensive dissolution of rock has led to the development of subterranean channels through which groundwater flows in conduits (enclosed or semi-enclosed channels). These conduits can vary in size from slightly enlarged cracks to tunnels many meters in diameter and many kilometers in length.,0.20833333333333334,0.375
PALMER Z INDEX: The Palmer Z Index shows how monthly moisture conditions depart from normal (short-term drought and wetness).,0.15,0.6499999999999999
3 AND 6 HOUR PRECIPITATION AMOUNT: The amount of precipitation collected and measured at a weather observing site during 3 hour and 6 hour periods.,0.0,0.0
"POROSITY: A measure of a rock's ability to hold a fluid. Mathematically, porosity is the open space in a rock divided by the total rock volume (solid +  space or holes). Porosity is normally expressed as a percentage of the total rock which is taken up by pore space.",0.02142857142857143,0.40714285714285714
WIND SHEAR: The local variation of the wind vector or any of its components in a given direction.,0.0,0.0
PERMAFROST: A layer of soil or bedrock at a variable depth beneath the surface of the earth in which the temperature has been below freezing continuously from a few to several thousands of years.,-0.1,0.05
KETTLE HOLES: A steep conical hill composed of glaciofluvial sediments. This feature develops when glacial crevasses and depressions in stagnant glacial ice are filled with sand and gravel deposits from sediment loaded meltwater.,0.4,0.9
MAXIMUM WIND GUST: Maximum wind gust recorded from a tropical cyclone.,0.0,0.0
TROPICAL DEPRESSION MOTION: Change in Tropical Depression's position with respect to time.,0.0,0.0
"POROSITY: A measure of a rock's ability to hold a fluid. Mathematically, porosity is the open space in a rock divided by the total rock volume (solid +  space or holes). Porosity is normally expressed as a percentage of the total rock which is taken up by pore space.",0.02142857142857143,0.40714285714285714
KARST PROCESSES: Landscapes characterized by (or the processes characterizing) the formation and collapse of caves and sinkholes because of carbonation weathering of limestone bedrock.,0.0,0.0
"DIFFUSION: In the oceans, a mixing process through which a component of seawater(e.g. salt) is transferred from a zone of higher concentration to a zoneof lesser concentration.",0.125,0.5
"OCEAN HEAT BUDGET: Study of the heat energy gains and losses of the oceans, on global orregional scales. Variables include the terms in the heat budget equation.",0.0,0.0
CLOUD LIQUID WATER/ICE: Cloud Liquid Water - The amount of liquid water per unit volume of air.Usually expressed in grams per cubic meter. Cloud Ice - Ice crystalsthat are observed within a cloud.,0.0,0.0
ACOUSTIC TOMOGRAPHY: Identification of water masses and monitoring of water mass movementsusing acoustical techniques.,0.0,0.0
"PALMER HYDROLOGICAL DROUGHT INDEX: An extended interval of abnormally dry weather sufficiently prolonged for the lack of water to cause a serious hydrological imbalance (i.e., crop damage, water supply shortage, etc.) in the affected area.",-0.19999999999999998,0.6333333333333333
"VOLCANIC ERUPTIONS: Explosions or emissions of lava, ashes and toxic gases from deep inside the earth, through volcanoes.",0.0,0.4
"NON-METHANE HYDROCARBONS/VOLATILE ORGANIC COMPOUNDS: Non-Methane Hydrocarbons (NMHCs) are hydrocarbons such as ethylene,",0.0,0.5
"butane, hexane, propane and, by definition, exclude the first member of",0.25,0.3333333333333333
"that analogous series, CH4. Large quantities of NMHCs are emitted from",0.21428571428571427,0.42857142857142855
"vegetation, the vast majority as isoprene, C5H8. This emission is",0.0,1.0
significant compared to that of anthropogenic NMHC. [Nature; v329;,0.375,0.875
705-707; 1987.] [Nature; v329; 705-707; 1987.],0.0,0.0
CARBON AND HYDROCARBON COMPOUNDS: Carbon (C) is the 12th element in the periodic table. Carbon is one of the mostversatile elements and combines itself with many other elements to form a hugevariety of organic compounds including hydrocarbons and their derivitives.<P>,0.1875,0.4375
"Hydrocarbons are organic molecules consisting of carbon and hydrogen, but theterm is often applied to derivitives of hydrocarbons consisting of oxygen,halogens, etc. Hydrocarbons can occur from both natural and anthropogenicemissions.",0.1,0.4
CARBON DIOXIDE PROFILES: A graph showing the variation of a meteorological event with height.,0.0,0.0
OCEAN TRACERS: Chemical component of the ocean used to determine the movement of water masses.,0.0,0.0
MANGROVES: Pertaining to the environment of large flowering shrubs or trees growingin dense thickets or forests along muddy or silty tropical coasts.,0.21428571428571427,0.42857142857142855
"GEOCHEMICAL PROPERTIES: An attribute, quality, or characteristic of chemical elements in air, water, soil, rocks, and minerals.",-0.06666666666666667,0.4666666666666666
"AMPLICON SEQUENCE VARIANT (ASV): ASVs are clusters of sequences with 100% identity of both sequence content and length, allowing some modeled error. ASVs are made using denoising methods that generate an error model based on the quality of the sequencing run and use this model to distinguish between the predicted “true” biological variation and that likely generated by sequencing error. The remaining “true” sequences vary from as little as one single nucleotide and are then defined as separate ASVs.",0.08821428571428572,0.6028571428571429
BED ELEVATION: Elevation of the bed with respect to mean sea level,-0.3125,0.6875
"SUSTAINABILITY: The capacity to endure. For humans, sustainability is the long-term maintenance of responsibility, which has environmental, economic, and social dimensions, and encompasses the concept of stewardship, the responsible management of resource use.",0.14444444444444446,0.2722222222222222
SALINE LAKES: A considerable body of inland water containing large quantities of salt.,0.15714285714285714,0.4392857142857143
"HEAT/COLD WAVE FREQUENCY/INTENSITY: Refers to a frequency and intensity of a heat wave and cold wave. A heat wave is a period of abnormally hot weather generally lasting more than two days. Heat waves can occur with or without high humidity. They have potential to cover a large area, exposing a high number of people to hazardous heat. A cold wave is a weather event involving a cooling of the air, or the invasion of very cold air, over a large area. It is marked by a drop of average temperature well below the averages of a region. Cold waves can have negative impacts on people, crops, properties, and services. They can be preceded or accompanied by significant winter weather events, such as blizzards or ice storms. And they can feel even colder during periods of high winds.",-0.015601503759398493,0.6580075187969925
PHOTOSYNTHESIS: Photosynthesis is the synthesis of carbohydrates from carbon dioxide andwater by chlorphyll using light as energy with oxygen as abyproduct.,0.4,0.7
DROUGHT/PRECIPITATION RECONSTRUCTION: Reconstruction of past drought and precipitation climatic conditions based on paleoclimate proxy records (mostly tree ring data).,0.125,0.375
"POTASSIUM: A chemical element which, in nature,  occurs only in ionic salts. Elemental potassium is a soft silvery-white alkali metal that oxidizes rapidly in air and reacts vigorously with water, generating sufficient heat to ignite hydrogen emitted in the reaction and burning with a lilac-colored flame. It is found dissolved in sea water and is part of many minerals.",0.19999999999999998,0.6166666666666667
"DATA MINING: Data mining is a variety of techniques used to identify nuggets of information or decision-making knowledge in bodies of data, and extracting these in such a way that they can be put to use in areas such as decision support, prediction, forecasting, and estimation. The data is often voluminous but, as it stands, of low value as no direct use can be made of it; it is the hidden information in the data that is useful.",0.013888888888888886,0.33888888888888896
INDUSTRIAL EMISSIONS: Industrial emissions are air pollution from manufacturing plants and factories.,0.0,0.0
ENVIRONMENTAL IMPACTS: Refers to the types of impacts that humans have on their environment.,0.0,0.0
"TROPICAL DEPRESSION TRACK: Tropical Depression path, route, or course.",0.0,0.0
"ROTATIONAL MOTION/VARIATIONS: Pertaining to the measurement, and effects of variations in the Earth's rotation about its axis, and variations in the Earth's orbit around the sun.",0.0,0.0
STABILITY: The ability of a mineral to remain unaltered over a stated range of pressure and temperature.,0.0,0.0
GAS EXPLOSIONS/LEAKS: A gas explosion is defined as a process where combustion of a premixed gas-air cloud causes a rapid increase of pressure.,0.0,0.0
MEDIAL MORAINE: A ridge of moraine that runs down the center of a valley floor. It is formed when two glaciers meet and the debris on the edges of the adjacent valley sides join and are carried on top of the enlarged glacier.,0.08148148148148147,0.29629629629629634
PLATE MOTION DIRECTION: The direction in which the Earth's plates spread; it had many affects on land mass.,0.5,0.5
"ENVIRONMENTAL SUSTAINABILITY: Meeting the needs of the present without compromising the ability of future generations to meet their needs. Encompasses, e.g. keeping population densities below the carrying capacity of a region, facilitating the renewal of renewable resources, conserving and establishing priorities for the use of non-renewable resources, and keeping environmental impact below the level required to allow affected systems to recover and continue to evolve.",0.0,0.0625
ATMOSPHERIC GENERAL CIRCULATION MODELS: Numerical representation of the atmosphere and its phenomena over the entire,0.016666666666666673,0.375
"Earth, using the equations of motion and including radiation, photochemistry,",0.0,0.0
"and the transfer of heat, water vapor, and momentum.",0.0,0.0
"WHITEOUT: Pertaining to the occurence, extent, and severity of whiteout conditions.",0.0,0.0
"DATA MANAGEMENT/DATA HANDLING: Describes the development, execution and supervision of plans, policies, programs and practices that control, protect, deliver and enhance the value of data. The data handling component refers to the process of ensuring that data is stored, archived, or disposed of in a safe and secure manner during and after the conclusion of a research project and/or data retrieval.",0.45,0.55
TROPICAL STORM FORCE WIND EXTENT: The extent of a tropical storm's wind field.,0.0,0.0
"GREBES: Phylum Chordata. Class Aves. Order Podicipediformes. Small to medium freshwater diving birds with lobed toes on large feet, long wings and varied bill depending on diet.",-0.028571428571428577,0.40952380952380957
GEOLOGICAL FEATURES: null,0.0,0.0
SOIL TEMPERATURE: The degree of hotness or coldness of the soil as  measured on some definite temperature scale.,0.0,0.5
HALOCLINE: The zone of the ocean in which salinity increases rapidly with depth.,0.0,0.0
ACOUSTIC FREQUENCY: The number of cycles per unit time of a sound wave.,0.4,0.4
WATER STORAGE: Methods to store water for human consumption or agricultural use.,0.0,0.1
"HUMIDITY INDEX: As used by C. W. Thornthwaite in his 1948 climatic classification, an index of the degree of water surplus over water need at any given station.",0.0,0.0
"CARBON MONOXIDE: A colorless, odorless, and very toxic gas; molecular formula CO. It is foundin trace quantities in the natural atmosphere, but also produced by theincomplete combustion of carbonaceous gasses.",0.15000000000000002,0.35
AIR QUALITY: The study of air pollutants in the atmosphere.,0.0,0.0
TYPHOONS (WESTERN N. PACIFIC): null,0.0,0.0
SAFFIR-SIMPSON SCALE AT LANDFALL (CATEGORY 3): Category 3 on the Saffir-Simpson Hurricane Wind Scale.  Sustained Winds 111-129 mph96-112 kt 178-208 km/h,0.0,0.0
LATENT HEAT FLUX: null,0.0,0.0
ABSORPTION: The process by which incident radiant energy is retained by a substance.The absorbed radiation is converted to another form of energy according tothe nature of the absorbing medium.,0.25,0.925
WEATHER FORECAST: A statement of expected meteorological conditions for a specific period and fora specific area.,-0.03333333333333333,0.21666666666666667
DATA CUSTOMIZATION: null,0.0,0.0
"ZOOPLANKTON: Zooplankton is the animal portion of the plankton; the animal communityin marine and freshwater situations that floats free in the water,independent of the shore and the bottom, moving passively with thecurrents.",0.4,0.8
WATER TABLE DEPTH: The level below which the ground is completely saturated with water.,0.1,0.4
CONTAMINANTS: Foreign agents that are present in water which may produce a physical or chemical change.,-0.041666666666666664,0.08928571428571429
WATER VAPOR INDICES: Indices developed to quantify atmospheric water vapor over a given area and timescale.,0.05,0.15
"RADON PROFILES: A vertical representation of the measurement of Radon (chemical symbol Rn, an odorless, colorless, radioactive gas). Radon comes from the natural decay of uranium and radium found in nearly all rocks and soils.",0.1,0.4
"EASTERN PACIFIC OSCILLATION: The East Pacific - North Pacific (EP- NP) pattern is a Spring-Summer-Fall pattern with three main anomaly centers. The positive phase of this pattern features positive height anomalies located over Alaska/ Western Canada, and negative anomalies over the central North Pacific and eastern North America. Strong positive phases of the EP-NP pattern are associated with a southward shift and intensification of the Pacific jet stream from eastern Asia to the eastern North Pacific, followed downstream by an enhanced anticyclonic circulation over western North America, and by an enhanced cyclonic circulation over the eastern United States. Strong negative phases of the pattern are associated with circulation anomalies of opposite sign in these regions.The positive phase of the EP-NP pattern is associated with above-average surface temperatures over the eastern North Pacific, and below-average temperatures over the central North Pacific and eastern North America. The main precipitation anomalies associated with this pattern reflect above-average precipitation in the area north of Hawaii and below-average precipitation over southwestern Canada.",0.1006060606060606,0.3743434343434343
"PALEOCLIMATE RECONSTRUCTIONS: Reconstruction of past climatic conditions using paleoclimate proxy records (tree rings, ice cores, etc.)",-0.25,0.25
LAGOONS: A body of shallow sea water or brackish water separated from the sea by some form of barrier.,-0.3333333333333333,0.5
WIND DYNAMICS: Measurement of forces within the Earth's Atmosphere associated with wind.,0.0,0.0
TYPHOONS (WESTERN N. PACIFIC): null,0.0,0.0
"ENVIRONMENTAL LAPSE RATE: The rate of decrease of air temperature with height, usually measured with a radiosonde.",-0.25,0.25
"PLANT CHARACTERISTICS: Plant characteristics refer to Global Change Master Directorydetailed variables under the variable, Plant Characteristics:  Plantaboveground biomass, plant biomass, plant blooms, plant boronconcentration, plant calcium concentration, plant carbon concentration,plant copper concentration, plant diameter, plant diseases, plant height,plant iron concentration, plant magnesium concentration, plant manganeseconcentration, plant nitrogen concentration, plant phosphorusconcentration, plant potassium concentration, plant production, plant rootbiomass, plant sink capacity, plant sulfur concentration, plant waterpotential, and plant zinc concentration.",0.0,0.0
"ENVIRONMENTAL ASSESSMENTS: The systematic identification and evaluation of the potential impacts of proposed projects, plans, programs, policies, or legislative actions upon the physical, chemical, biological, cultural, and socioeconomic components of the environment.",0.03333333333333333,0.4142857142857143
"AEROSOL PARTICLE PROPERTIES: Properties of aerosol particles including: compositon, size, diameter.",0.0,0.0
"SEA LEVEL PRESSURE: The atmospheric pressure at mean sea level, either directly measured, or,most commonly, empirically determined from the observed station pressure.",-0.028124999999999997,0.296875
"SERICULTURE: Any measurement related to the growing of silkworms, including products.",0.0,0.4
"OCEAN CHEMISTRY: Scientific field of study pertaining to the composition and propertiesof seawater. Variables include concentrations of seawater's constituentmaterials. For variables pertaining to seawater salinity, see the Term<a href='SALINITYDENSITY.html'>Salinity/Density</a>.",0.0,0.0
"ATMOSPHERIC HEATING: Atmospheric heating has been used to refer to the heat transfer or heatbalance of the Earth's atmosphere. Heat transfer is the exchange of heatby radiation, conduction, or convection. Heat balance is the balance ofthe gains and losses of heat at any point in the atmosphere.",0.0,0.0
MAXIMUM SURFACE WIND: Maximum wind recorded from a tropical cyclone at the Earth's surface.,0.0,0.0
DATA INTEROPERABILITY: Interoperability is the ability of two or more systems or components to exchange information and to use the information that has been exchanged.,0.5,0.5
"WEATHERING: Breaking down of Earth's rocks, soils and minerals through direct contact with the planet's atmosphere. Weathering occurs in situ, or 'with no movement', and thus should not be confused with erosion, which involves the movement of rocks and minerals by agents such as water, ice, wind, and gravity.",-0.1138888888888889,0.4722222222222222
"TIDAL FRICTION: A force between the oceans of Earth and the ocean floors caused by the gravitational attraction of the Moon. The Earth tries to carry the ocean waters round with it, while the Moon tries to keep them heaped up under it and on the far side of the Earth.",-0.07500000000000001,0.55
CROP DENSITY: Crop Density is the number of individual plants found within a set area.,0.0,0.4
CATALOGING: A Catalog service is defined as Data Handling Services that provide a listing,0.0,0.0
"of items arranged systematically with descriptive details. These items include, but are not limited to, data sets, reference materials, and other services.",-0.044642857142857144,0.2589285714285714
"Catalog services are, however, limited to topics of relevance to the Earth",-0.07142857142857142,0.14285714285714285
Sciences and Global Environmental Change. These foci must be reflected by a,0.0,0.0
majority of the items listed in the catalog. Catalog services also include any,0.0,0.0
tools that may be used to create a catalog or facilitate the inclusion or,0.0,0.0
"maintenance of a listing within a catalog. EXAMPLES: NASA's Global Change Master Directory, Geospatial One-Stop (catalogs) and docBUILDER (metadata management).",0.0,0.0
METAGENOME: A collection of genomes from many individuals within an environment and/or sample.,0.5,0.5
"ELEMENTAL CARBON: Elemental carbon occurs in the atmosphere, mostly in the form of soot from incomplete combustion of organic matter. Smoke particles also have a large proportion of carbonaceous material in them. Together, soot and smoke account for a large part of the reduction in visibility occurring over continental and polluted regions, due to light scattering and light absorption.",0.26726190476190476,0.5220238095238096
"ADMINISTRATIVE DIVISIONS: Boundaries depicting individual or separate  administrative units such as districts, municipalities, census county subdivisions, etc.",0.0,0.45
"MORAINES: A glacially formed accumulation of unconsolidated glacial debris (soil and rock) which can occur in currently glaciated and formerly glaciated regions, such as those areas acted upon by a past ice age.",-0.0625,0.2875
"AEROSOLS: Suspension of particles of condensed matter (liquid, solid, or mixed) ina carrier gas (usually air).  Aerosols are important in the atmosphere asnuclei for the condensation of water droplets and ice crystals, asparticipants in various chemical cycles, and as absorbers and scatterersof solar radiation, thereby influencing the radiation budget of theearth-atmosphere system, which in turn influences the climate on thesurface of the Earth.",0.030000000000000006,0.42000000000000004
"AEOLIAN PROCESSES: The erosion, transport, and deposition of material due to the action of the wind at or near the Earth's surface. Aeolian processes are at their most effective when the vegetation cover is discontinuous or absent.",0.23499999999999996,0.43499999999999994
DATA SEARCH: Refers to searching for data in data retrieval systems.,0.0,0.0
DATA NETWORKING/DATA TRANSFER TOOLS: Data networking tools refer to tools and services that facilitate the ability,0.0,0.0
of two or more computers to communicate together and to share data with each,0.5,0.5
other.,-0.125,0.375
Data transfer tools refer to tools and services that manage or facilitate the,0.0,0.0
"transmission of data from one computer or device to another. For example, grid",0.0,0.0
computing is a form of networking that harnesses the processing cycles of all,0.0,0.0
computers connected in a network to solve problems that are too large for any,0.21428571428571427,0.42857142857142855
"one computer. In the Earth sciences, these tools facilitate the networking of",0.0,0.0
large volumes of satellite data or climate model output data.,0.21428571428571427,0.42857142857142855
ISOTOPES: Pertaining to the measurement of the various isotopes (one of two or more species of the same chemical element) found in geochemically significant compounds.,0.21875,0.5
DATA ACCESS/RETRIEVAL: Services that provide online capabilities for searching (typically through a user-friendly web-based search engine) to locate and retrieve (directdownloading or ordering) scientific data sets from databases orarchives.,-0.16666666666666666,0.5
"LUMINESCENCE: The emission of “cold light” from minerals. There are several varieties of luminescence, each named according to the source of energy, or the trigger for the luminescence.",-0.06666666666666665,0.5666666666666667
CLOUDS: A visible aggregate of minute water droplets and/or ice crystals inthe atmosphere above the Earth's surface.,0.0,0.1
"ACCUMULATED CYCLONE ENERGY: Accumulated cyclone energy (ACE) is a measure used by the National Oceanic and Atmospheric Administration (NOAA) to express the activity of individual tropical cyclones and entire tropical cyclone seasons, particularly the Atlantic hurricane seasons. It uses an approximation of the energy used by a tropical system over its lifetime and is calculated every six-hour period. The ACE of a season is the sum of the ACEs for each storm and takes into account the number, strength, and duration of all the tropical storms in the season.",0.041666666666666664,0.3395833333333333
TERRAIN ELEVATION: The vertical distance from mean sea level to a point or object on the Earth's surface.,-0.3125,0.6875
LAKE/POND: A considerable inland body of standing water.,0.1,0.45
SNOW/ICE: Pertaining to the study of frozen water over the,0.0,0.0
Earth's surface.,0.0,0.0
GAS HYDRATES PHYSICAL/OPTICAL PROPERTIES: The study and analysis of the various physical and optical properties of gas hydrates.,0.0,0.3214285714285714
"CHEMICAL CONCENTRATIONS: The abundance of a constituent divided by the total volume of a mixture. Furthermore, in chemistry, four types of mathematical description can be distinguished: mass concentration, molar concentration, number concentration, and volume concentration.",0.0,0.375
"AEROSOL CONCENTRATION: Volume of a colloidal system in which the dispersed phase is composed of either solid or liquid particles, and in which the dispersion medium is some gas, usually air.",-0.125,0.175
"EARTH SCIENCE SERVICES: A collection of software, tools, models, and other services that can be used to analyze, process, and model Earth science data.",-0.125,0.375
ROCK-EVAL PRYOLYSIS: Rock-Eval Pyrolysis is used to identify the type and maturity of organic matter and to detect petroleum potential in sediments. Rock Eval pyrolysis is done using the Delsi-Nermag Rock Eval II Plus TOC module. Samples chosen to be measured on the Rock Eval are usually subsampled from the freeze-dried material previously crushed for analyses on the coulometer and CNS. The Rock Eval (RE) pyrolysis method consists of a programmed temperature heating (in a pyrolysis oven) in an inert atmosphere (helium) of a small sample (~100 mg) to quantitatively and selectively determine (1) the free hydrocarbons contained in the sample and (2) the hydrocarbon- and oxygen-containing compounds (CO2) that are volatilized during the cracking of the unextractable organic matter in the sample (kerogen).,-0.039999999999999994,0.51
"GRAVITY/GRAVITATIONAL FIELD: Dealing with the determination of the size and shape of the earth, the Earth's gravitational field, and the location of points fixed to the Earth's crust in an Earth-referred coordinate system.",0.1,0.2
"TROPICAL STORM TRACK: Tropical Storm path, route, or course.",0.0,0.0
AEROSOL SIZE DISTRIBUTION: The amounts of different size particles of solids or liquids that are suspended in air as an aerosol.,0.0,0.6
"FUNGI: One of the taxonomic kingdoms, comprising eukaryotic, non-photosyntheticorganisms, which obtain nutrients by the absorption of organic compounds fromtheir surroundings. Fungi usually have chitin-containing cell walls and may beunicellular, filamentous (mycelial), or plasmoidal.",-0.25,0.25
"STORM SURGE: A rise above normal sea level on the coast where the Ekman effect, fromstrong winds, causes the shallow waters to pile up against the shore.",-0.06111111111111111,0.4166666666666667
XYLEM DIELECTRIC PERMITTIVITY: The degree of electrical polarization a material experiences under the influence of an external electric field.,0.0,0.1
NON-METALLIC MINERAL PHYSICAL/OPTICAL PROPERTIES: The study and analysis of the various physical and optical properties of non-metallic minerals.,0.0,0.3214285714285714
SOIL TEMPERATURE: The degree of hotness or coldness of the soil as  measured on somedefinite temperature scale.,0.0,0.0
"LUMINESCENCE: It is the emission of “cold light” from minerals. There are several varieties of luminescence, each named according to the source of energy, or the trigger for the luminescence.",-0.06666666666666665,0.5666666666666667
TYPHOONS (WESTERN N. PACIFIC): null,0.0,0.0
GEOGRAPHIC INFORMATION SYSTEMS: Geographical Information Systems (GIS) are defined as Data Analysis,0.0,0.0
and Visualization Services that are designed specifically to process and,0.0,0.0
visualize geographically referenced data in a layered format. Statistical,0.0,0.0
or mathematical algorithms may or may not be applied to the data within,0.0,0.0
"the service, but would be done so (and the results displayed) in a",0.0,0.0
"graphical manner. EXAMPLES: Idrisi, Arc/Info.",0.0,0.0
"ISOTOPIC AGE: Also referred to as radiometric age, is an age of rocks expressed in years and calculated from the quantitative determination of radioactive elements and their decay products.",0.0,0.0
SEA ICE: Pertaining to the study of frozen seawater over the ocean surface.,0.0,0.0
LITHOSPHERIC PLATE MOTION: The rate and direction of movement between two torsionally rigid thin segments,-0.4,0.8500000000000001
of the Earth's lithosphere (lithospheric plates).,0.0,0.0
"ISOTOPE MEASUREMENTS: The measure of Isotopes, atoms that contain different # of proton /neutrons. The number of protons (the atomic number) is the same for each isotope, e.g. carbon-12, carbon-13 and carbon-14 each have 6 protons, but the number of neutrons in each isotope differs.",0.0,0.3625
"MINIMUM CENTRAL PRESSURE: The atmospheric pressure at the center of a high or low.  It is the highest pressure in a high and the lowest pressure in a low, referring to the sea level pressure of the system.   In a hurricane, a lower central pressure create a stronger gradient from outside to inside the system.  The stronger this pressure gradient is, the greater the maximum wind speeds around the eye wall.",0.072,0.283
"SAFFIR-SIMPSON SCALE AT LANDFALL (CATEGORY 1): Category 1 on the Saffir-Simpson Hurricane Wind Scale.  Sustained Winds 74-95 mph, 64-82 kt, 119-153 km/h",0.0,0.0
DIFFUSION: Refers to the net movement of salt from a region in the ocean of higher concentration to a region of lower concentration. Diffusion is driven by a gradient in concentration.,0.125,0.25
LAND/OCEAN/ICE MASK: These keywords are used to identify the type of grid location.,0.0,0.0
"TRANSFORMATION/CONVERSION: Transformation/Conversion services are defined as Data Handling Services that, in the case of transformation, apply an adjustment function to the original data that alters the absolute values of the data (e.g., interpolation, standardization, anomalies). In the case of conversion, the service is designed to apply a function to the data that transforms the relative value of the data but not the absolute (i.e., unit conversions).",0.19374999999999998,0.6375
EXAMPLES: Anomalies (Transformation). Fahrenheit to Celsius (Conversion).,0.0,0.0
"BIRDS: Birds, of the class Aves, are warm-blooded craniates with a body coveringof feathers; typically with forelimbs modified as wings for active flight.They are free living (most can fly) in all terrestrial and surface waterhabitats; some are capable of swimming underwater.",0.2285714285714286,0.5428571428571429
"DIFFUSION: In the oceans, a mixing process through which a component of seawater (e.g. salt) is transferred from a zone of higher concentration to a zone of lesser concentration.",0.125,0.5
"DIFFUSION: In the oceans, a mixing process through which a component of seawater (e.g. salt) is transferred from a zone of higher concentration to a zone of lesser concentration.",0.125,0.5
"LUMINESCENCE: The emission of “cold light” from minerals. There are several varieties of luminescence, each named according to the source of energy, or the trigger for the luminescence.",-0.06666666666666665,0.5666666666666667
"DIFFUSION: In the oceans, a mixing process through which a component of seawater(e.g. salt) is transferred from a zone of higher concentration to a zoneof lesser concentration.",0.125,0.5
VERTICAL WIND SHEAR: The condition produced by a change in wind velocity (speed and/or direction) with height.,0.0,0.0
"ECOSYSTEM FUNCTIONS: Ecosystem functions are the physical, chemical, biological, and man-madeprocesses that contribute to the self-maintenance of an ecosystem.",0.0,0.14285714285714285
"TROPICAL CYCLONE TRACK: Tropical Cyclone path, route, or course.",0.0,0.0
VERTICAL PROFILES: A graph showing the variation of a meteorological event with height.,0.0,0.0
"BOUNDARY SURVEYS: Studies which collect data that can be numerical in nature, such as inventories, polls, etc.  Also, a measured plan or description of any portion of country, a road, or other feature.",-0.0625,0.4375
"KETTLE HOLES: A shallow, sediment-filled body of water formed by retreating glaciers or draining floodwaters.",-0.3333333333333333,0.5
TYPHOONS (WESTERN N. PACIFIC): null,0.0,0.0
POLAR MESOSPHERIC CLOUDS: are a diffuse scattering layer of water ice crystals near the summer polar mesopause.,-0.022222222222222216,0.3
TROPICAL DEPRESSION FREQUENCY: Number of Tropical Depressions per unit time.,0.0,0.0
ACOUSTIC REFLECTIVITY: The casting back of sound waves from a surface.,0.2,0.2
DEW POINT TEMPERATURE: The temperature to which a given air parcel must be cooled at constant pressure and constant water vapor content in order for saturation to occur.,0.0,0.3333333333333333
DOWNCUTTING: Erosional downcutting or downward erosion or vertical erosion is a geological process that deepens the channel of a stream or valley by removing material from the stream's bed or the valley's floor.,0.0,0.0
"SEDIMENT THICKNESS: The sediment thickness at any location on the continental margin is the vertical distance from the sea floor to the top of the basement at the base of the sediments, regardless of the slope of the sea floor or the slope of the top basement surface.",0.06666666666666665,0.6666666666666666
RIBBON WORMS: Phylum Nemertini (also spelled Nemertina or Nemertea). Commonly called Ribbon Worms are free-living worms with a proboscis separated from the digestive tract distinguished by a complete gut with anus and blood vessels,-0.09999999999999999,0.45
TOTAL ELECTRON CONTENT: Total Electron Content (TEC) is the number of free electrons in a column of theEarth's ionosphere. TEC is affected by geomagnetic storms and measurements ofTEC is crucial for calibrating measurements obtained by active radar andaltimeter instruments such as used on TOPEX/Poseidon. Measurements of TEC are aby-product if sea surface height measurements and TEC global ionosphereclimatologies have been developed from TOPEX/Poseidon measurements.,0.04583333333333334,0.5875
SURFACE SOIL MOISTURE: 'surface soil moisture' describes the moisture content in the top 5 cm.,0.5,0.5
"WAVE FETCH: The distance over which the wind blows, a factor in wind wave developmenton the ocean surface.",0.0,0.0
"RIFT VALLEY: A linear-shaped lowland between highlands or mountain ranges created by the action of a geologic rift or fault. This action is manifest as crustal extension, a spreading apart of the surface which is subsequently further deepened by the forces of erosion.",0.06666666666666667,0.2333333333333333
"SOIL INFILTRATION: The entry of water into soil. Also, the infiltration flux is the volume ofwater entering a specified cross-sectional area of soil per unit time [L t-1].",0.0,0.0
VOLCANIC ACTIVITY: a vent in the crust of the earth or another planet or a moon from which usually molten or hot rock and steam issue; also : a hill or mountain composed wholly or in part of the ejected material,0.0,0.55
"SEDIMENT CHEMISTRY: Refers to the chemical makeup and characteristics of sediments. In chemistry, sedimentation has been used to measure the size of large molecules (macromolecule), where the force of gravity is augmented with centrifugal force in an ultracentrifuge.",0.21428571428571427,0.42857142857142855
"POPULATION: Refers to the total number of inhabitants constituting a particular race, class, or group in a specified area.",0.08333333333333333,0.5416666666666666
"PLATEAU: An area of highland, usually consisting of relatively flat terrain. A highly eroded plateau is called a dissected plateau. A volcanic plateau is a plateau produced by volcanic activity.",-0.03833333333333334,0.305
"SEDIMENTS: Unconsolidated particles created by the weathering and erosion of rock, by chemical precipitation from solution in water, or from the secretions of organisms, and transported by water, wind, or glaciers.",0.0,0.0
"SNOW: Precipitation composed of white or translucent ice crystals, chiefly in complex branch hexagonal form and often agglomerated into snowflakes.",-0.15,0.2
GAMMA RAY: Gamma Rays (or gamma radiation) is electromagnetic radiation originating from,0.0,0.0
transitions between energy levels of atomic nuclei. <P>,0.0,0.0
A nucleus formed as a consequence of beta or alpha emission sometimes exists,0.0,0.0
briefly in an excited energy level and makes a transition to a lower energy,0.375,0.75
level accompanied by emission of a gamma ray photon with energy equal to the,0.0,0.25
difference between the energies of the initial and final levels. Gamma ray,0.0,0.5
energies from radioactive decay lie in the approximate range 10 keV6 MeV. Gammarays are also emitted in nuclear reactions. The boundary between x-rays and,-0.4,0.6
"gamma rays is fuzzy, the latter term being most often used for electromagnetic",0.25,0.25
radiation of nuclear origin.,0.0,0.0
EL NINO SOUTHERN OSCILLATION (ENSO): An irregular variation of ocean current that from January to March,0.0,0.2
"flows off the west coast of South America, carrying warm,",0.6,0.6
"low-salinity, nutrient-poor water to the south. It does not usually",0.125,0.25
"extend farther than a few degrees south of the equator, but",-0.2,0.1
"occasionally it does penetrate beyond 12 degrees S, displacing the",0.0,0.125
relatively cold Peru Current. The effects of this phenomenon are,-0.3,0.7
"generally short-lived, and fishing is only slightly",-0.03888888888888888,0.5555555555555556
"disrupted. Occasionally (in 1891, 1925, 1941, 1957 - 58, 1965, 1972 -",0.0,0.125
"73, 1976, and 1982 - 83), the effects are major and prolonged. Under",0.0625,0.5
"these conditions, sea surface temperatures rise along the coast of",0.0,0.0
Peru and in the equatorial eastern Pacific Ocean and may remain high,0.16,0.5399999999999999
"for more than a year, having disastrous effects on marine life and",-0.09999999999999998,0.65
fishing. Excessive rainfall and flooding occur in the normally dry,-0.15833333333333333,0.8
coastal area of western tropical South America during these,0.0,0.0
events. Some oceanographers and meteorologists consider only the,0.0,1.0
"major, prolonged events as El Nino phenomena rather than the annually",0.0625,0.5
occurring weaker and short-lived ones. The name was originally applied,0.375,0.75
to the latter events because of their occurrence at Christmas time.,0.0,0.0
('http://cdiac.esd.ornl.gov/glossary.html'),0.0,0.0
<p>,0.0,0.0
Interacting parts of a single global system of climate,-0.03571428571428571,0.10714285714285714
fluctuations. ENSO is the most prominent known source of interannual,0.5,0.75
"variability in weather and climate around the world, though not all",0.0,0.0
areas are affected. The Southern Oscillation (SO) is a global-scale,0.0,0.0
"seesaw in atmospheric pressure between Indonesia/North Australia, and",0.0,0.0
the southeast Pacific. In major warm events El Nino warming extends,0.33125,0.55
over much of the tropical Pacific and becomes clearly linked to the SO,0.15000000000000002,0.29166666666666663
pattern. Many of the countries most affected by ENSO events are,0.5,0.5
developing countries with economies that are largely dependent upon,0.21428571428571427,0.42857142857142855
their agricultural and fishery sectors as a major source of food,0.0625,0.5
"supply, employment, and foreign exchange. New capabilities to predict",0.005681818181818177,0.2897727272727273
the onset of ENSO event can have a global impact. While ENSO is a,0.0,0.0
"natural part of the Earth's climate, whether its intensity or",0.1,0.4
frequency may change as a result of global warming is an important,0.2,0.5
concern.,0.0,0.0
From: 'http://earthobservatory.nasa.gov/Library/glossary.php3',0.0,0.0
WIND WAVES: A wave formed by transfer of wind energy into water.,0.0,0.0
CLOUD DROPLET CONCENTRATION/SIZE: The physical size of water droplets and the number of water dropletsrecorded in a given area or volume within a cloud.,0.0,0.14285714285714285
MORTALITY: The quality or state of being mortal.,0.0,0.0
"IRON: A metal in the first transition series. It is by mass the most common element on Earth, forming much of Earth's outer and inner core. It is the fourth most common element in the Earth's crust. Its abundance in rocky planets like Earth is due to its abundant production by fusion in high-mass stars, where it is the last element to be produced with release of energy before the violent collapse of a supernova, which scatters the iron into space.",0.043749999999999976,0.42430555555555555
"COASTAL LANDFORMS: Refers to the landforms created by coastal processes including erosion, deposition, and tectonic uplift.",0.0,0.0
GLACIER AREA: Total area of a glacier.,0.0,0.75
"MICROFOSSILS: Microfossils are fossils too small to be seen without the aid of a microscope, e.g., a foraminifer or ostracode. It may be the remains of microscopic organisms or a part of a larger orgnaism.",-0.125,0.45
ADVECTION: The horizontal or vertical flow of seawater as a current.,0.0,0.4
"SPACE WEATHER ADVISORIES: Reports providing information on changes in environmental factors includingwarnings of potential threat to life, property, resources, and/or theenvironment arising from space weather.<br>",0.0,1.0
"Space weather, originating on the sun, are changes in the space environment;sometimes violent and dramatic changes.",-0.6166666666666667,0.8
"DENITRIFICATION RATE: The rate of biochemical reduction of nitrate or nitrite to gaseous nitrogen, either as molecular nitrogen or as an oxide of nitrogen.",0.0,0.0
"LAND TENURE: The holding, particularly as to manner or term (i.e., period of time), of a property. Land tenure may be broadly categorized into private lands, federal lands, and state lands.",0.07638888888888888,0.34027777777777773
"ATMOSPHERIC ELECTRICITY: Electrical phenomena, regarded collectively, which occur in theEarth's atmosphere.",0.0,0.0
"CLOUD TOP HEIGHT: For a given cloud or cloud layer, the highest level in the atmosphere at which the air contains a perceptible quantity of cloud particles.",0.5,0.5
"MICROFOSSILS: Microfossils are fossils too small to be seen without the aid of a microscope,e.g., a foraminifer or ostracode. It may be the remains of microscopicorganisms or a part of a larger orgnaism.",-0.125,0.45
SEA LEVEL RISE: An increase in the average height of the sea surface over a vertical datum.,-0.15,0.39999999999999997
PLANTS: Pertaining to the scientific classification of plants.,0.0,0.0
"WEB IMAGE CLASSIFICATION SERVICE: Performs classification of digital images, using a client-selected supervised orunsupervised image classification method.",0.0,0.0
"SOLAR ACTIVE REGIONS: A region of the solar atmosphere from the photosphere to the corona thatdevelops when strong magnetic fields emerge from inside the sun. The magnetizedrealm in and around the sunspots is called an active region. Radiation fromactive regions is enhanced when compared to neighboring areas in thechromosphere a corona over the whole electromagnetic spectrum. They may lastfrom a few hours to a few months. They are the sites of intense explosions,called solar flares.",0.023809523809523798,0.5047619047619047
"SEDIMENTS: Unconsolidated particles created by the weathering and erosion of rock, by chemical precipitation from solution in water, or from the secretions of organisms, and transported by water, wind, or glaciers.",0.0,0.0
WAVE EROSION: The power of the wave is generated by the fetch. Waves erode cliffs by abrasion/corrasion and hydraulic pressure.,0.0,0.0
"DISCHARGE: The volume of water flow, including any suspended solids which is transported through a given cross-sectional area.",0.0,0.0
REGRESSION: A machine learning model that translates input data of N-dimension to one or more scalar values.,0.5,0.5
"GLACIERS/ICE SHEETS: Glaciers are masses of land ice, formed by the further recrystallization of",0.0,0.5
"firn, flowing continuously from higher to lower elevations. Ice sheets are a",0.25,0.5
continuous sheet of land ice that covers a very large area and moves outward inmany directions. This type of ice mass is so thick as to mask the land surface,-0.010714285714285732,0.5160714285714285
"contours, in contrast to the smaller and thinner highland ice. The continental",0.0,0.5
glacier of Greenland is sometimes called the Inland Ice. This term is often,0.0,0.0
used to describe the great ice masses that characterized the ice ages.,0.8,0.75
"STORM SURGE: A phenomena wherein sea level rises above the normal tide level whenhurricanes or tropical storms move from the ocean along or across acoastal region. This sea level rise can consists of three components, thefirst of which results from low barometric pressure, i.e. the so-calledinverse barometer effect, where lower atmospheric pressure on the surfaceof the water allows it to rise. The second component is wind set-up wherethe winds drag surface",0.008333333333333331,0.18680555555555553
"METHANE: Methane (CH4) is a greenhouse gas and is seen in polar ice cores. From the ice core record, it is known that methane rose rapidly whenever climate changed from glacial to interglacial conditions (during 'deglaciation'). Warming of water bathing the seafloor could have led to large-scale release of methane from the melting of methane ice.",0.2583333333333333,0.6
"RIA: A landform, often referred to as a drowned river valley. Rias are almost always estuaries. Rias form where sea levels rise relative to the land either as a result of eustatic sea level change (where the global sea levels rise), or isostatic sea level change (where the local land sinks).",-0.04,0.02
COASTLINE: The actual contour of the continent with the existing ice shelves.,0.0,0.1
"RAIN: A type of liquid precipitation in the form of liquid water drops withdiameters greater than 0.5 millimeters (0.02 inches), or, if widelyscattered, the drops may be smaller.",0.25,0.5
LIQUID PRECIPITATION: Liquid precipitation that reaches the Earth's surface in the form of drops.,0.0,0.0
WATERSHED SLOPE: The steepness of the highest point to the lower elevations.,0.0,0.0
BREEDING PRODUCTIVITY: A measure of how successful reproduction is in a given breeding season. It can be used to assess the health of a population and can be an early indicator of environmental changes or population status.,0.425,0.625
"DUNES: A hill of sand built by aeolian processes. Dunes occur in different forms and sizes, formed by interaction with the wind. Most kinds of dunes are longer on the windward side where the sand is pushed up the dune and have a shorter 'slip face' in the lee of the wind.",0.25,0.55
HYDROCARBONS: Organic compounds composed entirely of carbon and hydrogen atoms.,0.0,0.625
ICE CORE RECORDS: An ice core is a section of ice drilled from a glacier or ice sheet. Ice deposits contain samples of the atmosphere at the time the ice formed; they also record seasonal fluctuations of temperature and dust. That's why ice cores are extremely valuable sources of paleoclimate data on the Earth's climate in the distant past. Researchers drill sections of ice cores hundreds of meters long and then match sections at different depths with particular eras in the Earth's past. These sections can then be analyzed for clues about atmospheric gases and temperatures from hundreds of thousands of years ago.,-0.07604166666666667,0.3979166666666667
"ABYSSAL HILLS/PLAINS: Pertaining to geophysical (seismic, magnetic, gravity, etc.) data collected",0.0,0.0
on the plains and hills of the deep oceanic floor.,0.0,0.4
ABYSSAL HILLS: Small hills found only in the deep sea which rise from the oceanbasin floor with heights ranging from 10 to over 500 feet and widths from a fewhundred feet to a few miles. They are found along the seaward margin of most,0.009999999999999998,0.48
"abyssal plains and originate from the spreading of mid-ocean ridges. As such,",0.0,0.5
they usually form two strips parallel to mid-ocean ridges. They generally,-0.06666666666666667,0.25
decrease in height as one traverses away from the ridges as they gradually,0.0,0.0
become covered with sediment and are replaced by abyssal plains.,0.0,0.0
ABYSSAL PLAINS: Flat areas of the ocean basin floor which slope less than 1,-0.09583333333333333,0.09583333333333333
part in 1000. These were formed by turbidity currents which covered the,0.0,0.0
preexisting topography. Most abyssal plains are located between the base of thecontinental rise and the abyssal hills. The remainder are trench abyssal plainsthat lie in the bottom of deep-sea trenches. This latter type traps all,-0.10000000000000002,0.5
sediment from turbidity currents and prevents abyssal plains from forming,0.0,0.0
"further seaward, e.g. much of the Pacific Ocean floor.",0.1,0.35
GLACIER TOPOGRAPHY/ICE SHEET TOPOGRAPHY: Surface relief of the land. Topography usually is measured in meters above sea,-0.125,0.175
level. The topography can be very different from one location to another.,0.0,0.78
"Topography can be flat, or mountainous, or hilly.",-0.025,0.125
"BEACHES: Geological landform along the shoreline of an ocean, sea or lake. It usually consists of loose particles which are often composed of rock, such as sand, gravel, shingle, pebbles, waves or cobblestones.",-0.10897435897435898,0.3397435897435897
"CLOUD OPTICAL DEPTH/THICKNESS: The degree to which a cloud prevents light from passing through it.Optical thickness depends upon the physical constitution (crystals, drop,droplets), the form, the concentration of particles, and the verticalextent of the cloud.",0.2,0.4214285714285714
CIVIL DISTURBANCE: Group acts of violence and disorder prejudicial to public law and order.,0.0,0.06666666666666667
"ISOTOPES: The isotopic record found in ice cores reveal direct information about the pastclimate. d18O (delta oxygen-18), 16O and 18O are isotopes of oxygen with slightdifferences in atomic weight. Depending on the temperature of evaporation andhow far the water has had to travel before it fell as snow, the ratio of 18O to16O will vary. This ratio, known as d18O, can be measured very accurately usinga mass spectrometer. Over short time scales the change in temperature fromsummer to winter produces a very clear oscillation in the 18O/16O ratio. Thisoscillation is used to determine the age of the core at different depths,simply by counting the oscillations. Over longer time periods, this ratioindicates the average temperature of the regions between the evaporation siteand the coring site. Investigators in Greenland and Antarctica are alsoanalyzing for the ratio of 1H/2H (Hydrogen to deuterium) which will allow evenfiner detail about source temperature and condensation history to be obtained.",0.10000000000000002,0.5745238095238095
"ENVIRONMENTAL ADVISORIES: Refers to an official announcement, typically a warning about bad environmental conditions.",-0.43333333333333324,0.5833333333333333
"HYDROLOGICAL ADVISORIES: Reports providing information on changes in environmental factors includingwarnings of potential threat to life, property, agricultural resources, and/orthe environment arising from the cycling of water on and inside the Earth.",0.0,1.0
"CUSPATE FORELANDS: Geographical features found on coastlines and created by long shore drift. Made out of sand and shingle, and later stabilized by vegetation, cuspate forelands are triangular-shaped accretions and extend seawards.",-0.025,0.2
SQUIDS: Phylum Mollusca. Class Cephalopoda. Marine molluscs characterized by a condensed anteroposteriorly and extended dorso-ventrally body plan and a reduce shell with only a pen remaining,0.0,1.0
SOLAR INDUCED FLUORESCENCE: Solar-induced fluorescence is the glow plants emit from photosynthesis — the process of plant growth that includes the capture of carbon from the atmosphere. Areas with lower photosynthesis activity are in shown in light green; areas with higher photosynthesis activity are shown in dark green.,0.020000000000000007,0.43999999999999995
ISOTOPES: One of two or more species of atoms of a chemical element with the same atomic number and position in the periodic table and nearly identical chemical behavior but with different atomic masses and physical properties. Every chemical element has one or more isotopes.,0.18333333333333335,0.37797619047619047
"PHOSPHATE: A charged molecule composed of one atom of phosphorus and four atoms ofoxygen, PO4(-3), available to plants and phytoplankton as a nutrient.",0.4,0.4
GLACIER THICKNESS/ICE SHEET THICKNESS: The difference in height between two levels in the glacier or ice sheet.,0.0,0.0
"GYMNOSPERMS: Gymnosperms are seed-producing plants, commonly refered to as 'naked seeds', where the ovules are not inclused in the ovary.",-0.15,0.45
ICE CORE AIR BUBBLES: Trapped gases in ice-core bubbles are highly reliable records of atmospheric composition in reconstructing past climates.,-0.07250000000000001,0.19749999999999998
CHAPARRAL: Pertaining to distinct shrubland unique to California.,0.3375,0.65
ANTICYCLONES/CYCLONES: An anticyclone is a dome of air that exerts relatively highatmospheric pressure compared with the surrounding air at a given level. Acyclone is a weather system characterised by relatively low surface airpressure at a given level and a closed cyclonic wind circulation.,-0.03333333333333333,0.13333333333333333
BENTHIC: Pertaining to ocean bottom as the place where an organism lives.,0.0,0.0
"GLACIER/ICE CAVES: Refers to any type of natural cave (most commonly lava tubes or limestone caves) that contains significant amounts of perennial (year-round) ice. At least a portion of the cave must have a temperature below 0 °C (32 °F) all year round, and water must have traveled into the cave’s cold zone.",-0.06071428571428571,0.5821428571428571
FRONTAL FOG: Fog associated with frontal zones and frontal passages.It is usually divided into three types: warm-front prefrontal fog; cold-front post-frontal fog; and frontal-passage fog. The first two types are a result of rain falling into cold stable air and raising the dewpoint temperature. Frontal-passage fog can result from the 'mixing of warm and cold air masses in the frontal zone' or by 'sudden cooling of air over moist ground.',-0.09999999999999999,0.6138888888888888
"LAND RECORDS: Non-marine geological information pertinent to paleoclimatology consists of all continental sedimentary records including loess,volcanic deposits, glaciation, spelothems, tree ring, pollen, and other land-based records.",-0.125,0.375
WIND FARM: Pertaining to an area of land with a cluster of wind turbines for driving electrical generators.,0.0,0.0
BIOSPHERIC INDICATORS: biosphere (the regions of the surface and atmosphere of the Earth (or other planet) where living organisms exist),-0.125,0.375
"SEDIMENT TRANSPORT: The movement of solid particles (sediment), typically due to a combination of the force of gravity acting on the sediment, and/or the movement of the fluid in which the sediment is entrained. An understanding of sediment transport is typically used in natural systems, where the particles are clastic rocks (sand, gravel, boulders, etc.), mud, or clay; the fluid is air, water, or ice; and the force of gravity acts to move the particles due to the sloping surface on which they are resting.",-0.03958333333333333,0.24375000000000002
"MASS BALANCE: The definition of how the mass of an area changes over time; i.e. how balanced the mass is (e.g., whether processes that cause an increase mass, such as precipitation, are balanced with processes that cause mass loss, such as runoff and evaporation).",0.0,0.5
"CRYOSOLS: Soil formed in either mineral or organic materials having permafrost eitherwithin 1 m below the surface or, if the soil is strongly cryoturbated, with 2 mbelow the surface, and having a mean annual ground temperature below 0 deg C.",0.060416666666666646,0.7104166666666667
CYCLONES (SW INDIAN): null,0.0,0.0
"IONS: Pertaining to the measurement of various electrostatic ally charged compounds found in ice cores. Ions can be analyzed to infer human, biological, and volcanic activity, as well as ocean water conditions.",0.0,0.3
STABILITY: The ability of a mineral to remain unaltered over a stated range of pressure and temperature.,0.0,0.0
"CRYOSPHERE MODELS: Cryosphere Models are models that look at the Earth's cryosphere regions, specifically looking at frozen water, snow, permafrost, floating ice, and glaciers. The cryosphere component is directly related to ocean sea-level, therefore is indirectly related to changes in the atmosphere and biosphere.",0.0,0.4
"SURFACE MASS: The summation of all mass within ~20 km of the Earth’s surface (i.e. groundwater, soil moisture, surface water, snow, atmosphere) expressed on the surface of the Earth.",0.0,0.0
"SUBDUCTION: The process that takes place at convergent boundaries by which one tectonic plate moves under another tectonic plate, sinking into the Earth's mantle, as the plates converge. A subduction zone is an area on Earth where two tectonic plates move towards one another and subduction occurs.",0.0,0.0
"LAND MANAGEMENT: Following certain land practices to sustain areas for recreation, wildlife habitat, livestock grazing, wilderness, etc.",0.10714285714285714,0.3357142857142857
"SEDIMENT TRANSPORT: The movement of solid particles (sediment), typically due to a combination of the force of gravity acting on the sediment, and/or the movement of the fluid in which the sediment is entrained. An understanding of sediment transport is typically used in natural systems, where the particles are clastic rocks (sand, gravel, boulders, etc.), mud, or clay; the fluid is air, water, or ice; and the force of gravity acts to move the particles due to the sloping surface on which they are resting.",-0.03958333333333333,0.24375000000000002
"PARTICULATE MATTER: Particulate matter in ice cores (continental dust, volcanic ash, diatoms, and pollen) can provide information on past climate conditions and climate variability.",-0.25,0.25
"SOLAR FLARES: An abrupt release, from a localized region on the Sun, of large amounts ofenergy in ultraviolet light, x-radiation, and occasionally gamma radiation.Flares usually occur in or near complex sunspot regions and may be related tothe rearrangement of the intense magnetic fields there.",0.02658730158730159,0.5226190476190475
SEVERE WEATHER: An alert to advise the public to when and where potentially life threateningweather phenomena may occur.,0.0,0.5333333333333333
"ERUPTION DYNAMICS: Pertaining to the processes involved in the extrusion of magma at the Earth'ssurface, these can include: eruption induced seismic activity, lahars, ashflows/clouds, etc.",0.0,0.0
"DUNES: A hill of sand built by aeolian processes. Dunes occur in different forms and sizes, formed by interaction with the wind. Most kinds of dunes are longer on the windward side where the sand is pushed up the dune and have a shorter 'slip face' in the lee of the wind.",0.25,0.55
"INDIGENOUS VEGETATION: Indigenous Vegetation or native vegetation is applied to a species thatoccurs naturally in an area, and therefore, one that has not beenintroduced by humans accidentally or intentionally.",0.1,0.4
"HAPTOPHYTES: Haptophytes are a clade of heterokont algae with smooth flagella. Haptophytes are typically eukaryotic, with a central nucleus and are characterized with a haptonema organelle.",0.07777777777777779,0.4166666666666667
"PARABOLIC DUNE: U-shaped mounds of sand with convex noses trailed by elongated arms are parabolic dunes. Sometimes these dunes are called U-shaped, blowout, or hairpin dunes, and they are well known in coastal deserts. Unlike crescent shaped dunes, their crests point upwind. The elongated arms of parabolic dunes follow rather than lead because they have been fixed by vegetation, while the bulk of the sand in the dune migrates forward.",0.15000000000000002,0.4
"ISOTOPES: The isotopic record found in various non-marine records reveal directinformation about the past climate. d18O (delta oxygen-18), 16O and 18O areisotopes of oxygen with slight differences in atomic weight. Studies usingother isotopes such as Carbon-13, Carbon-14 and Hydrogen are widely used.Isoptopic analysis is especially important in dendroclimatologic and speleothemanalyses.",0.04722222222222224,0.4694444444444444
"GLACIERS: A mass of land ice, formed by the further recrystallization of firn, flowingcontinuously from higher to lower elevations.",0.125,0.5
"SALMONS/TROUTS: Phylum Chordata. Class Actinopterygii. Salmon, a common name for ray-finned fish, are a commercially important anadromous fish. Trout, common name for freshwater fish, have fins without spine and small adipose fin near the tail.",-0.06999999999999999,0.5599999999999999
GLACIER MASS BALANCE/ICE SHEET MASS BALANCE: Mass balance describes the net gain or loss of snow and ice through a givenyear. It is usually expressed in terms of water gain or loss.,-0.125,0.125
"SPECTRAL/ENGINEERING: Refers to the study of spectroscopy, remote sensing and imaging, combustion and propulsion technology, and the radiative transfer processes.",-0.1,0.2
GRAVITY WAVE: A wave disturbance in which buoyancy acts as the restoring force onparcels displaced from hydrostatic equilibrium.,0.0,0.0
"TERRESTRIAL HYDROSPHERE: 'Terrestrial - related to the Earth,  A hydrosphere is the total amount of water on a planet. The hydrosphere includes water that is on the surface of the planet, underground, and in the air. A planet's hydrosphere can be liquid, vapor, or ice.On Earth, liquid water exists on the surface in the form of oceans, lakes and rivers. It also exists below ground—as groundwater, in wells and aquifers. Water vapor is most visible as clouds and fog.The frozen part of Earth's hydrosphere is made of ice: glaciers, ice caps and icebergs. The frozen part of the hydrosphere has its own name, the cryosphere. Water moves through the hydrosphere in a cycle. Water collects in clouds, then falls to Earth in the form of rain or snow. This water collects in rivers, lakes and oceans. Then it evaporates into the atmosphere to start the cycle all over again. This is called the water cycle.'",0.18333333333333335,0.47500000000000003
DROPLET GROWTH: Rate of droplet growth.,0.0,0.0
WAVE FREQUENCY: The number of waves passing a fixed point in a given period of time.,0.1,0.2
"HEAVY METALS CONCENTRATION: Heavy Metals are any of the high atomic weight metals such as lead, mercury, cadmium, and zinc.",-0.060000000000000005,0.51
"CRYOSOLS: Soil formed in either mineral or organic materials having permafrost either within 1 m below the surface or, if the soil is strongly cryoturbated, with 2 m below the surface, and having a mean annual ground temperature below 0 deg C.",0.060416666666666646,0.7104166666666667
"CLOUD MASS FLUX: The transport of mass by vertical motion within clouds. Mass in thiscontext is defined as the mass of dry air plus the mass of water vapor,excluding the mass of any liquid water.",-0.06666666666666665,0.6
"FIRE ADVISORIES: Reports providing information on changes in environmental factors includingwarnings of potential threat to life, property, agricultural resources, and/orthe environment arising from wildfires or prescribed burns.",0.0,1.0
METAMORPHIC ROCK PHYSICAL/OPTICAL PROPERTIES: The study and analysis of the various physical and optical properties of metamorphic rocks.,0.0,0.3214285714285714
FJORDS: Formed when a glacier cuts a U-shaped valley by abrasion of the surrounding bedrock. Many such valleys were formed during the recent ice age. Glacial melting is accompanied by rebound of Earth's crust as the ice load and eroded sediment is removed (also called isostasy or glacial rebound).,0.16666666666666666,0.4166666666666667
LIQUID SURFACE PRECIPITATION RATE: null,0.0,0.0
STATIC PRESSURE: The component of the force measured perpendicular to the flow per unitarea orientated parallel to the direction of fluid flow.,0.16666666666666666,0.3333333333333333
"DISCHARGE AMOUNT: The volume of water flow, including any suspended solids which is transported through a given cross-sectional area.",0.0,0.0
"PLANETARY/ROSSBY WAVES: A wave on a uniform current in a two-dimensional nondivergent fluid system,",-0.03333333333333333,0.19999999999999998
rotating with varying angle speed about the local vertical (beta plane).,0.0,0.0
"TECTONIC LANDFORMS: 'Tectonic landforms' are structural landforms of regional extent. Theselandforms make up extensive landscapes whose topography is strongly influencedby the structure of underlying rocks that have undergone (or are undergoing)some degree of deformation (and possible associated metamorphism and igneousintrusion). Landscapes developed on orogenic belts, uplifts, domes, basins, andshields can all be thought of as tectonic landforms. 'Tectonic processes' arelarge-scale geologic processes that develop these landforms and includemountain building and crustal rifting.",0.13333333333333333,0.5916666666666666
"HEADLANDS/BAYS/CAPE: Headlands and bays are often found together on the same stretch of coastline. A bay is surrounded by land on three sides, whereas a headland is surrounded by water on three sides. Headlands are characterized by high, breaking waves, rocky shores, intense erosion, and steep sea cliffs.",0.12,0.555
"WAVE-CUT NOTCH/PLATFORMS: The narrow flat area often found at the base of a sea cliff or along the shoreline of a lake, bay, or sea that was created by the action of waves. Wave-cut platforms are often most obvious at low tide when they become visible as huge areas of flat rock.",-0.0055555555555555644,0.4388888888888889
GROUND WATER PROCESSES/MEASUREMENTS: Describes how ground water is measured and the various ground water processes throughout the ground water system.,0.0,0.5
"ISOTOPES: The isotopic record found in various non-marine records reveal direct information about the past climate. d18O (delta oxygen-18), 16O and 18O are isotopes of oxygen with slight differences in atomic weight. Studies using other isotopes such as Carbon-13, Carbon-14 and Hydrogen are widely used. Isotopic analysis is especially important in dendroclimatologic and speleothem analyses.",0.03229166666666668,0.4489583333333333
"SEDIMENTS: Sediment - can be analyzed in many ways. Sediment laminations, or layers, can indicate sedimentation rate through time. Charcoal trapped in sediments can indicate past fire events. Remains of microorganisms such as diatoms, foraminifera, microbiota, and pollen within sediment can indicate changes in past climate, since each species has a limited range of habitable conditions. When these organisms and pollen sink to the bottom of a lake or ocean, they can become buried within the sediment. Thus, climate change can be inferred by species composition within the sediment.",-0.045238095238095244,0.2738095238095238
"SEDIMENTS: Unconsolidated particles created by the weathering and erosion of rock, by chemical precipitation from solution in water, or from the secretions of organisms, and transported by water, wind, or glaciers.",0.0,0.0
"TOMBOLOS: A deposition landform  in which an island is attached to the mainland by a narrow piece of land such as a spit or bar. Once attached, the island is then known as a tied island. Several islands tied together by bars which rise above the water level is called a tombolo cluster.",-0.05,0.25
"NUTRIENTS: Elements essential for growth and survival of a given organism. Directly or indirectly, nutrients have roles in metabolism that no other nutrients fulfills.",0.05416666666666667,0.35833333333333334
"ATMOSPHERIC CONDUCTIVITY: A unit measure of electrical conduction; the facility with which asubstance conducts electricity, as represented by the current density perunit electrical- potential gradient in the direction of flow.",0.0,0.4666666666666666
"SOLAR RADIATION STORMS: Caused by solar flares, radiation storms are made up of photons, electrons, andprotons.  Protons take the lead in these storms, posing much more danger tothose not protected by the Earth's magnetic field.  They cause damage bybreaking chemical bonds in genetic material.",0.5,0.5
"BIOLOGICAL RECORDS: The scientific study of the distribution of living organisms, biological records describe the presence, abundance, associations, and changes, both in time and space, of wildlife.",0.0,0.0
"DOME DUNE: Oval or circular mounds that generally lack a slipface, dome dunes are rare, and these occur at the far upwind margins of sand seas.",0.15,0.7999999999999999
"DUNES: A hill of sand built by aeolian processes. Dunes occur in different forms and sizes, formed by interaction with the wind. Most kinds of dunes are longer on the windward side where the sand is pushed up the dune and have a shorter 'slip face' in the lee of the wind.",0.25,0.55
ADVECTION: Advection is the transfer of properties of current flow. The transfer ofheat gain/loss from one region to another.,0.0,0.4
"SEDIMENTS: Unconsolidated particles created by the weathering and erosion of rock,by chemical precipitation from solution in water, or from the secretionsof organisms, and transported by water, wind, or glaciers.",0.0,0.0
"ELECTRIC FIELD: The region in which electric forces can be observed, e.g. near an",0.1,0.4
"electric charge. As a field, it may also be viewed as a region of space",0.0,0.0
modified by the presence of electric charges.,0.0,0.0
GEOLOGICAL ADVISORIES: Reports providing information on changes in environmental factors including,0.0,0.0
"warnings of potential threat to life, property, agricultural resources, and/or",0.0,1.0
"the environment arising from the natural processes that occur within the Earth.These processes include but are not limited to those that create, deform,",0.06785714285714287,0.27142857142857146
"destroy, and/or recycle the lithosphere of the Earth.",-0.2,0.0
ADVECTION: null,0.0,0.0
"SPITS AND BARS: A deposition landform  found off coasts. At one end, spits connect to land, while at the far end they exist in open water. A spit is a type of bar or beach that develops where a re-entrant occurs, such as at cove's headlands, by the process of longshore drift.",0.03333333333333333,0.6666666666666666
"DATA PROCESSING SERVICES: Services that are designed to process data, sometimes both feature and image (coverage) data. The services in the Processing Services tier are used by clients and by services in the Application Services tier. These services can use other services in the Processing Services and Information Management Services tiers.",-0.125,0.375
DIFFERENTIAL PRESSURE: The difference between static air pressure and the total air pressureproduced by forward motion of an aircraft.,0.25,0.825
LOESS: An aeolian sediment formed by the accumulation of wind-blown silt and lesser and variable amounts of sand and clay that are loosely cemented by calcium carbonate. It is usually homogeneous and highly porous and is traversed by vertical capillaries that permit the sediment to fracture and form vertical bluffs.,-0.04173076923076923,0.3898076923076923
"SEDIMENT THICKNESS: The sediment thickness at any location on the continental margin is the vertical distance from the sea floor to the top of the basement at the base of the sediments, regardless of the slope of the sea floor or the slope of the top basement surface.",0.06666666666666665,0.6666666666666666
"SEA ARCHES: Sea arches form by wave erosion of coastal headlands. Sea arches are very temporary landforms, in both geologic and human terms.",0.1,0.2
"SOIL INFILTRATION: The entry of water into soil. Also, the infiltration flux is the volume ofwater entering a specified cross-sectional area of soil per unit time [L t-1].",0.0,0.0
COLLISION RATE: Rate of droplet collisions.,0.0,0.0
"SEDIMENT THICKNESS: The sediment thickness at any location on the continental margin is the vertical distance from the sea floor to the top of the basement at the base of the sediments, regardless of the slope of the sea floor or the slope of the top basement surface.",0.06666666666666665,0.6666666666666666
"GLACIER ELEVATION/ICE SHEET ELEVATION: Pertaining to the measured height of large thick, glaciers, with an area ofat least 50,000 sq. km, covering a continuous stretch of land and growingin all directions.",-0.1285714285714286,0.4345238095238095
HEALTH ADVISORIES: Reports providing information on changes in environmental factors including warnings about epidemiological or environmental hazards that potentially threaten animal or human health.,0.0,0.55
"LONGITUDINAL/LINEAR DUNE: Elongate parallel to the prevailing wind, possibly caused by a larger dune having its smaller sides blown away. Seif dunes are sharp-crested and are common in the Sahara. They range up to 300 m (980 ft) in height and 300 km (190 mi) in length.",-0.06,0.5
FLUVIAL PROCESSES: The physical interaction of flowing water and the natural channels of rivers and streams. Such processes play an essential and conspicuous role in the denudation of land surfaces and the transport of rock detritus from higher to lower levels.,0.06999999999999999,0.3685714285714286
"GLACIER FACIES: In general, facies are the set of all characteristics of a sedimetary rock thatindicates its particular environment of deposition and which distinguish itfrom other facies in the same rock. Glacial facies refer to the characteristicnature of glacial ice and/or the processes by which the ice formed andprocesses by which  rock debris from the bed is entrained into the ice.",0.02291666666666667,0.3333333333333333
"LIGHTNING: Generally, any and all of the various forms of visibleelectrical discharge produced by thunderstorms.",0.02500000000000001,0.5
DUNES: An elongated mound of sand formed by wind or water.,0.0,0.0
"VULNERABLE POPULATIONS: Groups of people with a propensity or predisposition to be adverselyaffected. Vulnerable populations may be less able to anticipate, copewith, resist, and recover from the impacts of a disaster, be it natural orman-made.",-0.11333333333333336,0.41833333333333333
"CUSPATE FORELANDS: Geographical features found on coastlines and created by long shore drift. Made out of sand and shingle, and later stabilized by vegetation, cuspate forelands are triangular-shaped accretions and extend seawards.",-0.025,0.2
"FERNS AND ALLIES: Pteridophytes, commonly called Ferns and fern allies, are vascular plants with fronds, roots and sometimes true stems.",0.024999999999999994,0.575
"ANGIOSPERMS (FLOWERING PLANTS): Flowering Plants are all included within the class Angiospermae.Today angiosperms are the dominant plant life, their survival helped bythe angiosperms' flowers (through pollination), fruit (by being carried tonew places), and seeds (which contain food to nourish the young plant).",0.1,0.4
"AIR MASS/DENSITY: Air mass/density is a fundamental property of atmosphere. Mixture of gases forming Earth's atmosphere, consisting of nitrogen (∼78%), oxygen (∼21%), water vapor, and other trace gases such as carbon dioxide, helium, argon, ozone, or various pollutants.The concentration of water vapor is very variable, being a strong function of temperature and, hence, altitude in the atmosphere. Dry air is referred to as air from which measurable amounts of water vapor have been physically removed. Pure, dry air has a density of 1.293 kg m−3 at a temperature of 273 K and a pressure of 101.325 kPa. Apart from the variability of water vapor, the composition of air is essentially constant to an altitude of at least 50 km.",0.0262987012987013,0.4531385281385281
"SEDIMENT THICKNESS: The sediment thickness at any location on the continental margin is the vertical distance from the sea floor to the top of the basement at the base of the sediments, regardless of the slope of the sea floor or the slope of the top basement surface.",0.06666666666666665,0.6666666666666666
"SEDIMENTS: Naturally occurring material that is broken down by processes of weathering and erosion, and is subsequently transported by the action of wind, water, or ice, and/or by the force of gravity acting on the particles. For example, sand and silt can be carried in suspension in river water and on reaching the sea be deposited by sedimentation and if buried this may eventually become sandstone and siltstone, (sedimentary rocks).",-0.05925925925925927,0.20648148148148152
"MICROFOSSILS: Microfossils are fossils too small to be seen without the aid of a microscope, e.g., a foraminifer or ostracode. It may be the remains of microscopic organisms or a part of a larger orgnaism.",-0.125,0.45
"BARRIER ISLANDS: A coastal landform and a type of barrier system, are relatively narrow strips of sand that parallel the mainland coast. They usually occur in chains, consisting of anything from a few islands to more than a dozen.",-0.030000000000000006,0.25
RADIO BLACKOUTS: Conditions in which long distance radio communications is poor to propagate toseverely blocked.,-0.225,0.5
SOILS: The range of dynamic natural bodies composed of  mineral and organicmaterials and living forms in which plants grow.,0.05,0.2833333333333333
"SURFACE TEMPERATURE: In meteorology, the temperature of the ambient air near the surface of the earth, almost invariably determined by a thermometer in an instrument shelter.",0.1,0.4
"INLETS: A narrow body of water between islands or leading inland from a larger body of water, often leading to an enclosed body of water, such as a sound, bay, lagoon or marsh. In sea coasts an inlet usually refers to the actual connection between a bay and the ocean and is often called an 'entrance' or a recession in the shore of a sea, lake or river.",-0.008333333333333331,0.35833333333333334
"MARINE ADVISORIES: Reports providing information on changes in environmental factors includingwarnings of potential threat to life, property, resources, and/or theenvironment arising from hazards in and around navigable water.",0.0,1.0
ICE NUCLEI: Any particle that serves as a nucleus leading to the formation of ice crystals without regard to the particular physical processes involved in the nucleation.,0.08333333333333333,0.23809523809523808
SOLAR ACTIVITY: Any change in the sun's appearance or behavior. The sun's activity,0.0,0.0
"is described as being very low, low, moderate, high or very high.",0.0736,0.5264
"Solar activity changes over a period of, on average, 11 years. At",-0.15,0.39999999999999997
"solar maximum, the solar activity is high and so too the Extreme",0.0175,0.77
Ultraviolet (EUV) radiation output which affects the ionosphere. At solar,0.0,0.0
"minimum, the opposite is true.",0.175,0.325
"SHORELINES: The fringe of land at the edge of a large body of water, such as an ocean, sea, or lake. In Physical Oceanography a shore is the wider fringe that is geologically modified by the action of the body of water past and present, while the beach is at the edge of the shore, representing the intertidal zone where there is one. is the fringe of land at the edge of a large body of water, such as an ocean, sea, or lake. In Physical Oceanography a shore is the wider fringe that is geologically modified by the action of the body of water past and present, while the beach is at the edge of the shore, representing the intertidal zone where there is one.",0.010714285714285713,0.23690476190476192
FLUVIAL PROCESSES: The physical interaction of flowing water and the natural channels of rivers and streams. Such processes play an essential and conspicuous role in the denudation of land surfaces and the transport of rock detritus from higher to lower levels.,0.06999999999999999,0.3685714285714286
SOUNDS: A wide inlet of the sea or ocean that is parallel to the coastline; it often separates a coastline from a nearby island.,-0.05,0.2
SOLAR WINDS: The ionized atmosphere above the solar surface that has such a high temperatureit can overcome the Sun's gravity and expand outward at supersonic speeds.,0.05333333333333334,0.37999999999999995
ADVECTION: Refers to the transport of salt within the ocean.,0.0,0.0
TOTAL FREEZING RAIN ACCUMULATION: Total freezing rain accumulated from a freezing rain event.,0.0,0.75
"SEA LEVEL ANOMALY: A sea level anomaly reveals the regional extent of anomalous water levels in the coastal ocean which can indicate unusual water temperatures, salinities, average monthly winds, atmospheric pressures, and/or coastal currents. A sea level anomaly, as defined by NOAA's National Ocean Service, occurs when the 5-month running average of the interannual variation is at least 0.1 meters (4 inches) greater than or less than the long-term trend. The interannual variation is the monthly mean sea level after the trend and the average seasonal cycle are removed.",-0.0587962962962963,0.4282407407407407
WATER MASSES: A large body of seawater identified by its temperature and salinity.,0.21428571428571427,0.42857142857142855
STRATIGRAPHIC SEQUENCE: A chronological succession of sedimentary rocks.,0.0,0.0
"SEDIMENT TRANSPORT: The movement of solid particles (sediment), typically due to a combination of the force of gravity acting on the sediment, and/or the movement of the fluid in which the sediment is entrained. An understanding of sediment transport is typically used in natural systems, where the particles are clastic rocks (sand, gravel, boulders, etc.), mud, or clay; the fluid is air, water, or ice; and the force of gravity acts to move the particles due to the sloping surface on which they are resting.",-0.03958333333333333,0.24375000000000002
"ELECTRICITY: Associated with the use, production, or transmission of electric power.",0.0,0.0
"APRON REEF: A short reef resembling a fringing reef, but more sloped; extending out and downward from a point or peninsular shore.",0.25,0.4
ICEBERGS: A piece of ice that has broken off from the end of a glacier that terminates inwater. Only about 10 percent of its mass is above the surface of the water.,-0.13333333333333333,0.5
SEA STATE: A measure of the roughness of the sea surface; a scale of surfacewave conditions related to the speed of wind.,0.0,0.4
WAVE HEIGHT: Vertical distance between a wave crest and the adjacent wave troughs.,0.0,0.0
STRATIGRAPHIC SEQUENCE: A chronological succession of sedimentary rocks .,0.0,0.0
STRATIGRAPHIC SEQUENCE: A set of deposited sedimentary beds that reflects the depositional environment of those beds and the geologic history of a region. A stratigraphic sequence is a chronologic succession of sedimentary rocks from older below to younger above without interruption.,0.05555555555555555,0.14444444444444446
"ACTIVE LAYER: Active layer, also called frost zone or mollisol is that part of the soil included with the suprapermafrost layer (i.e., existing above permafrost) that usually freezes in winter and thaws in summer.",-0.12916666666666665,0.3875
LAND SURFACE/AGRICULTURE INDICATORS: A set of parameters including topography and the heat-island effect that describe the changing climate on the land surface and agriculture lands.,0.0,0.0
"CLIMATE INDICATORS: Climate Indicators are a set of parameters that describe the changing climate without reducing climate change to only temperature. They comprise key information for the most relevant domains of climate change: temperature and energy, atmospheric composition, ocean and water as well as the cryosphere.",0.18,0.6799999999999999
MODEL LOGS: Model configurations / inputs / outputs / logs for ancillary models,0.0,0.0
SPECIES DISTRIBUTION: Species distributions are typically represented by records of their observed occurrence at a given spatial and temporal scale,-0.16666666666666666,0.5
"DATA APPLICATION SERVICES: Services that are designed to support Clients, especially thin client software such as web browsers. That is, these Application Services are designed for use by clients instead of each client directly performing these often-needed support functions. The services in the Application Services tier are used by Clients, and can use other services in the Application Services, Processing Services, and Information Management Services tiers.",-0.20625000000000002,0.56875
"GEOGRAPHIC DATA MANAGEMENT SERVICES: Services that allow a user to manage geospatial data input and retirement,interacting with Information Management Services.",0.0,0.0
"STRATOSPHERIC TEMPERATURE ANOMALIES: Refers to temperature anomalies in the stratosphere. A temperature anomaly means a departure from a reference value or long-term average. A positive anomaly indicates that the observed temperature was warmer than the reference value, while a negative anomaly indicates that the observed temperature was cooler than the reference value.",-0.07424242424242423,0.44848484848484843
"GLACIAL STRIATION: Scratches or gouges cut into bedrock by glacial abrasion. Glacial striations are usually multiple, straight, and parallel, representing the movement of the glacier using rock fragments and sand grains, embedded in the base of the glacier, as cutting tools. Large amounts of coarse gravel and boulders carried along underneath the glacier provide the abrasive power to cut trough-like glacial grooves, and finer sediments also in the base of the moving glacier further scour and polish the bedrock surface, forming a glacial pavement.",-0.19841269841269846,0.5253968253968253
MACROFOSSILS: Macrofossils are fossils large enough to be studied without the aid of a microscope. Macrofossils can indicate the range of plant or animal species in the past.,-0.01190476190476191,0.39285714285714285
"OCEAN/LAKE RECORDS: Paleoclimatic information can be inferred from biogenic material in ocean sediments, oxygen isotopic analyses of sea water (via deep sea cores), coral growth, inorganic material such as from weathering and erosion, lake levels and glacial varves, and ocean circulation changes as a result of glacial-interglacial cycles.",0.0,0.45
LAVA COMPOSITION/TEXTURE: The composition and texture of molten rock outside of the Earth's crust.,0.0,0.05
"FRESH WATER RIVER DISCHARGE: discharge is the volume rate of water flow, including any suspended solids (i.e. sediment), dissolved chemical species (i.e. CaCO3(aq)) and/or biologic material (i.e. diatoms), which is transported through a given cross-sectional area.",0.3,0.5
"GLACIAL STRIATION: Scratches or gouges cut into bedrock by glacial abrasion. Glacial striations are usually multiple, straight, and parallel, representing the movement of the glacier using rock fragments and sand grains, embedded in the base of the glacier, as cutting tools. Large amounts of coarse gravel and boulders carried along underneath the glacier provide the abrasive power to cut trough-like glacial grooves, and finer sediments also in the base of the moving glacier further scour and polish the bedrock surface, forming a glacial pavement.",-0.19841269841269846,0.5253968253968253
"ICE DEFORMATION: Ice that has been squeezed together, and in places, forced upwards",-0.30000000000000004,0.2
"and downwards. Some subdivisions of deformed ice are rafted ice, ridged",0.0,0.0
"ice, and hummocked ice.",0.0,0.0
SURFACE WINDS: The wind measured at a surface observing station.,0.0,0.0
"HOGS/PIGS: Phylum Chordata. Class Mammalia. Order Artiodactyla. Family Suidae are omnivores, even toed-ungulates with a large head and a long strengthened snout. Hog is a common name for domestic pig weighing more than 120lbs.",0.07285714285714286,0.38571428571428573
ICE SHEETS: A continuous sheet of land ice that covers a very large area and moves outward,0.2785714285714286,0.5571428571428572
in many directions.,0.5,0.5
"This type of ice mass is so thick as to mask the land surface contours, in",-0.30000000000000004,0.475
contrast to the smaller and thinner highland ice. The continental glacier of,0.0,0.5
Greenland is sometimes called the Inland Ice. This term is often used to,0.0,0.0
describe the great ice masses that characterized the ice ages.,0.8,0.75
ICE STORMS: (Also called silver storm.) A storm characterized by a fall of freezing liquid precipitation.,-0.75,1.0
"CHLOROPHYLL CONCENTRATION: The concentration of chlorophyll is a proxy for the number of photosynthetic plankton, or phytoplankton, present in the ocean. Phytoplankton populations are influenced by climatic factors such as sea surface temperatures and winds.",0.0,0.25
CONVECTION: The circulatory vertical motion in a fluid medium (ocean water) owing tothe variation of its density and the action of gravity.,0.05,0.1
24 HOUR PRECIPITATION AMOUNT: The amount of precipitation collected and measured at a weather observing site during a 24 hour period.,0.0,0.0
PACIFIC/NORTH AMERICAN (PNA) PATTERN: The PNA pattern is one of the most prominent modes of low-frequency,0.3333333333333333,0.5
"variability in the Northern Hemisphere extratropics, appearing in all",0.0,0.0
months except June and July. The PNA pattern reflects a quadripole,0.0,0.0
"pattern of height anomalies, with anomalies of similar sign located",0.0,0.4
south of the Aleutian Islands and over the southeastern United,0.0,0.0
States. Anomalies with sign opposite to the Aleutian center are,-0.05,0.05
"located in the vicinity of Hawaii, and over the intermountain region",0.0,0.0
of North America (central Canada) during the Winter and Fall (Spring).,0.0,0.25
"ESTUARIES: Estuaries form a transition zone between river environments and ocean environments and are subject to both marine influences, such as tides, waves, and the influx of saline water; and riverine influences, such as flows of fresh water and sediment. The inflow of both seawater and freshwater provide high levels of nutrients in both the water column and sediment, making estuaries among the most productive natural habitats in the world",0.1276190476190476,0.46761904761904755
FRINGING REEF: One of the three main types of coral reefs recognized by most coral reef scientists. It is distinguished from the other two main types (barrier reefs and atolls) in that has either an entirely shallow backreef zone (lagoon) or none at all.,0.07499999999999998,0.4083333333333333
"STRATOCUMULUS LENTICULARIS: (Or lenticular cloud.) A cloud species the elements of which have the form of more or less isolated, generally smooth lenses or almonds; the outlines are sharp and sometimes show irisation.These clouds appear most often in formations of orographic origin, the result of lee waves, in which cases they remain nearly stationary with respect to the terrain (standing cloud), but they also occur in regions without marked orography. This species is found mainly in the genera cirrocumulus, altocumulus, and (rarely) stratocumulus. Altocumulus lenticularis differs from cirrocumulus lenticularis in that, when smooth and without elements, it has shadowed parts while the latter is very white throughout. When undulated or subdivided, the altocumulus species differs from stratocumulus lenticularis in that its elements subtend an angle of less than 5° when viewed at an angle of more than 30° above the horizon.",0.10989583333333332,0.4197916666666666
SUBALPINE: Pertaining to high upland slopes and especially the zone just below the timberline.,0.08,0.77
"SOLAR RADIATION MANAGEMENT: Solar Radiation Management (SRM) refers to the intentional modification of the Earth’s shortwave radiative budget with the aim to reduce climate change according to a given metric (e.g., surface temperature, precipitation, regional impacts, etc).",0.0,0.0
"NUTRIENT PROFILES: Vertical profiles of nutrients in the ocean, such as nitrogen and phosphate.",0.0,0.5
ICE EXTENT: Pertaining to the geographical extent of ice on continental land masses.,0.0,0.0
"DROUGHT FREQUENCY: Drought frequency refers to the number of drought events that occur within a specified period of time. Drought frequency, duration, and severity are often used together as a means to describe and evaluate drought conditions in a given area (i.e., how often an area is affected by drought, how long is it affected, and how severely it is affected).",-0.05,0.4
CRUSTAL MOTION: Pertaining to the use of gravitational data in order to determine the relative motions of the Earth's crustal plates.,0.0,0.0
"ISOSTATIC ADJUSTMENTS: The rise of land masses that were depressed by the huge weight of ice sheets during the last glacial period, through a process known as isostasy.",0.20000000000000004,0.48333333333333334
LAKE EFFECT SNOW: Snowstorm occurring near or downwind from the shore of a lake resulting from the warming (destabilization) and moistening of relatively cold air during passage over a warm body of water.,0.033333333333333326,0.6666666666666666
RADIATIVE FLUX: The amount of radiation incident on a given surface per unit time.,0.0,0.0
"CARBON FOOTPRINT: Measure of the exclusive total amount of emissions of carbon dioxide(CO2) that is directly and indirectly caused by an activity or is accumulated over the life stages of a product. This term is often used in reference to greenhouse gas emissions attributable to persons,industries, or countries.",0.05,0.575
DRIZZLE: Precipitation consisting of numerous minute droplets of water less than 0.5 mm (500 micrometers) in diameter.,-0.08333333333333333,0.2833333333333333
FREEZING DRIZZLE: Drizzle that falls in liquid form but freezes upon impact to form a coating of glaze.,0.0,0.0
EXTRATROPICAL CYCLONE FREQUENCY: Number of extratropical cyclones per unit time.,0.0,0.0
DROUGHTS: A period of dry weather: a long period of extremely dry weather when there is not enough rain for the successful growing of crops or the replenishment of water supplies.,0.11333333333333333,0.61
ICE MOTION: Defined as the horizontal displacement of ice over an area.,0.0,0.0
TEMPERATURE INDICATORS: Refers to set of parameters that describe changing temperature over time.,0.0,0.0
OX-BOW LAKE: A u-shaped body of water formed when a wide meander from the main stem of a river is cut off to create a lake.,0.033333333333333326,0.3666666666666667
"POLYNYAS: Any non-linear shaped opening enclosed by ice. May contain brash ice and/orbe covered with new ice, nilas or young ice; sub-mariners refer to theseas skylights. Polynyas are important in the study of the energy budget ofthe polar ocean and local and regional climatology.",0.05883838383838385,0.5007575757575757
DROUGHTS: A period of abnormally dry weather sufficiently long enough to cause a serious hydrological imbalance.,-0.11249999999999999,0.5416666666666666
"FOLDS: A geological fold occurs when one or a stack of originally flat and planar surfaces, such as sedimentary strata, are bent or curved as a result of permanent deformation.",-0.0125,0.3125
ATMOSPHERIC/OCEAN INDICATORS: Information about the atmosphere's and ocean's state and health,0.0,0.0
"FIRE MANAGEMENT: Involves the management of wildland fires to restore and maintain the health of ecosystems. Fires are managed through a variety of methods that include prevention, suppression, managing wildfire for resource benefits, prescribed fires, and mechanical treatment of hazardous fuels.",0.6,0.9
"TREE RINGS: Tree Rings, also known as annual rings or growth rings, are a sheath ofcells appearing as one of a series of concentric rings in thecross-section of a woody stem.  Each ring is usually the result of asingle yearly growth flush starting in spring and ceasing in late summer.",-0.18333333333333335,0.31666666666666665
"ICE GROWTH/MELT: Melt of the ice can occur at various stages: puddle, thaw holes, dried ice, rotten ice, flodded ice, and frozen puddle. Developing sea ice (or growth) takes on the following stages: New Ice, Youg Ice, First-Year Ice, Old Ice. Lake Ice development goes through the following stages: New Lake Ice, Thin Lake Ice, Medium Lake Ice, Thick Lake Ice, and Very Thick Lake Ice.",-0.09172727272727274,0.4351590909090909
ESTUARINE WETLANDS: Areas of marsh grasses and reeds along coasts and estuaries where the groundis covered by high tides but drained at low tide.,0.08,0.41999999999999993
"CONTOUR MAPS: A map that contains contours, which are imaginary lines that connect points of equal value (e.g. elevation of the land surface).",0.0,0.25
"SIGMA NAUGHT: The conventional measure of the strength of radar signals reflected by a distributed scatterer, usually expressed in dB. It is a normalized dimensionless number, comparing the strength observed to that expected from an area of one square meter. Sigma naught is defined with respect to the nominally horizontal plane, and in general has a significant variation with incidence angle, wavelength, and polarization, as well as with properties of the scattering surface itself (see speckle, and statistics).",-0.013571428571428568,0.4764285714285714
HURRICANES (N. ATLANTIC/E. PACIFIC): null,0.0,0.0
"ELECTRICAL: The electrical nature of a material is characterized by its conductivity (or, inversely, its resistivity) and its dielectric constant, and coefficients that indicate the rates of change of these with temperature, frequency at which measurement is made, and so on. For rocks with a range of chemical composition as well as variable physical properties of porosity and fluid content, the values of electrical properties can vary widely.",-0.025,0.24404761904761904
EVEN-TOED UNGULATES: Phylum Chordata. Class Mammalia. Order Artiodactyla. Hoofed animals whose weight is evenly distributed by the third and fourth toes,0.0,0.0
"TURBIDITY: Measurement of the degree of scattering of light in water, related to the amount of suspended material in the water.",0.2,0.55
CHLOROPHYLL: The green pigment in plants responsible for absorbing the light energy required for photosynthesis.,0.15000000000000002,0.625
"Weather Forecast: An assessment of the future state of the atmosphere with respect to precipitation, clouds, winds, and temperature.Such assessments are usually made by government or private meteorologists, often using numerical simulations. Such simulations are the result of representing the atmosphere mathematically as a fluid in motion.See also numerical weather prediction.",-0.05,0.27
"AEROSOL FRACTION: The fraction of liquid phase, 1 - x, which, after flashing to the atmosphere, remains suspended as an aerosol.",0.0,0.0
"TOTAL RUNOFF: The total runoff is equal to the total precipitation less the losses caused by evapotranspiration, storage, and other such abtractions.",-0.041666666666666664,0.4916666666666667
U/V WIND COMPONENTS: Zonal (U) and Meridional (V) wind velocity.,0.0,0.0
"DROUGHT FREQUENCY: Drought frequency refers to the number of drought events that occur within a specified period of time. Drought frequency, duration, and severity are often used together as a means to describe and evaluate drought conditions in a given area (i.e., how often an area is affected by drought, how long is it affected, and how severely it is affected).",-0.05,0.4
"NUNATAKS: An exposed, often rocky element of a ridge, mountain, or peak not covered with ice or snow within (or at the edge of) an ice field or glacier. The term is typically used in areas where a permanent ice sheet is present. Nunataks present readily identifiable landmark reference points in glaciers or ice caps and are often named.",-0.016666666666666663,0.25
"FIRE WEATHER INDEX: A fire weather index relates wind, temperature, relative humidity, andprecipitation, to indicate conditions that influence fire starts, firebehavior, or fire suppression.",0.0,0.0
"ENTRAINMENT: The process by which surface sediment is incorporated into a fluid flow (such as air, water or even ice ) as part of the operation of erosion.",0.0,0.3
"SEDIMENTATION: The tendency for particles in suspension to settle out of the fluid in which they are entrained, and come to rest against a barrier.",0.0,0.1
"GLACIERS/ICE SHEETS: Glaciers are masses of land ice, formed by the further recrystallization of",0.0,0.5
"firn, flowing continuously from higher to lower elevations. Ice sheets are a",0.25,0.5
continuous sheet of land ice that covers a very large area and moves outward inmany directions. This type of ice mass is so thick as to mask the land surface,-0.010714285714285732,0.5160714285714285
"contours, in contrast to the smaller and thinner highland ice. The continental",0.0,0.5
glacier of Greenland is sometimes called the Inland Ice. This term is often,0.0,0.0
used to describe the great ice masses that characterized the ice ages.,0.8,0.75
COVERAGE GENERALIZATION SERVICES: Services that allow a user to interact with Processing services for coveragegeneralization.,0.0,0.0
ASH/DUST COMPOSITION: The matter and/or chemicals which constitutes ash/dust.,0.0,0.0
STRATIGRAPHIC SEQUENCE: A set of deposited sedimentary beds that reflects the depositionalenvironment of those beds and the geologic history of a region. A stratigraphic sequence is a chronologic succession of sedimentary rocks fromolder below to younger above without interruption.,0.0,0.05
HEAT ADVISORY: An advisory to alert the public to when daytime heat indices of 105 degrees For above for two or more consecutive days are expected.,0.1,0.2666666666666667
STRATIGRAPHIC SEQUENCE: A set of deposited sedimentary beds that reflects the depositionalenvironment of those beds and the geologic history of a region.,0.0,0.0
"TREE RINGS: Pertaining to the measurement and analysis of ancient tree rings to determine environmental conditions during that tree's lifetime and extrapolate that to climatic conditions. The study of tree rings related topast climate conditions is called dendroclimatology. Variations in tree ring widths from year to year are recognized as an important source of chronological and climatic information. The width of a tree ring is a function of many variables including tree species, age, availability of stored food within the tree, soil nutrients, and climatic factors such as precipitation, sunshine temperature, winds and humidity.",0.18,0.48
"TREE RINGS: Pertaining to the measurement and analysis of ancient tree rings todetermine environmental conditions during that tree's lifetime andextrapolate that to climatic conditions. The study of tree rings related topast climate conditions is called dendroclimatology. Variations in tree ringwidths from year to year are recognized as an important source of chronologicaland climatic information. The width of a tree ring is a function of manyvariables including tree species, age, availability of stored food within thetree, soil nutrients, and climatic factors such as precipitation, sunshinetemperature, winds and humidity.",0.13333333333333333,0.6333333333333333
VEGETATION COVER: Vegetation Cover is the percent of vegetation in an area.,0.0,0.0
"BARRIER ISLANDS: A coastal landform and a type of barrier system, are relatively narrow strips of sand that parallel the mainland coast. They usually occur in chains, consisting of anything from a few islands to more than a dozen.",-0.030000000000000006,0.25
"PHOTOLYSIS RATES: The destruction of a molecule by electromagnetic radiation, which provides",0.0,0.0
the energy required for a constituent atom to break the chemical bonds,0.0,0.0
between it and the other atoms comprising the molecule. [Environmental,-0.125,0.375
Science and Technology; v.28; p.1300; 1994.][Review of Scientific,0.0,0.0
Instruments; v.59; p.1307; 1988.],0.0,0.0
STRATIGRAPHIC SEQUENCE: A chronological succession of sedimentary rocks.,0.0,0.0
"SPECIES MIGRATION: Migration is the relatively long-distance movement of individuals, usually on a seasonal basis. It is a ubiquitous phenomenon, found in all major animal groups, including birds, mammals, fish, reptiles, amphibians, insects, and crustaceans. The trigger for the migration may be local climate, local availability of food, the season of the year or for mating reasons.",-0.0375,0.15
HURRICANES (N. ATLANTIC/E. PACIFIC): null,0.0,0.0
CHAIN DEFINITION SERVICES: Services to define a service chain and enable it to be executed by the workflow enactment service; may also provide a chain validation service. This is also known as Web Service Chaining.,0.0,0.0
"X-RAY: X-Ray (Or x-radiation, Rntgen ray) is electromagnetic radiation withwavelengths shorter than that of ultraviolet radiation and greater than that ofgamma radiation. <P>",0.5,0.5
"Discovered accidentally by Rntgen in 1895. The primary mechanism for theproduction of x- rays is deceleration of a rapidly moving charge uponinteraction with matter (bremsstrahlung). The x-ray spectrum from an x-ray tubeconsists of this continuous spectrum on which are superimposed narrow bands(characteristic radiation) that are a consequence of transitions betweenelectronic energy levels of atoms. No sharp boundary exists between x- andultraviolet radiation nor between x- and gamma radiation, although the latterterm is usually restricted to radiation resulting from transitions betweennuclear energy levels.",0.0031250000000000028,0.475
PHOTOCHEMISTRY: The study of the chemical and physical changes occurring when a molecule or atom absorbs light.,0.2,0.4214285714285714
"GROWTH STAGE: Growth Stage is defined as the phenological growth stage and is measured on the BBCH (Biologische Bundesanstalt, Bundessortenamt and Chemical industry) Scale.",0.0,0.0
PLANT PHENOLOGY: The science that treats the periodic biological phenomena with relation to,0.0,0.0
"climate, especially seasonal changes.",0.0,1.0
Phenological events are stages of plant growth. From a climatological,0.0,0.0
"viewpoint, these phenomena serve as bases for the interpretation of progress inlocal seasons and the climatic zones, and are considered to integrate the",0.0,0.0
effects of a number of bioclimatic factors on rate of plant development.,0.0,0.0
"Phenology may be considered a branch of the science of bioclimatics, the",0.0,0.0
sequence of plant or crop development stages through its life cycle. Growth,0.0,0.0
stages may be defined by stage of physiological development such as,0.0,0.5
"germination, first true leaf, flowering, maturity, etc., and/or by physical",0.19999999999999998,0.3753968253968254
"stage such as planting, emergence, harvest, etc.",0.0,0.5
HURRICANES (N. ATLANTIC/E. PACIFIC): null,0.0,0.0
STRATIGRAPHIC SEQUENCE: A set of deposited sedimentary beds that reflects the depositional environment of those beds and the geologic history of a region. A stratigraphic sequence is a chronologic succession of sedimentary rocks from older below to younger above without interruption.,0.05555555555555555,0.14444444444444446
CYCLONES (SW INDIAN): null,0.0,0.0
"MOBILE GEOGRAPHIC INFORMATION SYSTEMS: Mobile Geographic Information Systems are defined as GIS applications that have moved from the office into the field. A mobile GIS enables field-based personnel to capture, store, update, manipulate, analyze, and display geographic information. Mobile GIS integrates one or more of the following technologies: (1) Mobile devices, (2) Global positioning system, and (3) Wireless communications for Internet GIS access.",-0.0625,0.4
WIND SPEED TENDENCY: The character and amount of atmospheric wind speed change for a three-hour or other specified period ending at the time of observation.,-0.0625,0.1875
"FROZEN GROUND: Soil within which the moisture has predominantly changed to ice, the unfrozen portion being in vapor phase. Ice within the soil bonds adjacent soil particles and renders frozen ground very hard. Permanently frozen ground is called permafrost. Dry frozen ground is relatively loose and crumbly because of the lack of bondingice. Frozen ground is sometimes in-advisedly called frost or ground frost.",-0.17425213675213677,0.524465811965812
"COASTAL PROCESSES: Coastal processes refers to the action of natural forces (e.g. erosion, deposition, tectonic uplift) on the shoreline, and the nearshore seabed.  Some examples of landforms resulting from these processes are wave-cut cliffs, beaches, and wave-cut benches.",0.1,0.25
"STORM RELATIVE WINDS: (Winds) measured relative to a moving thunderstorm, usually referring to winds, wind shear, or helicity.",-0.25,0.3125
MACROFOSSILS: Macrofossils are fossils large enough to be studied without the aid of a microscope. Macrofossils can indicate the range of plant or animal species in the past.,-0.01190476190476191,0.39285714285714285
VOLCANIC ACTIVITY: Describes characteristics of volcanoes: a mountain formed by the accumulation of magma extruded through openings or volcanic vents.,0.0,0.0
"POLYNYAS: Any non-linear shaped opening enclosed by ice. May contain brash ice and/orbe covered with new ice, nilas or young ice; sub-mariners refer to theseas skylights. Polynyas are important in the study of the energy budget ofthe polar ocean and local and regional climatology.",0.05883838383838385,0.5007575757575757
"ENTRAINMENT: The process by which surface sediment is incorporated into a fluid flow (such as air, water or even ice ) as part of the operation of erosion.",0.0,0.3
"DROUGHT SEVERITY: Drought severity is a relative term that broadly refers to how intense a drought is considered to be. Drought severity can be measured through any number of physical indicators, such as rainfall or stream flow, but it can also be assessed through impacts to other interdependent systems given that drought affects water supply,agriculture, wildfire, and more. Drought frequency, duration, and severity are often used together as a means to describe and evaluate drought conditions in a given area (i.e., how often an area is affected by drought, how long is it affected, and how severely it is affected).",0.07343749999999999,0.40379464285714284
GAS/AEROSOL COMPOSITION: The matter and/or chemicals which constitutes gas/aerosol.,0.0,0.0
ICE MOTION: Defined as the horizontal displacement of ice over an area.,0.0,0.0
MAGMA COMPOSITION/TEXTURE: The composition and texture of molten rock in the earth's crust.,0.0,0.0
"GEOGRAPHIC DATA EXTRACTION SERVICES: Services that allow a user to extract and edit feature data, interacting withimages and feature data.",0.0,0.0
"ICE SHEET MEASUREMENTS: Scientists have adopted three general approaches to ice sheet mass balance measurement: comparing outflow and melt to snowfall accumulation (the mass budget method), observing changes in glacier elevation (volume change or geodetic method), and detecting changes in the Earth’s gravity field over the ice sheet (gravimetric method).",0.05000000000000002,0.5
SEVERE TROPICAL CYCLONES (SW PACIFIC/SE INDIAN): null,0.0,0.0
"DROUGHT SEVERITY: Drought severity is a relative term that broadly refers to how intense a drought is considered to be. Drought severity can be measured through any number of physical indicators, such as rainfall or streamflow, but it can also be assessed through impacts to other interdependent systems given that drought affects water supply,agriculture, wildfire, and more. Drought frequency, duration, and severity are often used together as a means to describe and evaluate drought conditions in a given area (i.e., how often an area is affected bydrought, how long is it affected, and how severely it is affected).",0.07343749999999999,0.40379464285714284
"WEB SERVICES: A standardized way of integrating Web-based applications using the XML, SOAP, WSDL and UDDI open standards over an Internet protocol backbone. XML is used to tag the data, SOAP is used to transfer the data, WSDL is used for describing the services available and UDDI is used for listing what services are available. Used primarily as a means for businesses to communicate with each other and with clients, Web services allow organizations to communicate data without intimate knowledge of each other's IT systems behind the firewall.",0.09375000000000001,0.48124999999999996
STRATIGRAPHIC SEQUENCE: A chronological succession of sedimentary rocks from older to younger above; essentially without interruption.,0.03333333333333333,0.14666666666666667
SATELLITE SOIL MOISTURE INDEX: The Satellite Soil Moisture Index combines AVHRR-measured NDVI with,0.0,0.0
"surface temperature to compute an estimate of plant moisture stress,",0.0,0.0
then scales it to produce an index image.,0.0,0.0
WEB PORTAL SERVICES: Services that allow a user to interact with multiple application services fordifferent data types and purposes.,0.0,0.0
FOREST FIRE DANGER INDEX: A forest fire danger index (FDI) or burning index (BI) is a relative number,0.0,0.0
related to the contribution that fire behavior makes to the amount of effort,0.0,0.4
needed to contain a fire of a specified fuel type. The index may be calculated,0.0,0.0
differently by different agencies around the world.,0.0,0.6
GAZETTEER APPLICATION SERVICES: Services that allow a user to interact with a Gazetteer service.,0.0,0.0
"ALPINE/TUNDRA: Habitat found in the zone on mountain tops between permanent snow and the cold limits of trees, or in arctic regions, characterized by very low winter temperatures, short cool summers, permafrost below a surface layer subject to summer melt, short growing season, and low precipitation.",-0.05952380952380952,0.46761904761904766
METEORITE PHYSICAL/OPTICAL PROPERTIES: The study and analysis of the various physical and optical properties of meteorites.,0.0,0.3214285714285714
"LANDSLIDES: A general term for a wide variety of processes and landforms involving the downslope movement, under gravity, of masses of soil and rock material.",-0.024999999999999994,0.45
"ACTIVE LAYER: Active layer, also called frost zone or mollisol, is part of the soil includedwith the suprapermafrost layer (i.e., existing above permafrost) that usuallyfreezes in winter and thaws in summer. Its bottom surface is the frost table, beneath which may lie permafrost ortalik. The depth of the active layer varies anywhere from a few inches toseveral feet.",-0.12000000000000002,0.4
SEVERE CYCLONIC STORMS (N. INDIAN): null,0.0,0.0
ANCILLARY MODELS: null,0.0,0.0
"APRON REEF: A short reef resembling a fringing reef, but more sloped; extending out and downward from a point or peninsular shore.",0.25,0.4
"SOIL MOISTURE: Soil moisture is difficult to define because it means different things in different disciplines. For example, a farmer's concept of soil moisture is different from that of a water resource manager or a weather forecaster. Generally, however, soil moisture is the water that is held in the spaces between soil particles. Surface soil moisture is the water that is in the upper 10 cm of soil, whereas root zone soil moisture is the water that is available to plants, which is generally considered to be in the upper 200 cm of soil.",9.25185853854297e-18,0.4666666666666667
"DROUGHT DURATION: Drought duration refers to the length of time over which drought conditions persist. Drought frequency, duration, and severity are often used together as a means to describe and evaluate drought conditions in a given area (i.e., how often an area is affected by drought, how long is it affected, and how severely it is affected).",-0.05,0.4
"PYROCLASTIC PARTICAL SIZE DISTRIBUTION: Refers to the distribution and size of the pyroclastic elements when they are erupted from a volcano. In moving pyroclastic systems, particles are sorted as a function of their sizes, densities and shapes. The analysis of the distribution of these characteristics in particle populations of pyroclastic deposits is a major tool in evaluating properties and regimes of parent transport systems.",0.0625,0.5
"GEOENGINEERING: Geoengineering refers to a broad set of methods and technologies that aim to deliberately alter the climate system in order to alleviate the impacts of climate change. Most, but not all, methods seek to either (a) reduce the amount of absorbed solar energy in the climate system (Solar Radiation Management) or (b) increase net carbon sinks from the atmosphere at a scale sufficiently large to alter climate (Carbon Dioxide Removal). Scale and intent are of central importance. Two key characteristics of geoengineering methods of particular concern are that they use or affect the climate system (e.g., atmosphere, land, or ocean) globally or regionally and/or could have substantive unintended effects that cross national boundaries. Geoengineering is different from weather modification and ecological engineering, but the boundary can be fuzzy.",0.11872710622710624,0.3788003663003663
"VOLCANIC GASES: Pertaining to the composition, extent, velocity, and damage caused by gasesemitted during a volcanic eruption.",0.0,0.0
ESTUARINE WETLANDS: Areas of marsh grasses and reeds along coasts and estuaries where the ground is covered by high tides but drained at low tide.,0.08,0.41999999999999993
"ENTRAINMENT: The process by which surface sediment is incorporated into a fluid flow (such as air, water or even ice ) as part of the operation of erosion.",0.0,0.3
ASH/DUST DISPERSION: The spread of ash/dust.,0.0,0.0
WETLANDS: Wetlands is a term for a broad group of wet habitats.  They are transitional lands between terrestrial and aquatic ecosystems where the lands may be permanently or intermittently water covered.,-0.012500000000000002,0.2708333333333333
BIOTURBATION: The physical mixing of sediments caused by the burrowing and feedingactivities of benthic organisms.,0.0,0.14285714285714285
QUASI-BIENNIAL OSCILLATION (QBO) ZONAL WIND INDEX: The quasi-biennial oscillation (QBO) is a quasi-periodic oscillation of the equatorial zonal wind between easterlies and westerlies in the tropical stratosphere with a mean period of 28 to 29 months.,-0.3125,0.6875
"VOLCANO MAGNITUDE/INTENSITY: The magnitude and intensity of a volcano, also expressed as a numerical expression of the amount of energy released by an volcano, determined by measuring volcanic intensity on standardized recording instruments.",0.0,0.0
BRACKISH MARSH: Pertaining to salt marshes where a significant freshwater influx dilutes the seawater to brackish levels of salinity.,0.375,0.875
"SUBMESOSCALE EDDIES: Submesoscale eddies can efficiently transport heat and salt in the upper ocean (Wang et al., 2018) and play an important role in the balance of energy generation and dissipation of larger scale oceanic processes (Munk et al., 2000; Zatsepin et al., 2019). However, compared to mesoscale eddies, they remain poorly studied due to technical difficulties in observing these small-scale and ephemeral ocean features. Satellite altimeters typically cannot characterize eddies smaller than 100–200 km in diameter. In subtropical and tropical oceans sea surface temperature imagery lose their spatial contrast during summer, and satellite ocean color imagery also suffer to lack of sufficient observations due to clouds, strong sun glint, and stray light (Chen et al., 2019; Hu, 2011). As a result, to date, there is generally a lack of synoptic and long-term characterization of submesoscale eddies in the world's oceans, except perhaps in some small regions when continuous land-based high frequency-radar observations are available.",0.051777777777777784,0.4815555555555556
"EDDIES: Unit(s) of motion in a fluid medium (ocean) running contrary,usually circularly, to the main current.",0.05555555555555555,0.2777777777777778
"GRASSLANDS: Areas in which vegetation is dominated by perennial grasses and grass-like plants, such as sedges and rushes.",0.0,0.5
"SUBMARINE CANYONS: Submarine canyon are relatively narrow, V-shaped, deep depression with steepslopes, the bottom of which grades continuously downward across the continentalslope.",-0.1,0.4
"ANIMALS/VERTEBRATES: Vertebrates are chordates with a backbone, either of cartilage or bone, and abrain located inside a protective chamber of skull bones.",0.0,0.0
"SEA ICE ELEVATION: Pertains to the measurement of the surface height of the sea ice. Inparticular, sea ice elevation is measured by the radar altimeter on board theNASA IceSat satellite.",0.0,0.0
CLOUD BASE PRESSURE: Atmospheric pressure observed at the base of a cloud.,-0.5333333333333333,0.6666666666666666
"POLLEN: Pollen are several-celled microgametophyte of seed plants enclosed in amicrospore wall. Fossil pollen consists entirely of the microspore wall. Thestudy of pollen is called palynology or pollen analysis and is an importantaspect in reconstructing past climates. Paleoclimatic reconstructions by pollenanalysis is possible because (1) pollen grains possess morphologicalcharacteristics that are specif to a particular genus or species of plant; (2)they are produced in vast quantities by wind-pollinated plants and aredistributed widely from their source; (3) they are extremely resistant todecay; and (4) they reflect the natural vegetation at the time of pollendeposition, which can yield information about ast climatic conditions.",-0.026041666666666668,0.6260416666666667
"POLLEN: Pollen are several-celled microgametophyte of seed plants enclosed in a microspore wall. Fossil pollen consists entirely of the microspore wall. The study of pollen is called palynology or pollen analysis and is an importantaspect in reconstructing past climates. Paleoclimatic reconstructions by pollen analysis is possible because (1) pollen grains possess morphological characteristics that are specif to a particular genus or species of plant; (2)they are produced in vast quantities by wind-pollinated plants and are distributed widely from their source; (3) they are extremely resistant to decay; and (4) they reflect the natural vegetation at the time of pollendeposition, which can yield information about ast climatic conditions.",-0.026041666666666668,0.6260416666666667
"WATER QUALITY/WATER CHEMISTRY: Water quality refers to the physical, chemical, and biological characteristics of water with respect to its suitability for a particular use. Water chemistry refers to the chemical characteristics of water.",0.08333333333333333,0.23809523809523808
"VIEWING GEOMETRY: The properties of the sensor which affect the image geometry, including the sensor scan angle, instantaneous field of view (IFOV), and internal distortions. The sensor scan angle is the angle between the sensor view vector and the downward pointing (to nadir) axis. Data with very large scan angles generally are greatly distorted, and navigation of extremely off-nadir pixels may have large errors. The area detectable on the ground is determined by the IFOV of the sensor, or the angle contained by the minimum area distinguished by the sensor.",0.20297619047619045,0.5392857142857143
NITROGEN COMPOUNDS: Refers to the nitrogen particles that come from industrial manufacturing which cause contamination to water resources.,0.0,0.0
NITROGEN COMPOUNDS: Nitrogen compounds refer to the nitrogen particles that come from industrial manufacturing which cause contamination to water resources.,0.0,0.0
"COORDINATE REFERENCE SYSTEM: Coordinate systems enable geographic datasets to use common locations for integration. A coordinate system is a reference system used to represent the locations of geographic features, imagery, and observations, such as Global Positioning System (GPS) locations, within a common geographic framework.",-0.15,0.375
"LAND RECORDS: Non-marine geological information pertinent to paleoclimatology consists of allcontinental sedimentary records including loess,volcanic deposits, glaciation,spelothems, tree ring, pollen, and other land-based records.",-0.125,0.375
"ALBEDO: The ratio of the radiation reflected from an object to the total amount incident upon it, for a particular portion of the spectrum.",0.08333333333333333,0.5416666666666666
"SEA ICE MOTION: Refers to the movement and direction of ice fields or floes. Icemotion processes include: diverging, compacting, and shearing.",0.0,0.0
"SOIL CLASSIFICATION: The taxonomy of a soil, the great order, suborder, and great group of the soil based upon the characteristics and properties.",0.8,0.75
"TUNAS AND ALLIES: Members of the Family Scombridae, including tunas, albacores, bonitos, and mackerels",0.0,0.0
EARTHQUAKE PREDICTIONS: Pertaining to the data used to forecast the likelihood of an earthquake in any given area.,0.0,0.0
"SEA ICE TOPOGRAPHY: General elevation pattern of the sea ice surface. Changes in ice topography can be caused by water currents and wind, which can either pull ice apart or push it together to cause overriding. Some specific ice formations include rafting, ridged, and hummocked ice.",0.02500000000000001,0.3125
PRECIPITATION: All liquid or solid phase aqueous particles that originate in the atmosphere and fall to the earth's surface.,0.0,0.1
"NOBLE GAS: Noble gases makes up a class of chemical elements with similar properties; under standard conditions, they are all odorless, colorless, monatomic gases with very low chemical reactivity. The six naturally occurring noble gases are helium (He), neon (Ne), argon (Ar), krypton (Kr), xenon (Xe), and the radioactive radon (Rn). Oganesson (Og) is variously predicted to be a noble gas as well or to break the trend due to relativistic effects; its chemistry has not yet been investigated.",0.2375,0.5665000000000001
"SEDIMENT COMPOSITION: The composition of a sediment, which can be measured in terms of parent rock lithology, mineral composition, and chemical make-up.",0.0,0.0
OCEAN SURFACE SALINITY: Salinity of sea water in the surface layer.,0.0,0.0
SUBSCRIPTION SERVICES: Services that provide links to subscriptions toscientific/environmental Internet newsletters and notifications.,0.0,0.0
"SEDIMENT COMPOSITION: Refers to the parent rock lithology, mineral composition, and chemical make-up of sediment.",0.0,0.0
"MUSHROOMS: Mushrooms are a type of fungi (which are major decomposers that engagein extracellular digestion and absorption of organic matter). Mushroomsare of the order Basidiomycota, the club fungi, which have a fruiting bodyin the aboveground portion of the plant.",0.0625,0.5
"WATER MANAGEMENT: Water management is a very broad term which can include human direct or indirect impacts on the water cycle.  Water management can involve (1) changing the Earth's surface such as when dams are created to control flooding (perhaps due to more deforested and overgrazed slopes), (2) pollution control, when decisions are made to minimize the chemicals, such as fertilizers, pesticides, or road salt, that are used on the soil surface in order to minimize the amount of pollutants that will leach into the soil, and (3) amount and quality of water available for human use as when water is used for irrigation, industry or for direct human consumption.",0.09602272727272729,0.34375
SALT TRANSPORT: The mass transport of salt in the ocean.,0.0,0.0
"LOCAL WINDS: Winds that, over a small area, differ from those that would be appropriate to the general large-scale pressure distribution, or that possess some other peculiarity.",0.03500000000000001,0.355
"HYDROGEN CHLORIDE: A toxic, colorless, strongly acidic gas (HCl) that dissolves readily in water",0.31666666666666665,0.6166666666666667
to form hydrochloric acid.,0.0,0.0
"In the troposphere, hydrochloric acid can be produced from the reaction of",0.0,0.0
nitric acid or sulfuric acid with sea-salt particles (NaCl). It is also,0.0,0.0
involved in the formation of ammonium chloride aerosol. HCl is also the most,0.5,0.5
abundant form of chlorine in an inorganic compound found in the stratosphere.,0.6,0.95
Produced there predominantly from the reaction of Cl atoms with methane and,0.0,0.0
"molecular hydrogen, it acts as a temporary, relatively unreactive reservoir",0.0,0.0
species for chlorine.,0.0,0.0
"CARBON DIOXIDE REMOVAL: Carbon Dioxide Removal (CDR) methods refer to a set of techniques that aim to remove CO2 directly from the atmosphere by either (1) increasing natural sinks for carbon or (2) using chemical engineering to remove the CO2, with the intent of reducing the atmospheric CO2concentration. CDR methods involve the ocean, land, and technical systems, including such methods as iron fertilization, large-scale afforestation, and direct capture of CO2 from the atmosphere using engineered chemical means.",0.028571428571428574,0.2571428571428571
"CHEMICAL DECOMPOSITION: The separation of a chemical compound into elements or simpler compounds. It is sometimes defined as the exact opposite of a chemical synthesis. Chemical decomposition is often an undesired chemical reaction. The stability that a chemical compound ordinarily has is eventually limited when exposed to extreme environmental conditions like heat, radiation, humidity or the acidity of a solvent. The details of decomposition processes are generally not well defined, as a molecule may break up into a host of smaller fragments. Chemical decomposition is exploited in several analytical techniques, notably mass spectrometry, traditional gravimetric analysis, and thermogravimetric analysis.",0.027857142857142858,0.41428571428571426
"SEDIMENT CHEMISTRY: The chemical makeup of silt, sand, rocks, fossils, and other matter carried and deposited by water, wind, or ice.",-0.125,0.375
SNOW MELT: Pertaining to the rate and extent of melting snow pack(s).,0.0,0.0
"TERMINAL MORAINE: End moraines, or terminal moraines, are ridges of unconsolidated debris deposited at the snout or end of the glacier. They usually reflect the shape of the glacier's terminus.  Glaciers act much like a conveyor belt, carrying debris from the top of the glacier to the bottom where it deposits it in end moraines.",0.15,0.31666666666666665
WAVE SHOALING: The effect by which surface waves entering shallower water increase in wave height (which is about twice the amplitude).,0.0,0.0
"SEDIMENT COMPOSITION: The constituent materials of a sediment sample; including trace metals,organic material or contaminants.",0.0,0.0
"FAULTS: A planar fracture or discontinuity in a volume of rock, across which there has been significant displacement along the fractures as a result of earth movement.",0.375,0.875
LIQUID WATER EQUIVALENT THICKNESS (LWET): A unit of measurement of how thick a uniform layer of water at the surface of the Earth would need to be to account for an equivalent mass at the surface of the Earth.,-0.30000000000000004,0.475
"CAVE DEPOSITS: Cave deposits, or speleothems, are mineral formations in caves. While the waterflows, the speleothems grow in thin, shiny layers. The amount of growth is anindicator of how much ground water dripped into the cave. Little growth mightindicate a drought, just as rapid growth could point to heavy precipitation.When the speleothems stop growing, the outside becomes dirty and eroded inplaces, giving it a dull appearance. Spelothems can be dated by measuring howmuch uranium has decayed. Evidence of past climate changes can be inferred frommeasuring oxygen isotopes in speleothems.",-0.21614583333333334,0.45624999999999993
RUNOFF: Refers to water that flows from the land surface into the ocean.,0.0,0.0
COLORED DISSOLVED ORGANIC MATTER: Optically measurable component of the dissolved organic matter in the water.,0.0,0.0
STRATOCUMULUS DIURNALIS: null,0.0,0.0
RIPPLES: Sedimentary structures (i.e. bedforms of the lower flow regime) and indicate agitation by water (current or waves) or wind.,0.0,0.4
pH: A measure of the alkaline or acid strength of a substance. pH is defined as the logarithm of the reciprocal of the hydrogen ion concentration of a solution.,0.0,0.0
"V SHAPED VALLEY: A valley having a cross-sectional profile in the form of the letter V, commonly produced by stream erosion.",-0.3,0.5
"GLACIER ELEVATION/ICE SHEET ELEVATION: Pertaining to the measured height of large thick, glaciers, with an area ofat least 50,000 sq. km, covering a continuous stretch of land and growingin all directions.",-0.1285714285714286,0.4345238095238095
FERTILIZERS: Any natural or manufactured material added to the soil in order to supplyone or more plant nutrients.  The term is generally applied to inorganicmaterials other than lime or gypsum sold in the trade.,0.13125,0.44375
"SOLID PRECIPITATION: Solid (frozen) precipitation, for example, snow, hail, ice pellets, snow pellets (soft hail, graupel), snow grains, and ice crystals;",0.03333333333333333,0.18333333333333335
"OPTICAL DEPTH/THICKNESS: In radiative transfer, optical thickness or optical depth is the mass ofa given absorbing or emitting material in a vertical column ofunit cross-sectional area and extending between two specifiedlevels.",0.2,0.95
"PHOSPHOROUS: A chemical element with symbol P and atomic number 15. As an element, phosphorus exists in two major forms, white phosphorus and red phosphorus, but because it is highly reactive, phosphorus is never found as a free element on Earth. With a concentration of 0.099%, phosphorus is the most abundant pnictogen in the Earth's crust. Other than a few exceptions, minerals containing phosphorus are in the maximally oxidized state as inorganic phosphate rocks.",0.1552777777777778,0.41833333333333333
"EXCRETION RATES: Excretion is any of several processes by which excess water, excess orharmful solutes, or waste materials leave the body by way of a urinarysystem or certain glands.",0.0047619047619047545,0.19047619047619047
DROPLET SIZE: The measured dimensions of a rain droplet.,0.0,0.0
SUSPENSION: A heterogeneous fluid containing solid particles that are sufficiently large for sedimentation.,0.07142857142857142,0.20952380952380953
ASK-A ECOLOGIST: Digital reference services that use the Internet to connect people with peoplewho can answer questions about the ecological sciences.,0.2,0.3
"ALTITUDE: A measure of height, especially of great height, as a mountain top oraircraft flight level. In meteorology, altitude is used almost exclusivelywith respect to the height of an airborne object above the earth'ssurface, above a constant pressure surface, or above mean sea level.",0.16964285714285715,0.40297619047619054
TURBULENCE: A state of fluid (wind) flow in which the instantaneous (wind)velocities exhibit irregular and apparently random fluctuations so that inpractice only statistical properties can be recognized and subjected toanalysis.  </U></B>,-0.16666666666666666,0.5333333333333333
PERSONNEL DIRECTORIES: Online directories of scientific researchers.,0.0,0.0
WIND INDICES: Indices developed to quantify atmospheric wind over a given area and timescale.,0.05,0.15
"OCEAN SALINITY BUDGET: Refers to the balance and process of salt in the Earth's oceans and the salt gains and losses due to evaporation, diffusion, precipitation, and other factors.",-0.125,0.375
HARDNESS: In mineralogy the property of matter commonly described as the resistance of a substance to being scratched by another substance.,-0.3,0.5
"HALOCARBONS: Halocarbons containing chlorine and bromine are among the mostpotent greenhouse gases in the atmosphere. They do not occur naturally butare produced industrially in large quantities. The best known members ofthis group of chemicals are the chlorofluorocarbons (CFCs) [seedefinition], which are widely used as solvents, refrigerants, spray-canpropellants and foaming agents. Also significant are the halons,bromine-based compounds used as fire-extinguishing agents.",0.31785714285714284,0.4807142857142857
"ESKERS: A long winding ridge of stratified sand and gravel, examples of which occur in glaciated and formerly glaciated regions of Europe and North America.",-0.025,0.2
"CYANOBACTERIA (BLUE-GREEN ALGAE): Blue-Green Algae, now called cyanobacteria, are good examplesof photoautotrophic eubacteria.  They are also among the mostcommon photoautotrophs on Earth.  Most live in ponds and other freshwaterhabitats.  They may grow as mucus-sheathed chains of cells, which can formdense, slimy mats near the surface of nutrient-enriched water.",0.2622727272727273,0.475
"BACTERIA/ARCHAEA: Bacteria are a group of microscopic, one-celled protists.",0.0,0.0
"HYDROMETEORS: Particles in the atmosphere composed of water, e.g. ice, raindrops, snow, etc.",0.0,0.0
IGNEOUS ROCK VERTICAL/GEOGRAPHIC DISTRIBUTION: The vertical and geogrpahic distribution of igneous rock within the solid earth.,0.0,0.1
EVERGREEN VEGETATION: Vegetation that has persistent leaves and whose crown is never totally bare.,-0.025,0.1
SNOW/ICE TEMPERATURE: Pertaining to the measured internal temperature of snow/ice pack(s).,0.0,0.0
"DOME DUNE: Oval or circular mounds that generally lack a slipface, dome dunes are rare, and these occur at the far upwind margins of sand seas.",0.15,0.7999999999999999
"TROPOSPHERIC/HIGH-LEVEL CLOUDS (OBSERVED/ANALYZED): High-level clouds that form in the troposphere, the lowest layer of Earth's atmosphere, and are made up of ice crystals or supercooled water droplets.",0.0,0.0
SEA ICE ELEVATION: Pertains to the measurement of the surface height of the sea ice. In,0.0,0.0
"particular, sea ice elevation is measured by the radar altimeter on board the",0.16666666666666666,0.3333333333333333
NASA IceSat satellite.,0.0,0.0
BAROMETRIC ALTITUDE: Also called Pressure Altitude. Barometric Altitude is the altitude,0.0,0.0
which corresponds to a given value of atmospheric pressure according to,0.0,0.0
the ICAO standard atmosphere. It is the indicated altitude of a pressure,0.0,0.0
altimeter at an altimeter setting of 29.92 inches of mercury (1013.2,0.0,0.0
mb); therefore it is the indicated altitude above the 1013.2 mb,0.0,0.1
constant-pressure surface. RT,0.0,0.0
PLANETARY BOUNDARY LAYER HEIGHT: The height of the atmospheric layer from the Earth's surface up to analtitude of about 1 kilometer in which wind speed and direction areaffected by frictional interaction with objects on the Earth'ssurface.,0.0,0.0
SENSOR CHARACTERISTICS: Properties of the sensor which affect the imagery it acquires.,0.0,0.0
STRATOCUMULUS CUMILIFORMIS: A cloud type that has a cumuliform 'lump' at its base.,-0.8,1.0
"TITANIUM: A chemical element and a lustrous transition metal with a silver color, low density, and high strength. Titanium is resistant to corrosion in sea water, aqua regia, and chlorine.",0.08,0.41999999999999993
DRY ADIABATIC LAPSE RATE: The rate at which the temperature of a parcel of dry air decreases as the parcel is lifted in the atmosphere. The dry adiabatic lapse rate (abbreviated DALR) is 5.5Â°F per 1000 ft or 9.8Â°C per km.,-0.06666666666666665,0.6
"ALBEDO: Albedo is the ratio of the radiation (radiant energy or luminousenergy) reflected by a surface to that incident on it. Snow and cloudsurfaces have a high albedo, because most of the energy of the visiblesolar spectrum is reflected. Vegetation and ocean surfaces have lowalbedo, because they absorb a large fraction of the energy. Clouds are thechief cause of variations in the Earth's albedo.",0.2914285714285714,0.4895238095238095
"DUST DEVILS: A well-developed dust whirl; a small but vigorous whirlwind, usually of short duration, rendered visible by dust, sand, and debris picked up from the ground.",-0.125,0.35
"GEODETICS: The scientific discipline that deals with the measurement and representation of the earth, its gravitational field and geodynamic phenomena (polar motion, earth tides, and tectonic motion) in three-dimensional, time-varying space.",-0.08333333333333333,0.25
"BIBLIOGRAPHIC: Services that provide a list of publications and resources by author,subject, or publisher.",0.0,0.0
"ALBEDO: Albedo is the ratio of the radiation (radiant energy or luminousenergy) reflected by a surface to that incident on it. Snow and cloudsurfaces have a high albedo, because most of the energy of the visiblesolar spectrum is reflected. Vegetation and ocean surfaces have lowalbedo, because they absorb a large fraction of the energy. Clouds are thechief cause of variations in the Earth's albedo.",0.2914285714285714,0.4895238095238095
OCEAN SALINITY: Refers to the salt content of the Ocean expressed as a ratio of salt (in grams) to liter of water.,0.0,0.0
MICROPARTICLE CONCENTRATION: null,0.0,0.0
"MARINE MAMMALS: Marine mammals represent three different orders of mammals: the Carnivora, Cetacea, and Sirenia. Species in these orders occupy typically marine habitats and evolved similar anatomical features, including large body size, streamlined shape (compared to terrestrial relatives), insulation in the form of blubber and dense fur, and in most cases, a modified appendicular skeleton resulting in reduction in the size of appendages.  Marine mammals also possess some similar physiological adaptations (e.g., for diving, thermoregulation, osmoregulation, communication, and orientation) to permit them to exploit the aquatic environment.",0.0782312925170068,0.4183673469387755
"ESKERS: A long winding ridge of stratified sand and gravel, examples of which occur in glaciated and formerly glaciated regions of Europe and North America.",-0.025,0.2
OCEAN WINDS: Study of the mass movement of air over the surface of the oceans.,0.0,0.0
"ALBEDO: Albedo is the ratio of the radiation (radiant energy or luminousenergy) reflected by a surface to that incident on it. Snow and cloudsurfaces have a high albedo, because most of the energy of the visiblesolar spectrum is reflected. Vegetation and ocean surfaces have lowalbedo, because they absorb a large fraction of the energy. Clouds are thechief cause of variations in the Earth's albedo.",0.2914285714285714,0.4895238095238095
STATION HEIGHT: Also called Station Elevation. Station Height is the vertical distanceabove mean sea level that is adopted as the reference datum level for allcurrent measurements of atmospheric pressure at the station.,-0.15625,0.34375
"TERMINAL MORAINE: End moraines, or terminal moraines, are ridges of unconsolidated debris deposited at the snout or end of the glacier. They usually reflect the shape of the glacier's terminus.  Glaciers act much like a conveyor belt, carrying debris from the top of the glacier to the bottom where it deposits it in end moraines.",0.15,0.31666666666666665
SOIL CLASSIFICATION: The systematic arrangement of soils into groups or categories on the basisof their characteristics.,0.0,0.0
ESTUARY: The place where animals or plants live in a semi-enclosed coastal embayment where fresh and saltwater mix (such as a river mouth estuary).,0.14545454545454545,0.5
CLOUD DYNAMICS: Dynamics and physics that underlie clouds.,0.0,0.0
"HAIL: A type of frozen precipitation in the form of balls or irregular lumps ofice, usually consisting of concentric layers of ice. Hail is alwaysproduced by convective clouds, nearly always cumulonimbus.",-0.075,0.325
"LAND BREEZES: A coastal breeze blowing from land to sea, caused by the temperature difference when the sea surface is warmer than the adjacent land.",0.0,0.0
CONVECTIVE SURFACE PRECIPITATION RATE: null,0.0,0.0
"PERCH-LIKE FISHES: Perciforms, or perch-like fish, form the largest order of fish, the largest order of vertebrates and comprise at least a third of all fish species. They are distinguished by  pectoral fins on the sides; spines on the dorsal and anal fins; pelvic fins on the abdomen with one spine and up to five soft rays; dorsal and anal fins that are detached from the caudal (tail) fin, and jaw that can be thrust outward to suck food into the mouth.",-0.06666666666666667,0.25
"TROPOSPHERIC/LOW LEVEL CLOUDS (OBSERVED/ANALYZED): Low-level clouds that form in the troposphere, the lowest layer of Earth's atmosphere, below 6,500 feet and normally consist of liquid water droplets or even supercooled droplets, except during cold winter storms when ice crystals (and snow) comprise much of the clouds.",-0.08333333333333331,0.6166666666666666
"REPTILES: Reptiles are cold-blooded tetrapod craniates which breathe using lungs, havea dry, scaly skin and lay large, shelled eggs.  They live in all typesof terrestrial habitats, the majority in tropical regions; manysecondarily freshwater and marine species.",0.070995670995671,0.40714285714285714
"FAULTS: A planar fracture or discontinuity in a volume of rock, across which there has been significant displacement along the fractures as a result of earth movement.",0.375,0.875
OCEAN VOLUME BUDGET: null,0.0,0.0
CLOUD TYPES: (Also known as cloud genus) The main characteristic form of a cloud used inits indentification.,-0.21666666666666667,0.6
PRECIPITATION ANOMALIES: The deviation of the amount of precipitation falling in a given region overa specified period from the long-term average value for the same region.,-0.075,0.26249999999999996
"EARTHQUAKES: A sudden motion or trembling in the Earth. The motion is caused by the quick release of slowly accumulated energy in the form of seismic waves. Most earthquakes are produced along faults, tectonic plate boundaries, or along the mid-oceanic ridges.",0.1333333333333333,0.475
"STORMWATER MANAGEMENT: Stormwater management is the control and use of stormwater runoff. The goals of stormwater management include reducing flooding to protect people and property, reducing demand on public stormwater drainage systems,  and supporting healthy streams and rivers. These can be achieved by planning for runoff, maintaining stormwater systems, and regulating the collection, storage, and movement of stormwater.",0.25,0.2722222222222222
STRATOPAUSE: The top of the inversion layer in the upper stratosphere at an altitudeof about 50 kilometers (31 miles).,0.25,0.25
"CLOUD RADIATIVE TRANSFER: The physics and mathematics of how radiation passes through a medium that may contain any combination of scatterers, absorbers, and emitters.",0.0,0.0
"ACCUMULATIVE CONVECTIVE PRECIPITATION: Precipitation particles forming in the active updraft of a cumulonimbus cloud, growing primarily by the collection of cloud droplets (i.e., by coalescence and/or riming) and falling out not far from their originating updraft.",0.07222222222222224,0.7000000000000001
SNOW WATER EQUIVALENT: The water content obtained from melting accumulated snow.,0.0,0.0
COASTLINE: The actual contour of the continent with the existing ice shelves.,0.0,0.1
"CHEMICAL SOLUTION: The removal of rock in solution by acidic rainwater. In particular, limestone is weathered by rainwater containing dissolved CO2.",0.16666666666666666,0.3333333333333333
TECTONICS: Branch of geology that deals with regional structure and deformational features of the Earth's crust.,0.0,0.0
"CORE PROCESSES: Pertaining to the measurement, analysis, or modeling of the internal processes of the Earth's core and mantle.",0.0,0.0
OCEAN SALINITY RECONSTRUCTION: Reconstruction of past ocean salinity based on paleoclimate proxy records.,-0.25,0.25
"ABYSSAL: Pertaining to the biogeographic zone of the ocean bottom between the bathyal and hadal zones: from depths of approximately 13,000 to 21,000 feet (4000 to 6500 meters).",-0.4,0.6
TEMPERATURE CONCENTRATION INDEX: Temperature Concentration Index (TCI) quantifies the distribution of mean monthly temperatures.,-0.3125,0.6875
ADVECTION: Sea ice advection is the movement of sea ice and is a function of the following factors: atmosphere-ice and ice-ocean momentum stress and sea surface gradient.,0.0,0.1
SURFACE SALINITY: A measure of the dissolved solids in seawater.,0.0,0.0
"LIVESTOCK PRODUCTS: Any measurement related to livestock commodities (does not include DAIRYor Poultry) including, but not limited to: meat, wool, leather, glue,chemicals (e.g. insulin), and any other edible or none edible productsfrom beef cattle, swine, sheep, horses, and goats.",-0.029761904761904764,0.305952380952381
"EROSION: The wearing away of soil and rock by weathering, mass wasting, and the action of streams, glaciers, waves, wind, and underground water.",0.1,0.1
"TRANSCRIPTOMIC ANALYSIS: The key aims of transcriptomics are: to catalog all species of transcript, including mRNAs, non-coding RNAs and small RNAs; to determine the transcriptional structure of genes, in terms of their start sites, 5′ and 3′ ends, splicing patterns, and other post-transcriptional modifications; and to quantify the changing expression levels of each transcript during development and under different conditions.",-0.09375,0.59375
SEA ICE CONCENTRATION: The ratio of the area of the water surface covered by ice as a fraction of the whole area. Sea ice concentration has been monitored by polar orbiting satellites at all wavelengths.,0.05833333333333334,0.325
SHORELINES: Representation of the coast in vector format used to delineate theland-sea boundary in maps or geographic information systems.,0.0,0.0
NON-METALLIC MINERAL VERTICAL/GEOGRAPHIC DISTRIBUTION: The vertical and geographic distribution of non-metallic minerals within the solid Earth.,0.0,0.1
RIPARIAN WETLANDS: Riparian wetlands are the strip of woods that grow along natural wetlands.,0.1,0.4
"COMMON SENSE CLIMATE INDEX: Our climate index is a simple measure of the degree, if any, to which practical climate change is occurring.  It also illustrates natural climate variability, thus revealing how difficult it is to reliably perceive a change of quantities that are naturally ‘‘noisy’’ or chaotic. Our aim is to help people judge whether or not climate fluctuations are a significant indication of change and to provide improved understanding of climate variability.More Information: http://data.giss.nasa.gov/csci/",-0.0375,0.5886904761904762
"RIFTING: The process in which continental crust is extended and thinned, forming extensional sedimentary basins and/or mafic dyke-swarms. Rifts commence as intracratonic, down-thrown blocks dominated by normal or oblique-extensional (transtensional) faults.",0.15,0.6499999999999999
SOIL HEAT BUDGET: The relation between the fluxes of heat into and out of a soil and theheat stored by the soil.,0.0,0.0
CLOUD TOP PRESSURE: Atmospheric pressure observed at the top of a cloud.,0.3333333333333333,0.3333333333333333
LUSTER: Rock luster is the way light reflects off the surface of a mineral.,0.4,0.7
"MACROFAUNA: 'Macrobiota' is a general term for the larger soil organisms. Macrofauna, inparticular, refers to burrowing vertebrate animals, but may include largerinsects and earhworms.",0.02500000000000001,0.5
ENDORHEIC BASIN: A closed drainage basin that retains water and allows no outflow to other bodies of water such as rivers or oceans.,-0.075,0.325
MARINE GEOCHEMISTRY: The related chemical and geological properties of the ocean.,0.0,0.4
DOWNWARD MOISTURE FLUX: Downward Flux per unit area for moisture.,0.0,0.0
"AMBIENT TEMPERATURE: Air temperature measured with a thermometer, similar to dry-bulb temperature.",0.0,0.4
"PHYSICAL/LABORATORY MODELS: Physical and laboratory models are models that represent a larger or smaller physical copy of an object or structure. Most commonly, these models are created in laboratories, but can often be located and studied in the real environment. Physical models allow visualization, from examining the model, of information about the thing the model represents.",0.05,0.3410714285714285
"THAWING INDEX: The number of degree days, above and below 32°F, between the lowest and highest points on the cumulative degree-days time curve for one thawing season.",0.0,0.1
GEYSER: A spring characterized by intermittent discharge of water ejected turbulently and accompanied by a vapour phase (steam).,0.0,0.0
"CARBON TETRACHLORIDE: CCl4, a compound consisting of a carbon and 4 chlorines that is active in ozone depletion when the compound is broken down and releases chlorine atoms (radicals). Chlorine reacts with the ozone creating diatomic oxygen and chlorine monoxide which cycles back to chlorine radicals.",-0.17222222222222222,0.32222222222222224
TIDAL ENERGY PRODUCTION/USE: Refers to the production and use of tidal energy for human consumption. Tidal energy is the energy involved in tidal movements of water which is available to be harnessed if those movements can be used to turn turbines.,0.2,0.25
"CORONA: The outermost, high temperature region of the solar atmosphere. Above thechromosphere and transition region, consisting of almost fully ionized plasmacontained in closed magnetic field loops, called coronal loops or expanding outalong open magnetic field lines to form the solar wind. The corona is a highlyrarefied, low density gas, with electron densities of less than 10*16electrons/ m*3, heated to temperatures of millions of degrees. The corona isvisible to the unaided eye as a white halo during a total eclipse of the sun.",-0.013333333333333332,0.2945833333333333
"ICEBERGS: A massive piece of ice of greatly varying shape, protruding more than 5m above",0.325,0.5875
"sea-level, which has broken away from a glacier, and which may be afloat or",-0.2,0.25
"aground. Icebergs may be described as tabular, dome-shaped, sloping, pinnacled,weathered or glacier bergs.",0.0,0.0
SEA ICE STRENGTH: null,0.0,0.0
"VECTOR SPECIES: An organism, such as an insect, that transmits disease-causing microorganisms such as viruses or bacteria.",0.0,0.5
Science Keywords: null,0.0,0.0
"TOOTHED WHALES: Phylum Chordata. Class Mammalia. Order Artiodactyla. Odontocetes, commonly called Toothed Whales, are distinguished by their conical teeth.",-0.3,0.5
MALNUTRITION: Faulty nutrition due to inadequate or unbalanced intake of nutrients or their impaired assimilation or utilization.,-0.125,0.375
"CLOUD BASE HEIGHT: For a given cloud or cloud layer, the lowest level in the atmosphere at whichthe air contains a perceptible quantity of cloud particles.See also the definitions for cloud height and cloud ceiling.",-0.8,1.0
GENOME: The genome is the entire set of DNA instructions found in a cell. A genome contains all the information needed for an individual to develop and function.,0.0,0.5125
"SHORELINE MAPPING: Large-scale maps and nautical charts required to properly depict shoreline, shoreline features, navigation aids, and other navigationally significant features such as piers, docks, pilings, etc. These maps are compiled from remotely sensed data such as aerial photographs, LIDAR or satellite imagery.",0.024999999999999998,0.42500000000000004
COMPOSITION/STRUCTURE: An analysis of the composition and structure of metals.,0.0,0.0
METALS PHYSICAL/OPTICAL PROPERTIES: The study and analysis of the various physical and optical properties of metals.,0.0,0.3214285714285714
VERTICALLY RESOLVED BACKSCATTER LIGHT: Vertically resolved backscattered light at 387nm and 407nm  – Raman shifted from 355 nm by nitrogen and water vapor respectively.,0.26666666666666666,0.5
"BLOWING SNOW: Snow lifted from the surface of the earth by the wind to a height of 2 m (6 ft) or more above the surface (higher than drifting snow), and blown about in such quantities that horizontal visibility is reduced to less than 11 km (about 7 statute miles).",0.11666666666666667,0.33333333333333337
CALDERA: A large circular depression in a volcano.,0.21428571428571427,0.42857142857142855
"CONTIG: A contig is a set of DNA segments or sequences that overlap in a way that provides a contiguous representation of a genomic region. For example, a clone contig provides a physical map of a set of cloned segments of DNA across a genomic region, while a sequence contig provides the actual DNA sequence of a genomic region.",0.0,0.12142857142857143
"SOIL EROSION: (i) The wearing away of the land surface by rain or irrigation water, wind,ice, or other natural or anthropogenic agents that abrade, detach and removegeologic parent material or soil from one point on the earth's surface anddeposit it elsewhere, including such processes as gravitational creep andso-called tillage erosion; (ii) The detachment and movement of soil or rock bywater, wind, ice, or gravity.",-0.19375,0.56875
"ADVECTION: The horizontal transfer of air mass properties that can impact snowmelt, snowpack, and temperature.",0.0,0.0
BACKGROUND INFORMATION: Background Information Services are defined as Education/Outreach Services that are designed to provide supplemental or background information on a particular subject in Earth Science and/or Global Environmental Change.,0.0,0.2222222222222222
SNOW FACIES: Pertaining to the observable differences that separate/distinguish one,0.0,0.0
snow/ice unit from another.,0.0,0.0
"METHYL CYANIDE: Methyl Cyanide (CH3CN), also known as acetonitrile, is emitted from incomplete",0.0,0.0
"combustion of vegetable matter, notably biomass, for example, cigarettes.",0.5,0.5
Acetonitrile is relatively unreactive in the troposphere and thus reaches the,0.0,0.0
"stratosphere, where it participates in ionmolecule reactions.",0.0,0.0
"SPECIES DOMINANCE INDICES: Dominance is the condition in communities or in vegetational strata inwhich one or more species, by means of their number, coverage, or size,have considerable influence upon or control of the conditions of existenceof associated species.",0.3,0.475
TEMPERATURE ANOMALIES: The deviation of temperature in a given region over a specified period from the long-term average value for the same region.,-0.075,0.26249999999999996
CARBON DIOXIDE SURFACE: Measurement of Carbon Dioxide gas at the surface of the earth.,0.0,0.0
CYCLONES (SW INDIAN): null,0.0,0.0
"FIRST LEAF DATE: The first leaf date can be generally defined as the average date when the first leaves appear on an indicator plant species. Conceptually, the first leaf date is indicative of the transition from winter to spring,typically when shrubs start to become active but before deciduous trees put on leaves. The first leaf date is subject to both large-scale climatic conditions and the phenological responses of the plant species under consideration.",0.09444444444444444,0.3888888888888889
INTERMITTENT STREAM: Pertaining to channels that experience seasonal water flow and may not have flowing surface water during dry periods.,-0.06666666666666665,0.6
MAGNESIUM: Measurement of any form of magnesium in the soil; one macronutrient in the soil.,0.0,0.0
"SALAMANDERS: Phylum Chordata. Class Amphibia. Salamanders have elongated cylindrical bodies and distinguished by presence of a tail in all life stages, limbs are right angles.",0.2857142857142857,0.5357142857142857
GENOMICS: Genomics is a field of biology focused on studying all the DNA of an organism. Such work ranges from sequencing various locations throughout a genome to identifying and characterizing all the genes and functional elements in an organism’s genome as well as how they interact.,0.0,0.5
"VOLATILE ORGANIC COMPOUNDS: Organic compounds (e.g. ethylene, propylene, benzene, styrene, acetone)which evaporate readily and contribute to air pollution directly orthrough chemical or photochemical reactions to produce secondary airpollutants.",1.850371707708594e-17,0.39999999999999997
"SOIL ROOTING DEPTH: The distance in inches that plant roots extend into the soil. Knowing theaverage root depth for the plants in each watering zone is important todetermine an efficient watering schedule. Shallow roots require more frequentwatering than deep roots, which can draw water from a larger soil profile. Average root depths vary with plant type. Trees will have root depths of 24inches or more. Xeriscape plants will have root depths around 10 inches. Shrubsand perennials will have roots of 8 inches or more. Grass can have deep roots(greater than 6 inches, depending on region). Annuals and bedding plants havethe shallowest roots at 4-5 inches.",0.15740740740740738,0.5222222222222223
"ALUMINUM-26 ANALYSIS: ALUMINUM-26, is a radioactive isotope of the chemical element aluminium, decaying by either of the modes beta-plus or electron capture, both resulting in the stable nuclide magnesium-26. The half-life of 26Al is 7.17×105years. This is far too short for the isotope to survive to the present, but a small amount of the nuclide is produced by collisions of argon atoms with cosmic ray protons. The analysis of AL26 is part of the process to determine exposure ages.",-0.0375,0.42500000000000004
"SPELEOTHEMS: a structure formed in a cave by the deposition of minerals from water, e.g. a stalactite or stalagmite.",0.0,0.0
ATMOSPHERIC EMITTED RADIATION: The part of the terrestrial radiation which is emitted by the atmosphere.,0.0,0.05
REFLECTION: A method of exploration geophysics that uses the principles of seismology to estimate of the properties of the Earth's subsurface from reflected seismic waves. This measurement is also known as seismic reflection.,0.0,0.0
SOIL IMPEDANCE: The resistance of the soil to penetration by water and by roots.,0.0,0.0
K-index (KI): K-index in units of degrees Celsius (°C) is a simple index using data from discrete pressure levels instead of a lifted parcel.,0.0,0.35714285714285715
ASK-A MARINE BIOLOGIST: Digital reference services that use the Internet to connect people withpeople  who can answer questions about marine biology.,0.0,0.0
"ICE GROWTH/MELT: Pertaining to the measurement of ice growth/melting rates, and annualchanges in those rates.",0.0,0.0
SIGNIFICANT WAVE HEIGHT: The average height of the highest one-third of all waves occurring ina particular time period.,0.13055555555555556,0.5361111111111111
"DUST/ASH/SMOKE: Solid materials suspended in the atmosphere in the form of small,irregular particules, many of which are microscopic in size. Dust and Ashare due to biogenic and anthropogenic sources such as volcanic eruptions,salt spray, plant pollen, smoke, industrial processes, etc.",0.09375,0.36875
"SURFACE WATER CHEMISTRY: Refers to the chemical composition of the surface water of rivers, lakes,",0.0,0.0
"streams, and reservoirs including water quality and contamination.",0.0,0.0
WATER QUALITY: The distinguishing attribute or characteristic of water.,-0.06666666666666667,0.4666666666666666
"SEA SURFACE HEIGHT: The height of the ocean surface above a datum, such as a vertical datumfor sea level measurements, or a reference ellipsoid for satellitealtimetric measurements.",0.0,0.3
"STREAM: A long narrow channel of water that flows as a function of gravity and elevation across the Earth's surface. Many streams empty into lakes, seas or oceans.",0.0375,0.45
"SOIL ROOTING DEPTH: he distance in inches that plant roots extend into the soil. Knowing theaverage root depth for the plants in each watering zone is important todetermine an efficient watering schedule. Shallow roots require more frequentwatering than deep roots, which can draw water from a larger soil profile. Average root depths vary with plant type. Trees will have root depths of 24inches or more. Xeriscape plants will have root depths around 10 inches. Shrubsand perennials will have roots of 8 inches or more. Grass can have deep roots(greater than 6 inches, depending on region). Annuals and bedding plants havethe shallowest roots at 4-5 inches.",0.15740740740740738,0.5222222222222223
ICE EXTENT: Pertaining to the geographical extent of ice on continental land masses.,0.0,0.0
"SALT FLUX: Sea salt aerosol, which originally comes from sea spray, is one of the most widely distributed natural aerosols. Sea salt aerosols are characterized as non-light-absorbing, highly hygroscopic, and having coarse particle size. Some sea salt dominated aerosols could have a single scattering albedo as large as ~0.97. Due to the hygroscopy, a sea salt particle can serve as a very efficient cloud condensation nuclei (CCN), altering cloud reflectivity, lifetime, and precipitation process. According to the IPCC report, the total sea salt flux from ocean to atmosphere is ~3300 Tg/yr",0.11389610389610388,0.4688961038961038
"NINO 1+2 INDEX: The Niño1+2 SST anomaly index is an indicator of far eastern tropical Pacific El Niño conditions, off the coasts of Peru and Chile. It is calculated with SSTs in the box 90°W - 80°W, 10°S - 0°.",0.1,1.0
"EXTREME EASTERN TROPICAL PACIFIC SST: The Niño1+2 SST anomaly index is an indicator of far eastern tropical Pacific El Niño conditions, off the coasts of Peru and Chile. It is calculated with SSTs in the box 90°W - 80°W, 10°S - 0°.",-0.012499999999999997,1.0
"INFORMATION MANAGEMENT SERVICES: Services that are designed to store and provide access to data, normally handling multiple separate datasets. In addition, metadata describing multiple datasets can be stored and searched. Access is usually to retrieve a client-specified subset of a stored dataset, or to retrieve selected metadata for all datasets whose metadata meets client-specified query constraints. The services in the Processing Services tier are used by clients and by services in the Application Services and Processing Services tiers. These services can use other services in the Information Management Services tier.",-0.045,0.255
EVAPORATION: Refers to the process by which water changes from a liquid to a gas or vapor and leaves the remaining salt in the ocean.,0.0,0.0
SOIL PRODUCTIVITY: The capacity of a soil for producing a specified plant or sequence of plants under a specified system of management; emphasizing the ability to produce crops.,0.0,0.0
"CRANES AND ALLIES: Phylum Chordata. Class Aves. Order Gruiformes. Cranes, Family Gruidae, are opportunistic feeding large long-legged and necked birds with streamlined bodies.",0.21428571428571427,0.42857142857142855
SEA ICE VOLUME BUDGET: null,0.0,0.0
LIDAR DEPOLARIZATION RATIO: The ratio of cross polarized to co-polarized lidar signal return reflected backin a direction opposite to that of the incident radiation from a lidar,0.0,0.0
transmission.,0.0,0.0
ATMOSPHERIC TEMPERATURE INDICES: In the atmosphere : 'a number (as a ratio) derived from a series of observations and used as an indicator or measure',0.0,0.0
"THERMAL CONDUCTIVITY: A measure of the ability of a soil to transfer heat (through a unitthickness, across a unit area for a unit difference in temperature).",0.0,0.0
"NIGHTTIME LIGHTS: Remote sensing of nighttime light emissions offers a unique perspective for investigations into human behaviors. The Visible Infrared Imaging Radiometer Suite (VIIRS) instruments aboard the joint NASA/NOAA Suomi National Polar-orbiting Partnership (Suomi NPP) and NOAA-20 platforms provide global daily measurements of nocturnal visible and near-infrared (NIR) light that are suitable for Earth system science and applications studies. Nighttime lights data are used for estimating population, assessing electrification of remote areas, monitoring disasters and conflict, and understanding biological impacts of increased light pollution.",0.18409090909090908,0.3954545454545455
PLATE TECTONICS: A theory of global tectonics in which the lithosphere is,0.0,0.0
divided into a number of plates whose pattern of horizontal movement is,0.0,0.0
that of torsionally rigid bodies that interact with one another at their,0.0,0.0
"boundaries, causing seismic and tectonic activity along these boundaries.",0.0,0.0
LIDAR: LIDAR (Light Detection and Ranging) is an optical remote sensing technology that measures properties of scattered light to find range and/or other information of a distant target.,0.09500000000000001,0.46499999999999997
"MICRONUTRIENTS/TRACE ELEMENTS: A plant nutrient usually found in relatively small amounts(<100 mgkg-1) in plants.  These are usually B, Cl, Cu, Fe, Mn, Mo, Ni, Co, andZn.  In environmental applications it is those elements exclusive of the eightabundant rock-forming elements: oxygen, aluminum, silicon, iron, calcium,sodium, potassium, and magnesium.",-0.25,0.3
"NITROGEN: Measure of any form of Nitrogen, a macronutrient, in the soil, such as biomass nitrogen, ammonium, nitrate, etc...",0.0,0.5
"PHOSPHORUS: Measure of any form of Phosphorus (such as Phosphate), a macronutrient, in the soil.",0.0,0.5
"METAGENOMICS: The analysis of entire DNA and/or RNA sequences isolated and analyzed from all of the organisms in a bulk sample, typically recovered directly from environmental samples. These analyses are typically used to study microbes. There are two types of commonly used metagenomic analysis:Targeted metagenomics. Targeted metagenomics uses certain conserved regions (16s rRNA, 18s rRNA, ITS regions) that are amplified with PCR primers and sequenced. These conserved regions have variable regions that allow for identification of different groups of organisms.Shotgun metagenomics. This method is non-discriminant in that it will sequence all genetic material in an environmental sample.",-0.045578231292517,0.528061224489796
"SHORELINE DISPLACEMENT: The distance over which the coast has moved due to a combination offactors; i.e., sea level rise, erosion, or sedimentation.",-0.125,0.375
GROSS PRIMARY PRODUCTION (GPP): The 'NEE of CO2' with the atmosphere is a fundamental measure of the balance between carbon uptake by the vegetation 'GPP' and carbon losses through 'autotrophic' and 'heterotrophic respiration',0.2,0.25
"HYDRAULIC CONDUCTIVITY: A measure of the readiness with which a liquid, such as water, flows through a solid, such as soil, in response to a given  potential gradient.",0.0,0.525
"CATION EXCHANGE CAPACITY: The sum of exchangeable bases plus total soil acidity at a specific pHvalue, usually 7.0 or 8.0.  When acidity is expressed as salt extractableacidity, the cation exchange capacity (CEC) is called the <i>effective</i>cation exchange capacity (ECEC) because this is considered to be the CEC of theexchanger at the native pH value.  It is usually expressed in centimoles ofcharge per kilogram of exchanger or millimoles of charge per kilogram ofexchanger",-0.125,0.34375
SEA ICE STRAIN RATES: null,0.0,0.0
SOIL CONSISTENCE: The combination of properties of soil material that determine its resistanceto crushing and its ability to be molded or changed in shape.,0.4,0.9
IBISES/SPOONBILLS: Phylum Chordata. Class Aves. Order Pelecaniformes. Family Threskiornithidae are long-legged wading birds with long down-curved bills,-0.05,0.4
"WIND VELOCITY/SPEED PROFILES: Generally, the wind speeds (velocities) at various levels in the atmosphere above the domain of surface weather observations, as determined by any of the methods of winds-aloft observation.",0.016666666666666673,0.3666666666666667
"METHANE: Methane (CH4) is a colorless, odorless, flammable, greenhouse gas. It",0.0,0.0
"is released naturally into the air from marshes, swamps, rice",0.1,0.4
"fields, ruminant animals (such as cattle), and sewage sludge.  CH4 is",0.0,0.5
also released from methane-producing bacteria (methanogens) that live,0.13636363636363635,0.5
"in anaerobic places. [Solar Energy; v52n6; 467-477; 1994.] [Air, The",0.0,0.0
"Nature of Atmosphere and the Climate; Michael Allaby; pages 39,40;",0.0,0.0
1992; Facts on File; New York] [Dictionary of Science;	R.K. Barnhart;,0.13636363636363635,0.45454545454545453
page 398; 1986; Houghton Mifflin Company; Boston.],0.0,0.0
"EAGLES/FALCONS/HAWKS AND ALLIES: Phylum Chordata. Class Aves. All are dirunal birds with keen vision. Falcons are typically smallest of the birds of prey and distinguished by thin tapered wings and a 'tooth' on the side of their beak used for hunting. Hawks and Eagles use their feet for hunting. Eagles are typically larger bodied, with a hooked beak and have heavy heads and beaks. Hawks are medium sized   distinguished by rounded wings and short wide tail and have additional color receptors in their eye giving them ability to percieve ultraviolet light.",-0.06666666666666665,0.5357142857142857
"SURFACE WATER: Pertains to all water present above the substrate or soil surface including water contained in an ocean, river, stream, lake, pond, lagoon, or impoundment reservoir.",0.0,0.05
PELICANS AND ALLIES: Phylum Chordata. Class Aves. Order Pelecaniformes. Pelicans are large water birds characterized by totipalmate feet and a distinct bill with a pouch of skin used for catching prey.,0.37142857142857144,0.5428571428571428
"SOIL MECHANICS: The application of the principles of mechanics and hydraulics toengineering problems dealing with the behavior and nature of soils,sediments, and other unconsolidated accumulations.",-0.125,0.375
SOIL PRODUCTIVITY: The capacity of a soil for producing a specified plant or sequence ofplants under a specified system of management; emphasizing the ability toproduce crops.,0.0,0.0
"MICROFAUNA: Microfauna (or simply microbiota) refers to the smallest soil organisms,including bacteria and protozoa.",0.0,0.35714285714285715
"COLD SEEP: Pertaining to areas of hydrogen sulfide, methane, and other hydrocarbon releases from the ocean floor.",-0.3625,0.6875
"LOONS: Phylum Chordata. Class Aves. Order Gaviiformes. Loons are large diving aquatic birds with rounded heads, dagger-like bills and webbing between their toes.",0.21428571428571427,0.42857142857142855
CALDERA: A large circular depression in a volcano.,0.21428571428571427,0.42857142857142855
"SOLID EARTH: Refers to 'the Earth beneath our feet', the planet's solid surface and its interior.",0.0,0.1
"SOIL HORIZONS/PROFILE: The soil profile is the vertical section of the soil, from the surfacethrough all its horizons, where a horizon is a layer of soil,approximately parallel to the soil surface, differing in properties andcharacteristics from adjacent layers below and above it.",0.0,0.05
"BLOWING SNOW: Snow lifted from the surface of the earth by the wind to a height of 2 m (6 ft) or more above the surface (higher than drifting snow), and blown about in such quantities that horizontal visibility is reduced to less than 11 km.",0.11666666666666667,0.33333333333333337
"SOIL BULK DENSITY: The mass of dry soil per unit of bulk volume,  including the air space.",-0.06666666666666665,0.6
SOIL WATER HOLDING CAPACITY: The percentage of water remaining in a soil two or three days after itshaving been saturated and after free drainage has practically ceased(field moisture capacity).,0.4,0.8
"HEAVY METALS: Those metals which have densities >5.0 Mg m-3. In soils these include the elements Cd, Co, Cr, Cu, Fe, Hg, Mn, Mo, Ni, Pb, and Zn.",-0.2,0.5
"SOIL SALINITY/SOIL SODICITY: The term salinity refers to the presence of the major dissolvedinorganic solutes, essentially Na, Mg, Ca, K, Cl, SO4, HCO3, and CO3, inaqueous samples. As applied to soils, it refers to the soluble plusreadily dissolvable salts in the soil or, more usually, in an aqueousextract of a soil sample.  Salinity is quantified in terms of the totalconcentration (or, occasionally, the content) of such soluble salts.",0.052083333333333336,0.3625
"MALNUTRITION RATES: The rate of malnutrition, which refers to a state of poor nutrition; can result from insufficient or excessive or unbalanced diet or from inability to absorb foods.",-0.325,0.8
"ATMOSPHERIC CARBON MONOXIDE: Atmospheric Carbon Monoxide (CO) is a toxic, odorless, colorless gas produced during fossil fuel or biomass burning. It is one of the longest-lived,naturally occurring atmospheric carbon compounds. The recent change in tropospheric CO content may portend a change in the balance between oxidants and reductants in the atmosphere.",0.0,0.0625
IRON: Chemical element with the symbol Fe,0.0,0.0
SANDPIPERS: Phylum Chordata. Class Aves. Order Charadriiformes. Sandpipers are shorebirds with long bodies and legs and narrow wings,-0.125,0.4
"SOIL CHEMISTRY: The branch of soil science that deals with the chemical constitution,chemical properties, and chemical reactions of soils.",0.0,0.0
"ORGANIC MATTER: Soil constituents consisting of a wide range of  organic(carbonaceous) substances, including living organisms, carbonaceousremains of organisms which once occupied the soil, and organic compoundsproduced by current and past metabolism in the soil.",-0.11666666666666665,0.35000000000000003
"CALCIUM: Any measurement of Calcium in any form in the soil, such as CaCO3.",0.0,0.5
SOIL PH: The negative log of Hydrogen ion concentration,-0.3,0.4
METAGENOME ASSEMBLED GENOMES (MAGs): MAGs represent a microbial genome by a group of sequences from genome assembly with similar characteristics. It enables researchers to identify novel species and understand their potential functions in a dynamic ecosystem.,0.0,0.5222222222222223
DNA: Deoxyribonucleic acid (abbreviated DNA) is the double-stranded molecule that carries genetic information for the development and functioning of an organism. Whole extracted DNA from an organism or environment often referred to as gDNA (genomic).,0.2,0.4
"CETACEANS: Phylum chordata. Class Mammalia. Order Artiodactyla. Cetacea order are hairless, carnivorous, streamlined aquatic mammals consisting of whales, dolphins and porpoises, characterized by dorso-ventrally flattened tails into flukes, forelimbs modified into flippers, and long rostrum with nares at the top of the skull.",0.225,0.45
"SOIL MOISTURE/WATER CONTENT: Soil Water Content: The water lost from soil upon drying to constantmass at 105 degrees Celcius; expressed either as the mass of water perunit mass of drysoil or as the volume of water per unit bulk volume ofsoil. For GCMD purpose, this also includes all measurements related tosoil water, such as capcity, potential, and pressure, etc...",0.0,0.6333333333333333
NEOTECTONICS: Pertaining to the study of late Cenozoic deformation and the crustal motion that caused that deformation.,-0.3,0.6
ELECTRICAL CONDUCTIVITY: A measure of ease with which a conduction current can be caused to flowthrough soil under the influence of an applied electric field.	It is thereciprocal of resistivity and is measured in mhos per meter.,0.0,0.4
RIPARIAN WETLANDS: Riparian wetlands are the strip of woods that grow along natural wetlands.,0.1,0.4
PERMAFROST: A layer of soil or bedrock at a variable depth beneath the surface of the earth in which the temperature has been below freezing continuously from a few to several thousands of years.,-0.1,0.05
INTERACTIVE PROGRAMS: Interactive Programs are primarily software that allows a student to query the particular program and foster learning Earth Science on an individual level. Interactive Programs will allow a student to query the program as well as be instructed by the program.,0.18888888888888888,0.41111111111111115
"MAGNETIC FIELD: Pertaining to the magnetic field generated by the Earth, consisting of both the dipole and non-dipole components.",0.0,0.0
SOIL POROSITY: The volume percentage of the total soil bulk not occupied by solid particles.,0.0,0.425
"PARTICULATE MATTER (PM 10): PM10 describes inhalable particles, with diameters that are generally 10 micrometers and smaller.",0.02500000000000001,0.5
"NORMALIZED DIFFERENCE VEGETATION INDEX (NDVI): An index of plant “greenness” or photosynthetic activity, and is one of the most commonly used vegetation indices.",0.1,0.5
"RNA: Ribonucleic acid (abbreviated RNA) is a molecule present in all living cells that is transcribed from and has structural similarities to DNA. The “transcript” is the RNA produced when a gene is transcribed. Unlike DNA, RNA is most often single-stranded. Includes mRNA (messenger), tRNA (transfer), and rRNA (ribosomal).",0.25,0.25
"FOREST SCIENCE: The branch of Agriculture that deals with forestry, trees, forests, Treeand forest management.",0.0,0.0
"FREEZE/THAW: The process where water seeps into a crack in a rock, as the temperature drops below freezing, the water freezes and expands causing the crack to enlarge. The ice then melts into water again as the temperature rises above freezing. This action is repeated until the rock breaks.",0.05,0.1
ECOLOGICAL DYNAMICS: Describes coupled dynamics of human-ecological systems,0.4,0.6
"FREEZE/FROST DATE: The freeze date is the date of the minimum temperature being 32 degrees Fahrenheit or below. The 'frost' date is the date of the minimum temperature being 36 degrees Fahrenheit or below. Note: Frost is also dependent on moisture, so this 'frost' date is just an estimate.",0.0,0.0
"Pacific Transition Index: The Pacific Transition (PT) pattern is a leading mode during August and September. This pattern captures anomalous wave-train of 500-hPa heights extending from the central subtropical North Pacific to the eastern United States. The positive phase of the PT pattern features above-average heights west of Hawaii and across western North America, and below-average heights in the Gulf of Alaska and over the southeastern United States.The PT pattern is associated with above-average surface temperatures in the western subtropical North Pacific, the subtropical North Atlantic, and throughout western North America, and with below-average temperatures over the eastern half of the United States. The main precipitation departures associated with the PT pattern include above-average precipitation in the southeastern U.S., and below-average precipitation near Hawaii and across the northern tier of the United States.",0.04090909090909091,0.21193181818181817
"MINE DRAINAGE: Mine drainage, also known as acid mine drainage, is sulfuric acid that drains from mines, especially abandoned underground coal mines such as in the Eastern United States.",0.0,0.75
"FLAGELLATES: Flagellates are free-living predators and parasites bearing one toseveral flagella. The free-living types abound in freshwater or marinehabitats. Parasitic types live in the moist tissues of plants and animals,including humans.",0.13636363636363635,0.5
"TRANSCRIPTOME: The transcriptome is the complete set of transcripts in a cell, and their quantity, for a specific developmental stage or physiological condition. Understanding the transcriptome is essential for interpreting the functional elements of the genome and revealing the molecular constituents of cells and tissues, and also for understanding development and disease.",0.03333333333333333,0.27499999999999997
EXTRATROPICAL CYCLONE MOTION: Change in Extratropical Cyclone position with respect to time.,0.0,0.0
ALPHA PARTICLE FLUX: An alpha particle has positive charge and consists of two protons and,0.22727272727272727,0.5454545454545454
two neutrons (the nucleus of a helium atom).  Alpha particles can cause,0.0,0.0
ionization of neutral atoms.   Flux is the rate of flow through a reference,0.0,0.0
"surface, measured in particles per unit area.",0.0,0.0
TURTLES: Phylum Chordata. Class Reptilia. Order Testudines are characterized by specialized shell developed from their ribs,0.1,0.3
"GEOPARSER SERVICE: Service to scan text documents for location-based references, such as a place names, addresses, postal codes, etc., for passage to a geocoding service.",0.0,0.5
SEDIMENTARY ROCK VERTICAL/GEOGRAPHIC DISTRIBUTION: The vertical and geographic distribution of sedimentary rocks within the solid Earth.,0.0,0.1
"TURBIDITY: The effect of (primarily) aerosols, through their total optical depth, in reducing the transmission of direct solar radiation to the surface below that through a purely molecular atmosphere.Measures of turbidity refer to the total aerosol optical depth, either directly at a specified wavelength (e.g., the Volz turbidity factor or the Ängström turbidity coefficient, which is referenced to a wavelength of 1 μm), or indirectly by the ratio of aerosol to Rayleigh optical depth (e.g., the Linke turbidity factor).",0.1357142857142857,0.5499999999999999
"ORGANIC MATTER: Soil constituents consisting of a wide range of organic (carbonaceous) substances, including living organisms, carbonaceous remains of organisms, which once occupied the soil, and organic compounds produced by current and past metabolism in the soil.",-0.11666666666666665,0.35000000000000003
PERCOLATION AMOUNT: The amount of fluids being filtered through porous materials.,0.0,0.0
OCEAN TEMPERATURE: Pertaining to the measurement of the average kinetic energy of oceanic water.,-0.15,0.39999999999999997
"FREEZING INDEX: (Also called 'coldness sun.') As used by the U. S. Army Corps of Engineers, the number of Fahrenheit degree-days (above and below 32°F) between the highest and lowest points on the cumulative degree-days time curve for one freezing season.",-0.375,0.55
THERMOCLINE: The zone of the ocean in which temperature decreases rapidly with depth.,0.0,0.0
"BOTTOM COVER TYPE: The general three-dimensional features of the bottom and whether it is covered in sand, coral, sediment, rock, man made objects, etc., to determine benthic zone type.",0.05000000000000002,0.5
"SLR (SATELLITE LASER RANGING): Satellite Laser Ranging (SLR) targets are satellites equipped with corner cubes or retroreflectors. Currently, the global SLR network tracks over forty such satellites. The observable is the round-trip laser pulse time-of-flight to the satellite.SLR and Lunar Laser Ranging (LLR) use short-pulse lasers and state-of-the-art optical receivers and timing electronics to measure the two-way time of flight (and hence distance) from ground stations to retroreflector arrays on Earth orbiting satellites and the Moon.SLR and Lunar Laser Ranging (LLR) use short-pulse lasers and state-of-the-art optical receivers and timing electronics to measure the two-way time of flight (and hence distance) from ground stations to retroreflector arrays on Earth orbiting satellites and the moon. The laser stations are also used to measure one-way distance from the ground stations to remote optical receivers on space and for very accurate time-transfer. Laser ranging activities are organized under the ILRS.SLR is an accurate technique for determining the geocentric position of an Earth satellite, allowing for the precise calibration of radar altimeters and separation of long-term instrumentation drift from secular changes in ocean topography. SLR’s ability to measure the temporal variations in the Earth’s gravity field and to monitor motion of a global network of stations with respect to the geocenter, together with the capability to monitor vertical motion in an absolute system, makes it unique for modeling and evaluating long-term climate change.",0.17950000000000002,0.5256666666666667
"RADIOCARBON: Radiocarbon refers to radioactive carbon especially carbon-14, but alsocarbon-10 and carbon-12. Carbon-14 is a heavy radioactive isotope of Carbonhaving a mass of 14 and a half-life of 5730 +/-40 years. Carbon-14 is useful indating organic materials during the last 50,000 years.",0.024999999999999994,0.39166666666666666
MINERAL AGE DETERMINATIONS: An analysis and determination of the age of minerals.,0.0,0.0
PALEOMAGNETIC DATA: Paleomagnetism is the study of natural remnant magnetization of the Earth's materials in order to determine the itensity and direction of the Earth's magnetic field in the geologic past. Variations in the Earth's magnetic field can be used as a means of stratigraphic correlation. Major reversals of the Earth's magnetic field are well known and the record of these reversals in sediments can be used as time markers or chronostratigraphic horizons.,-0.029166666666666664,0.3833333333333333
COUNTRY BOUNDARIES: The political boundary of a country.,0.0,0.1
"SEDIMENTATION: The tendency for particles in suspension to settle out of the fluid in which they are entrained, and come to rest against a barrier.",0.0,0.1
WIND SPEED TENDENCY: The character and amount of atmospheric wind speed change for a three-hour or other specified period ending at the time of observation.,-0.0625,0.1875
"LAST FREEZE/FROST PROBABILITY: The freeze/frost probability levels represent the risk with regard to meeting or falling below a certain temperature threshold by a specific date, or within a specified number of days. For example, suppose a 90 percent probability level for the spring season is computed to be March 1 at the 32 degree threshold. This means that nine years out of ten a temperature as cold or colder than 32 degrees is expected to occur later than March 1 during the spring season. For the fall season, the probability level represents the chance of having a temperature as cold or colder earlier than the computed date. The freeze-free probability level indicates the chance of having a longer freeze-free period than the computed number of days. The methods used to compute the freeze probabilities come from two data distributions: a discrete freeze or no-freeze distribution, where a no-freeze annual season is one in which only one or no freeze occurs; and a continuous one of freeze dates for the years of freeze occurrence, where",-0.10857142857142857,0.4663095238095238
"STRATUS: A principal cloud type, forming in the low levels of the troposphere and normally existing as a flat layer that does not exhibit individual elements. In aviation forecasts and reports it is coded as ST.",0.03125,0.36875
"FOOD-WEB DYNAMICS: Food-web Dynamics denotes the complex network of interconnected food chains. Food chains are innumberable pathways where one organism is eaten by asecond, which is eaten by a third.",-0.15,0.2
SOIL TEMPERATURE: The degree of hotness or coldness of the soil as measured on some definite temperature scale.,0.0,0.5
FRONTS: Sharp temperature boundaries between water masses.,-0.125,0.75
"PHYTOPLANKTON: 'Phytoplankton is the plant portion of the plankton, the plant communityin marine and freshwater situations, that floats free in the water andcontains many species of algae and diatoms.",0.45,0.65
LUSTER: The way light reflects off the surface of a mineral.,0.4,0.7
"SULFUR DIOXIDE PROFILES: A vertical representation of the acidic gas, formula SO2, formed in the combustion of many fuels and in the oxidation of naturally occurring sulfur gases measured at the earth's surface. It is the primary sulfur gas emitted from combustion sources and is a precursor to sulfuric acid, which is a major constituent of acid rain.",0.265625,0.475
VORTICITY: Measure of the rotational spin about an axis at some point within a fluid(or ocean wind field).,0.0,0.0
"AVALANCHE: Pertaining to the measuerment of a large mass of snow, ice, soil, rock,falling rapidly from heights far above a lowland area.",0.10476190476190476,0.5095238095238096
VORTICITY: Random and continuously changing air motions that are superposed on the mean motion of the air.,-0.40625,0.59375
"SOLAR FORCING: Radiative forcing (measured in Watts per square meter) can be estimated in different ways for different components. For the case of a change in solar irradiance (i.e., 'solar forcing'), the radiative forcing is simply the change in the average amount of solar energy absorbed per square meter of the Earth's area. Since the cross-sectional area of the Earth exposed to the sun (πr2) is equal to 1/4 of the surface area of the Earth (4πr2), the solar input per unit area is one quarter the change in solar intensity. This must be multiplied by the fraction of incident sunlight that is absorbed, F=(1-R), where R is the reflectivity, or albedo, of the Earth, equal to approximately 0.7. Thus, the solar forcing is the change in the solar intensity divided by 4 and multiplied by 0.7.",0.005555555555555548,0.5396825396825397
NORTH PACIFIC OSCILLATION: The North Pacific Index is the area-weighted sea level pressure over,0.0,0.0
"the region 30N-65N, 160E-140W.",0.0,0.0
DISPERSION FREQUENCY: The number of clay particles that separate from one other in moist oil in a single period.,-0.09821428571428571,0.29464285714285715
"FOREST HARVESTING AND ENGINEERING: Process and methods related to removal of trees from the forest for purposesof forest improvements, manufacturing forest products, and lumber,or conservation.",0.0,0.4
STABILITY: The ability of a mineral to remain unaltered over a stated range of pressure and temperature.,0.0,0.0
"ENTOPROCTS: A phylum of small invertebrate aquatic animals typically having a cup-shaped body bearing tentacles and attached to the substrate by means of a stalk  characterized by having tentacles with a downstream-collecting ciliary system, an anus inside the ring of ciliated tentacles, and no coelomic canal.",-0.20833333333333331,0.45
"DROPLET DIGITAL POLYMERASE CHAIN REACTION (ddPCR): Droplet Digital PCR (ddPCR) is a method for performing digital PCR that is based on water-oil emulsion droplet technology. A sample is fractionated into 20,000 droplets, and PCR amplification of the template molecules occurs in each individual droplet. ddPCR is a version of PCR that enables the exact quantification of nucleic acid targets within a sample.",0.05,0.13
"LAND USE CLASSES: Classifications as to human employment of land; includes settlements, cultivation, pasture, rangeland, and recreation, among others.",0.0,0.1
"COASTAL ELEVATION: Vertical height of the land along the coast, measured from a datum such asmean sea level.",0.0,0.5
"PLANT DISEASES/DISORDERS/PESTS: Measurements related to any deviation from a normal state of health inplants which temporarily or permanently impairs vital functions.  It maybe caused by insect pests, viruses, pathogenic bacteria, parasites, poornutrition, congenital or inherent deficiencies, unfavorable environment,or any combonation of these, and related pests.",0.0625,0.4624999999999999
MAJOR ELEMENTS: Elements that constitute > 1 wt. % of a rock as determined in a chemical analysis.,0.0625,0.5
SEWAGE OVERFLOWS: A condition in which untreated sewage is discharged from a sanitary sewer into the environment prior to reaching sewage treatment facilities.,0.0,0.0
PEAK FLOW: Peak flow is due to rainwater pushing out water that had been stored in wetlands or groundwater.,-0.125,0.375
"STRATOCUMULUS: Low-level clumps or patches of cloud varying in color from bright white to dark grey. They are the most common clouds on earth recognized by their well-defined bases, with some parts often darker than others. They usually have gaps between them, but they can also be joined together.",0.06428571428571428,0.36428571428571427
"EQUATORIAL PACIFIC MERIDIONAL WIND ANOMALY INDEX: An ENSO meridional wind anomaly index is calculated for the region 12-2N, 160E-80W from the International Comprehensive Ocean-Atmosphere Data Set (COADS). This region was chosen from a map of meridional wind regressed onto an index of eastern equatorial Pacific SST for the period 1950-79.",0.0,0.0
"LENGTH OF THE SOLAR CYCLE: The solar cycle is a nearly periodic change in the Sun's activity between the time where we can observe the most and least number of sunspots, and generally lasts around 11 years. Sometimes the surface of the Sun is very active with lots of sunspots, while other times it is quieter with only a few or even none.",-0.01854166666666667,0.506875
"SUBTROPICAL DEPRESSION TRACK: Subtropical Depression path, route, or course.",0.0,0.0
"FOREST YIELDS: Amount of product output recovered from a quantity of raw material inputin forest product industries. - Estimate in forest mensuration of theamount of wood that may be harvested from a particular type of foreststand by species, site, stocking, and management regime at variousages.",-0.03205128205128206,0.39743589743589747
"SUNSPOT ACTIVITY: An area seen as a dark spot on the PHOTOSPHERE of the sun. Sunspots are concentrations of magnetic flux, typically occurring in bipolar clusters or groups. They appear dark because they are cooler than the surrounding photosphere. Sunspots are classified as to their group characteristics (called the Zurich Sunspot Classification; older sunspot counting schemes may have used the Wolf Sunspot Number classification). Satellite observations of the sun (notably by the ACRIM and ERBE sensors) have demonstrated a correlation between sunspot luminosity changes and sunspot numbers - a possible influencing factor in Earth's climate dynamics.",0.033333333333333326,0.5222222222222223
REGIONAL CLIMATE LEVELS: Refers to several levels of regional climates that are used to describe the immutable characteristics of an area.,0.0,0.0
REFLECTION: A method of exploration geophysics that uses the principles of seismology to estimate of the properties of the Earth's subsurface from reflected seismic waves. This measurement is also known as seismic reflection.,0.0,0.0
"PARTICULATE MATTER (PM 10): PM10 describes inhalable particles, with diameters that are generally 10 micrometers and smaller.",0.02500000000000001,0.5
SOIL WATER HOLDING CAPACITY: The percentage of water remaining in a soil two or three days after its having been saturated and after free drainage has practically ceased (field moisture capacity).,0.4,0.8
"SURFACE ROUGHNESS: The unevenness of the land surface that results in friction for fluid flow. This can be influenced by the presence of such things as vegetation, water bodies, mountains and other landforms, etc.",-0.041666666666666664,0.325
STABILITY: The ability of a mineral to remain unaltered over a stated range of pressure and temperature.,0.0,0.0
"DISCHARGE/FLOW: In hydrology, discharge is the volume rate of water flow that is transported through a given cross-sectional area.(Buchanan, T.J. and Somers, W.P., 1969, Discharge Measurements at Gaging Stations: U.S. Geological Survey Techniques of Water-Resources Investigations, Book 3, Chapter A8, p. 1.)  It includes any suspended solids (e.g. sediment), dissolved chemicals (e.g. CaCO3(aq)), or biologic material (e.g. diatoms) in addition to the water itself.",0.0,0.0
"OCEAN MIXED LAYER: Also called the surface zone. The ocean mixed layer is the upper layerof ocean in which temperature and salinity are relatively constant withdepth. Depending on local conditions, the surface layer may reach to 1,000meters (3,300 feet) or be absent entirely.",0.0,0.24305555555555555
SCATTERING: The process by which some of a stream of radiation is dispersed to travel,0.0,0.0
in directions other than that which from it was incident by particles,-0.125,0.375
suspended in the medium through which it is travelling.,0.0,0.0
"METHANOL: Methanol, also known as methyl alcohol, wood alcohol, wood naphtha or wood spirits, is a chemical with the formula CH3OH (often abbreviated MeOH). Methanol acquired the name 'wood alcohol' because it was once produced chiefly as a byproduct of the destructive distillation of wood. Modern methanol is produced in a catalytic industrial process directly from carbon monoxide, carbon dioxide, and hydrogen.",-0.09999999999999998,0.4333333333333333
"SOIL HORIZONS/PROFILE: The soil profile is the vertical section of the soil, from the surface through all its horizons, where a horizon is a layer of soil, approximately parallel to the soil surface, differing in properties and characteristics from adjacent layers below and above it.",0.0,0.05
"KNOWLEDGE/DECISION SYSTEMS: A computer-based system that aids the process of decision making or building ofknowledge. For example: a construction company has decided to build a newdevelopment in a certain area, but they need to decide where to place thebuildings.  They may use information gathered on previous floods (i.e. stageheights) to help them decide.",0.023809523809523808,0.369047619047619
"SECONDARY PRODUCTION: Secondary production is production by herbivores, carnivores, ordetritus feeders.",-0.3,0.3
"SEDIMENTARY ROCKS: Pertaining to the composition, texture, formation, location, extent, etc. ofrocks formed through sedimentary processes.",0.0,0.0
TURBULENCE: Random and continuously changing air motions that are superposed on the mean motion of the air.,-0.40625,0.59375
"RADIOCARBON: A radioactive isotope of carbon (carbon-14) with a half-life of about5730 years, widely used in the dating of organic materials.",-0.1,0.4
"INCREASED/DECREASED CLOUD FRACTION: Refers to amount (increased or decreased) of cloud fraction, which is the measurement used to determine how much of the Earth is covered by clouds. The measurement is important because clouds play a large role in regulating the amount of energy that reaches the Earth from the sun as well as the amount of energy that the Earth reflects and emits back into space.",0.08285714285714285,0.46571428571428564
CLIMATE ADAPTATION: Adjustment in natural or human systems to a new or changing environment that exploits beneficial opportunities or moderates negative effects of a changing climate.,-0.015909090909090907,0.3386363636363636
STABILITY: The ability of a mineral to remain unaltered over a stated range of pressure and temperature.,0.0,0.0
"FOREST MENSURATION: In forestry, the measurement of both standing and harvested timber;Forest measurements.",0.0,0.0
"PARTICULATE MATTER: 'Particulate matter,' also known as particle pollution or PM, is a complex mixture of extremely small particles and liquid droplets. Particle pollution is made up of a number of components, including acids (such as nitrates and sulfates), organic chemicals, metals, and soil or dust particles.The size of particles is directly linked to their potential for causing health problems. EPA is concerned about particles that are 10 micrometers in diameter or smaller because those are the particles that generally pass through the throat and nose and enter the lungs. Once inhaled, these particles can affect the heart and lungs and cause serious health effects. EPA groups particle pollution into two categories: <BR>- 'Inhalable coarse particles,' such as those found near roadways and dusty industries, are larger than 2.5 micrometers and smaller than 10 micrometers in diameter.<BR>- 'Fine particles,' such as those found in smoke and haze, are 2.5 micrometers in diameter and smaller. These particles can be directly emitted from sources such as forest fires, or they can form when gases emitted from power plants, industries and automobiles react in the air.",-0.027192982456140352,0.5140350877192983
"MUSEUM EXHIBITS: Museum Exhibits are defined as Education / Outreach Services that provide a sensory (visual, auditory, tactile, etc.) presentation of items or concepts related to the Earth Sciences and/or Global Environmental Change at a Museum.",0.0,0.13333333333333333
"NUTRIENT CYCLING: Nutrient cycling is the repeated pathway of particular nutrients orelements from the environment through one or more organisms back to theenvironment.  Nutrient cycles include the carbon cycle, the nitrogencycle, the phosphorus cycle, and so on.",0.2222222222222222,0.27777777777777773
"UPPER LEVEL WINDS: Generally, the wind speeds and directions at various levels in the atmosphere above the domain of surface weather observations, as determined by any of the methods of winds-aloft observation.",0.012500000000000004,0.275
"AGRICULTURAL PLANT SCIENCE: The branch of Agriculture that focuses on plants(includesagronomy, horticulture, etc... but NOT Forestry, which is a seperateterm).",0.0,0.0
OXYGEN DEMAND: Oxygen demand or biochemical oxygen demand is the amount of oxygen that willbe absorbed or 'demanded' as wastes are being digested or oxidized inboth biological and chemical processes.,0.04999999999999999,0.45
"BAYOU: A body of water typically found in flat, low-lying areas, and can refer either to an extremely slow-moving stream or river (often with a poorly defined shoreline), or to a marshy lake or wetland.",-0.17916666666666667,0.55625
"PARTICULATE MATTER (PM 10): PM10 describes inhalable particles, with diameters that are generally 10 micrometers and smaller.",0.02500000000000001,0.5
"CARBON FLUX: Carbon flux refers to the direction and rate of transfer, or flows, of carbon between Earth’s carbon pools such as the oceans, atmosphere,land, other living things. Carbon fluxes can be natural exchanges, such as land-atmosphere and ocean-atmosphere fluxes, or anthropogenic exchanges, such as urban carbon fluxes",-0.004166666666666666,0.37916666666666665
"GRAVITY: The natural phenomenon by which physical bodies appear to attract each other with a force proportional to their masses. It is most commonly experienced as the agent that gives weight to objects with mass and causes them to fall to the ground when dropped. The phenomenon of gravitation itself, however, is a byproduct of a more fundamental phenomenon described by general relativity, which suggests that spacetime is curved according to the energy and momentum of whatever matter and radiation are present.",0.228125,0.4147321428571429
"PROTISTS: Protists are of the Kingdom Protista and are one of the diverseeukaryotes, single-celled species of which may resemble the firsteukaryotic cells.  At the present they are categorized by what they arenot (not bacteria, fungi, plants, or animals).",0.0,0.0
SPECIFIC GRAVITY: Identified as the density of the gas hydrates.,0.0,0.125
SEDIMENTARY ROCK PHYSICAL/OPTICAL PROPERTIES: The study and analysis of the various physical and optical properties of sedimentary rocks.,0.0,0.3214285714285714
RESPIRATION RATE: The chemical process that occurs in all living cells wherein organiccompounds are broken down to release energy required for lifeprocesses.,-0.2777777777777778,0.34444444444444444
FOREST CONSERVATION: Management of the human use of the biosphere so that it may yield the greatest,0.5,0.55
sustainable benefit to present generations while maintaining its potential to,0.0,0.5
meet the needs and aspirations of future generations. It includes the,0.0,0.125
"preservation, maintenance, sustainable utilisation, restoration and enhancementof the environment.",0.0,0.0
"MINERALS: Pertaining to the measurement, analysis, quantification, and comparison of thecrystal structures of minerals.",0.0,0.0
BUILDING BLOCKS: Molecules that form the basis of gene expression. The flow of information from DNA to RNA to proteins is one of the fundamental principles of molecular biology. It is so important that it is sometimes called the “central dogma.”,0.2,0.625
"MAGNETIC ANOMALIES: Local variation in the Earth's magnetic field resulting from variations in the chemistry or magnetism of the rocks. Mapping of variation over an area is valuable in detecting structures obscured by overlying material. The magnetic variation in successive bands of ocean floor parallel with mid-ocean ridges is important evidence supporting the theory of seafloor spreading, central to plate tectonics.",0.13,0.3
"SEDIMENT COMPOSITION: The composition of sediment including parent rock lithology, mineral composition, and chemical make-up.",0.0,0.0
"OCEAN/LAKE RECORDS: Paleoclimatic information can be inferred from biogenic material in oceansediments, oxygen isotopic analyses of sea water (via deep sea cores), coralgrowth, inorganic material such as from weathering and erosion, lake levels andglacial varves, and ocean circulation changes as a result ofglacial-interglacial cycles.",0.0,0.45
"CRYPTOMONADS: Phylum Cryotophyta. Group of motile, unicellular algae, flattened with an anterior groove or pocket with two unequal flagella characterized by extrusomes with two ribbons held under tension",0.0,0.0
CONTROL SURVEYS: Pertaining to the base surveys run in order to normalize data collected in later surveys so that gravitational anomalies can be found.,-0.4,0.5
"FOREST PRODUCTS/COMMODITIES: Any measure related to or about the production of lumber, compositeand reconstituted wood, pulp and paper, chemicals from trees, andother miscellaneous forest products.",0.0,0.4
"ENVIRONMENTAL VULNERABILITY INDEX (EVI): The Environmental Vulnerability Index. 		 A vulnerability index for the natural environment, the basis of all human welfare, has been developed by the South Pacific Applied Geoscience Commission (SOPAC), the United Nations Environment Programme (UNEP) and their partners. The index was developed through consultation and collaboration with countries, institutions and experts across the globe. This index is designed to be used with economic and social vulnerability indices to provide insights into the processes that can negatively influence the sustainable development of countries.The reason for using indices for this purpose is to provide a rapid and standardised method for characterising vulnerability in an overall sense, and identifying issues that may need to be addressed within each of the three pillars of sustainability, namely environmental, economic and social aspects of a country’s development. Development is often achieved through trade-offs between these pillars. Therefore, in order to promote sustainability, it has become increasingly important to be able to measure how vulnerable each aspect is to damage and to identify ways of building resilience. With this information to hand, the outcome for countries could be optimised for their unique situations and development goals.",0.0886904761904762,0.3684523809523809
WATER TEMPERATURE: A measure of the average kinetic energy of the vibration of water molecules.,-0.15,0.39999999999999997
"GRAVITATIONAL FIELD: Pertaining to the measurement, strength, size, etc. of the Earth's gravitational field.",0.0,0.0
STABILITY: The ability of a mineral to remain unaltered over a stated range of pressure and temperature.,0.0,0.0
"SEDIMENT CHEMISTRY: The chemical makeup of silt, sand, rocks, fossils, and other matter carried and deposited by water, wind, or ice.",-0.125,0.375
"NUTRITIONAL CONSTRAINTS: Biological and environmental contrasts between aquatic and terrestrial systems have hindered analyses of community and ecosystem structure across Earth's diverse habitats. Ecological stoichiometry1,2 provides an integrative approach for such analyses, as all organisms are composed of the same major elements (C, N, P) whose balance affects production, nutrient cycling, and food-web dynamics3,4. Here we show both similarities and differences in the C:N:P ratios of primary producers (autotrophs) and invertebrate primary consumers (herbivores) across habitats. Terrestrial food webs are built on an extremely nutrient-poor autotroph base with C:P and C:N ratios higher than in lake particulate matter, although the N:P ratios are nearly identical. Terrestrial herbivores (insects) and their freshwater counterparts (zooplankton) are nutrient-rich and indistinguishable in C:N:P stoichiometry. In both lakes and terrestrial systems, herbivores should have low growth efficiencies (10–30%) when consuming autotrophs with typical carbon-to-nutrient ratios. These stoichiometric constraints on herbivore growth appear to be qualitatively similar and widespread in both environments.",0.017824074074074072,0.40694444444444444
PALEOMAGNETIC DATA: Paleomagnetism is the study of natural remnant magnetization of the Earth's materials in order to determine the itensity and direction of the Earth's magnetic field in the geologic past. Variations in the Earth's magnetic field can be used as a means of stratigraphic correlation. Major reversals of the Earth's magnetic field are well known and the record of these reversals in sediments can be used as time markers or chronostratigraphic horizons.,-0.029166666666666664,0.3833333333333333
"FREEZE/FROST: The condition that exists when, over a widespread area, the surfacetemperature of the air remains  below freezing 0 C (32 F) for a sufficientamount of time to constitute the characteristic feature of the weather. Afreeze is a term used for the condition when vegetation is injured bythese low air temperatures, regardless if frost were deposited.",-0.03333333333333333,0.3833333333333333
SUN-EARTH INTERACTIONS: Sun-Earth Interactions: The effects of the sun's variability are evident in a variety of physical and chemical processes in the upper layers of the earth's atmosphere.,0.08333333333333333,0.13095238095238096
HARDNESS: In mineralogy the property of matter commonly described as the resistance of a substance to being scratched by another substance.,-0.3,0.5
CLOUD INDICATORS: Information about condition of clouds.,0.0,0.0
"VOLCANO PREDICTIONS: Scientific and engineering approach to forecasting catastrophic events, such as volcano eruption.",0.0,0.5
DECOMPOSITION: Action resulting in decay or rotting of organic material.,0.1,0.1
CHEMOSYNTHESIS: The ability of some microorganisms to utilize the chemical energy containedin certain inorganic chemicals such as hydrogen sulfide for the productionof organic material.,0.10714285714285714,0.5357142857142857
"FATTY ACID DESATURASE: Fatty acid desaturases are enzymes that introduce double bonds into fatty acyl chains. They are present in all groups of organisms, i.e., bacteria, fungi, plants and animals, and play a key role in the maintenance of the proper structure and functioning of biological membranes. The desaturases are characterized by the presence of three conserved histidine tracks which are presumed to compose the Fe-binding active centers of the enzymes. Recent findings on the structure and expression of different types of fatty acid desaturase in cyanobacteria, plants and animals are reviewed in this article. Roles of individual desaturases in temperature acclimation and principles of regulation of the desaturase genes are discussed.",-0.07777777777777778,0.3791666666666667
"HYDRAULIC ACTION: A form of erosion caused by the force of moving water currents rushing into a crack in the rockface.It is strong enough to loosen sediment along the river bed and banks. The water compresses the air in the crack, pushing it right to the back.",0.1638095238095238,0.3738095238095238
"WATER SPOUT: In general, any tornado over a body of water.",0.05000000000000002,0.5
SUSPENSION: A heterogeneous fluid containing solid particles that are sufficiently large for sedimentation.,0.07142857142857142,0.20952380952380953
BLOCKING INDEX: Blocking in the southern hemisphere typically occurs at lower,-0.08333333333333333,0.25
latitudes when compared with the northern hemisphere. The index,0.0,0.0
follows Tibaldi et al. (1994).,0.0,0.0
The European blocking index is based on observations of pentad (5-day,0.0,0.0
average) wind over the region 15W to 25E and 35n to 55N. If the pentad,-0.15,0.39999999999999997
"zonal wind equals the climatological value for that time period, the",0.0,0.0
index is zero. If the pentad zonal wind is less than average the index,-0.15833333333333333,0.2333333333333333
"is postive, while the opposite is true if the index is",0.175,0.325
negative. Values close to +/- 1 indicate relatively strong events.,0.06666666666666665,0.5666666666666667
"SEICHES: Pendulum-like rocking of water in an enclosed area; a form of standingwave that can be caused by meteorological or seismic forces, or that mayresult from normal resonances excited by tides.",0.2625,0.7
"SEDIMENTARY STRUCTURES: Sediments arranged in a definite pattern of organizations.Such as cross-beddingproduced by migration of water ripples and dunes, graded bedding, a decrease ingrain sizes going up in the bed that indicates diminishing force with time,etc.",0.0,0.5
WATERSHED SHAPE: The watershed can vary from streams to many various cracks.,0.25,0.5
"DRAINAGE BASINS: An area of land where surface water from rain, melting snow, or ice converges to a single point at a lower elevation, usually the exit of the basin, where the waters join another waterbody, such as a river, lake, reservoir, estuary, wetland, sea, or ocean.",-0.10714285714285714,0.32142857142857145
ATMOSPHERIC CIRCULATION RECONSTRUCTION: Reconstruction of past atmospheric circulation conditions based on paleoclimateproxy records.,-0.08333333333333333,0.08333333333333333
"HYPOCHLOROUS ACID: Hypochlorous acid (HOCL) is a weak, unstable acid.",-0.375,0.625
Hypochlorous acid is also a minor component of the gas-phase inorganic chlorinebudget in the stratosphere. It is formed there largely from reaction of,0.08214285714285713,0.3142857142857143
"hydroperoxyl radicals (HO2) with chlorine monoxide (ClO) radicals, and from thehydrolysis of chlorine nitrate on stratospheric aerosols. It is subject to",-0.16666666666666666,0.3333333333333333
quite rapid photolysis in the sunlit atmosphere.,0.0,0.0
GEOLINKING SERVICE: Service that links geospatial data.,0.0,0.0
"MORAINES: A glacially formed accumulation of unconsolidated glacial debris (soil and rock) which can occur in currently glaciated and formerly glaciated regions, such as those areas acted upon by a past ice age.",-0.0625,0.2875
"CARBON DIOXIDE: A gaseous compound of one carbon atom and two oxygen atoms, CO2. Itis colorless, odorless, incombustible, and is soluble in water. Itsdissolution in seawater is important to understanding the global carboncycle.",0.2,0.5
COOLING DEGREE DAYS: A form of degree-day used to estimate the energy requirements for air conditioning or refrigeration; one cooling degree-day is given for each Fahrenheit degree that the daily mean temperature departs above the base of 24°C (75°F).,-0.278125,0.446875
ICE TEMPERATURE: Measurements of the temperature of the sea ice and surrounding seasurface temperature. These measurements are usually obtained from remotesensing satellites.,-0.25,0.25
SNOW GRAIN SIZE: The size of individual snow grains in micrometers.,0.0,0.4
"AEOLIAN LANDFORMS: Landforms created by the processes of wind erosion or deposition of windweathered surface materials. These include landforms with some of the followinggeomorphic features: sand dunes, deflation hollows, and desert pavement.Alternative spelling 'aeolian landforms.'",0.0,0.0
CLOUD CONDENSATION NUCLEI: Known as CCN: particles that will take up water to form cloud droplets ator above a specified supersaturation of water.,0.0,0.1
"PHYTOPLANKTON: 'Phytoplankton is the plant portion of the plankton, the plant communityin marine and freshwater situations, that floats free in the water andcontains many species of algae and diatoms.",0.45,0.65
NON-METALLIC MINERAL FORMATION: An analysis of non-metallic mineral formation within the solid Earth.,0.0,0.1
SUBSIDENCE AMOUNT: The amount of groundwater that is withdrawn from certain types of rocks.,0.21428571428571427,0.5714285714285714
"MACROCLIMATE: The general large-scale climate of a large area or country, as distinguished from the mesoclimate and microclimate.",0.13214285714285715,0.4642857142857143
WIND DIRECTION: The direction from which the wind is blowing.,0.0,0.0
ENSO PRECIPITATION INDEX: Time series that uses rainfall data in the Tropical Pacific to describe ENSO events.,0.0,0.0
WATER VAPOR PROCESSES: Methods of transport of liquid to and from vapor form.,0.0,0.0
"EVAPOTRANSPIRATION: The combined processes through which water is transferred to the atmosphere from open water and ice surfaces, bare soil, and vegetation that make up the earth's surface.",0.025,0.3
"LAND USE/LAND COVER CLASSIFICATION: Corresponds to the description of areas and the Earth's surface as it relates to areas used for residential, industrial or commercial purposes, for farming or forestry, for recreational or conservation purposes, etc.",0.0,0.0
SKIN TEMPERATURE: Temperature of the top layer of the ice/ocean surface from which thermal radiation emanates.,0.5,0.5
PROFESSIONAL SCIENTIFIC ORGANIZATIONS: Online directories of scientific organizations.,0.1,0.1
"SQUALL: A strong wind characterized by a sudden onset, a duration of the order of minutes, and then a rather sudden decrease in speed.",0.14444444444444443,0.5777777777777778
PYCNOCLINE: The zone of the ocean in which density increases rapidly withdepth. Temperature falls and salinity rises in this zone.,0.0,0.0
"EMISSIONS: With respect to pollution, the discharge of gases or particles from asource such as a smokestack or exhaust pipe into the atmosphere, perhapsresulting in environmental pollution. With respect to radiation, thegeneration and sending out of radiant energy.",0.0,0.5
TEMPORAL SUBSETTING: The process of selecting features of a spatial object based on time and time frequency.  whether or not they in some way relate in space to another object.,0.0,0.0
"CUMULUS CASTELLANUS: (Previously called castellatus.) A cloud species of which at least a fraction of its upper part presents some vertically developed cumuliform protuberances (some of which are taller than they are wide) that give the cloud a crenellated or turreted appearance.This castellanus character is especially evident when the cloud is seen from the side. The cumuliform cloud elements generally have a common base and usually seem to be arranged in lines. The species is found only in the genera cirrus, cirrocumulus, altocumulus, and stratocumulus. Cirrus castellanus differs from cirrocumulus castellanus in that its vertical protuberances subtend an angle of more than 1° when observed at an angle of more than 30° above the horizon. When altocumulus castellanus and stratocumulus castellanus attain a considerable vertical development, they become cumulus congestus and often develop into cumulonimbus. Stratocumulus castellanus should not be confused with stratocumulus pierced by cumulus.",-0.07745098039215687,0.4862745098039216
"HEAT INDEX: The heat index (HI) or “apparent temperature” is an approximation of how hot it “feels” for a given combination of air temperature and relative humidity (RH). Generally, higher RH values at the same temperature feel warmer or more stressful because of less evaporative cooling when people perspire. The HI is the result of extensive biometeorological studies over a period of decades by various researchers, most notably Robert G. Steadman.",0.1712121212121212,0.38409090909090915
APLACOPHORANS: Molluscs deviated from the normal molluscan form with no shell and rudimentary body structure.,0.15,0.6499999999999999
"VISIBLE SNOW DARKENING: Snow darkening is a measure of the potential additional absorption of solar radiation from light-absorbing particles (LAP) such as dust or soot. Units of measure are a fraction or a percent of the visible broadband spectrum, for example from 0.350 to 0.876 um. This value depends on the amount of dust or soot and particle size distribution.",0.0,0.75
"ANIMAL BREEDING AND GENETICS: Any measure related to gene mapping, animal species breeding for hybridor higher value species, breeding for increased production, diseaseresistance, pest resistance, or related genetic measures.",0.08333333333333333,0.43333333333333335
"VOLCANIC DEPOSITS: Volcanic deposits can consist of tephra, which is airborne pyroclastic material. Extremely explosive volcanic eruptions can produce vast quantities of tephra over wide areas. Tephra layers can form regional isochronous stratigraphic markers. Tephrachronology can a very important tool in paleoclimatic studies. Volcanic ash horizons can also be used as chronostratigraphic markers.",0.07375000000000001,0.85
"RELATIVE PERMITTIVITY: The Relative permittivity (or dielectric constant, ε) is a measure of the ease with which a material is polarized by an electric field relative to vacuum. It is defined by the magnitude of the dielectric polarization (dipole moment per unit volume) induced by a unit field. Dielectric constants have no units - they are coefficients that multiply the capacitance with free space (or vacuum) as dielectric.",0.04791666666666666,0.14166666666666666
SPECIFIC GRAVITY: Identified as the density of the rock.,0.0,0.125
WIND DIRECTION TENDENCY: The character and amount of atmospheric wind direction change for a three-hour or other specified period ending at the time of observation.,-0.0625,0.1875
"RIVER/LAKE ICE FREEZE: Refers to freshwater ice or floating freshwater ice, is ice that forms on the surface of freshwater bodies when the surface water temperature falls just below 0˚C. Lake and river ice play a key role in the physical, biological, and chemical processes of cold region freshwater. The presence of freshwater ice also has economic implications ranging from transportation (ice-road duration, open-water shipping season) to the occurrence and severity of ice-jam flooding that often causes serious damage to infrastructure and property.",-0.14666666666666667,0.6019047619047619
"CORAL DEPOSITS: Corals are generally members of the order Scleractinia, which have hardcalcerous skeletons supporting softer tissues. For paleoclimatic studies, theimportant coral subgroup is the reef-building, massive corals known ashermatypic corals. Coral growth rates vary and are sensitive to sea surfacetemperatures (SSTs). Dating coral growth has shown high correspondance betweenlarge excursions of oxygen-18 (del18O) and El Nino Southern Oscillation (ENSO)events. Coral growth studies have led to new information about paleo-SSTs,rainfall, river runoff, ocean circulation, and tropical wind systems.",0.09948051948051949,0.5206493506493507
MADDEN-JULIAN OSCILLATION: In 1971 Roland Madden and Paul Julian stumbled upon a 40-50 day,0.0,0.0
oscillation when analyzing zonal wind anomalies in the tropical,0.0,0.0
Pacific. They used ten years of pressure records at Canton (at 2.8B0 S,0.0,0.0
in the Pacific) and upper level winds at Singapore.,0.0,0.0
The oscillation of surface and upper-level winds was remarkably clear,0.10000000000000002,0.3833333333333333
in Singapore. Until the early 1980's little attention was paid to this,-0.04375,0.4
"oscillation, which became known as the Madden and Julian",0.0,0.0
"Oscillation(MJO), and some scientists questioned its global",0.0,0.0
"significance. Since the 1982-83 El Nino event, low-frequency",0.0,0.0
"variations in the tropics, both on intra-annual (less than a year) and",-0.16666666666666666,0.06666666666666667
"inter-annual (more than a year) timescales, have received much more",0.5,0.5
"attention, and the number of MJO-related publications grew rapidly.",0.0,0.0
SMALL HAIL: Hail with a diameter less than 0.64 cm (0.25 in.).,-0.20833333333333331,0.23333333333333334
"SEA LEVEL CHANGES: Sea levels around the world are rising. Current sea-level rise potentially affects human populations (e.g., those living in coastal regions and on islands) and the natural environment (e.g., marine ecosystems).  Two main factors contributed to observed sea level rise. The first is thermal expansion: as ocean water warms, it expands. The second is from the contribution of land-based ice due to increased melting. The major store of water on land is found in glaciers and ice sheets.",0.05046296296296296,0.3824074074074074
HYDRATION: Pertaining to the process by which water molecules are incorporated into existing crystal structures.,0.0,0.0
DRAINAGE: The pattern followed by the waters of an area as they pass or flow offin surface streams.,0.0,0.0
DRAINAGE AMOUNT: The amount of water being drained from a specified area.,0.0,0.0
"SUPERSATURATION: In meteorology, the condition existing in a given portion of the atmosphere (or other space) when the relative humidity is greater than 100%, that is, when it contains more water vapor than is needed to produce saturation with respect to a plane surface of pure water or pure ice.",0.21726190476190474,0.3958333333333333
GLACIAL RETREAT: A condition occurring when backward melting at the front of a glacier takes place at a rate exceeding forward motion.,0.0,0.0
PALEOCLIMATE RECONSTRUCTIONS: Reconstruction of past climatic conditions using paleoclimate proxy records,-0.25,0.25
"(tree rings, ice cores, etc.)",0.0,0.0
"HEATING DEGREE DAYS: Generally, a measure of the departure of the mean daily temperature from a given standard: one degree-day for each degree (°C or °F) of departure above (or below) the standard during one day.",-0.04374999999999999,0.21458333333333335
"MARSHES: Type of wetland, featuring grasses, rushes, reeds, typhas, sedges, and other herbaceous plants (possibly with low-growing woody plants) in a context of shallow water.",-0.15277777777777776,0.625
SOIL PH: The negative log of Hydrogen ion concentration,-0.3,0.4
PARK: Pertaining to areas of intensive use with much of the land covered by structures,0.2,0.2
"LAMP SHELLS: Phylum Brachiopoda are a group of marine lophotrochozoans with hard shells on upper and lower surfaces, hinged at the rear with a pedicle projecting from one of the valesto keep the animal anchored to the  seabed floor. Two main groups comprise brachiopods, articulate with toothed hinges and simple muscles and inarticulates with untoothed hinges and complex muscles.",-0.085,0.3264285714285714
"PRECIPITATION TRENDS: The trend in precipitation amounts, rates, and frequency over a given time period.",0.0,0.0
"AMPLICON SEQUENCING: Amplicon sequencing is a highly targeted approach that enables researchers to analyze genetic variation in specific genomic regions. The ultra-deep sequencing of PCR products (amplicons) allows efficient variant identification and characterization. This method uses oligonucleotide probes designed to target and capture regions of interest, followed by next-generation sequencing (NGS).",0.08,0.33249999999999996
"SULFATE: The sulfate ion is a polyatomic anion with the empirical formula SO42− and a molecular mass of 96.06 daltons; it consists of a central sulfur atom surrounded by four equivalent oxygen atoms in a tetrahedral arrangement. The sulfate ion carries a negative two charge and is the conjugate base of the bisulfate (or hydrogen sulfate) ion, HSO4−, which is the conjugate base of H2SO4, sulfuric acid. Organic sulfates, such as dimethyl sulfate, are covalent compounds and esters of sulfuric acid.Sulfates occur as microscopic particles (aerosols) resulting from fossil fuel and biomass combustion. They increase the acidity of the atmosphere and form acid rain.",-0.3,0.5416666666666666
TILL PLAINS: An extensive flat plain of glacial till that forms when a sheet of ice becomes detached from the main body of a glacier and melts in place depositing the sediments it carried. A till plain with irregular topography is referred to as a ground moraine.,-0.05738095238095238,0.3011904761904762
"CAVE DEPOSITS: Cave deposits, or speleothems, are mineral formations in caves. While the water flows, the speleothems grow in thin, shiny layers. The amount of growth is an indicator of how much ground water dripped into the cave. Little growth might indicate a drought, just as rapid growth could point to heavy precipitation. When the speleothems stop growing, the outside becomes dirty and eroded in places, giving it a dull appearance. Spelothems can be dated by measuring how much uranium has decayed. Evidence of past climate changes can be inferred from measuring oxygen isotopes in speleothems.",-0.16990740740740742,0.42777777777777776
FIRE DYNAMICS: Describes the physical state of the fire and/or its effect. This may include,0.0,0.14285714285714285
"the time and location, duration, aerial extent, temperature, radiative power,",0.0,0.0
and emission products of the fire event.,0.0,0.0
"FIRE ECOLOGY: Branch of ecology that focuses on the origins of wildfire and theirrelationship to the environment that surrounds it, both living and non-living.",0.0,0.0
SHORTWAVE HEAT FLUX: null,0.0,0.0
HARDNESS: In mineralogy the property of matter commonly described as the resistance of a substance to being scratched by another substance.,-0.3,0.5
SOLAR RADIO WAVE EMISSIONS: Also known as solar radio emissions. Emissions of the sun in radio,0.0,0.0
"wavelengths from centimeters to decameters, under both quiet and disturbed",0.0,0.3333333333333333
conditions.,0.0,0.0
"STRESS: Pertaining to the pressure which builds-up in the Earth's crust due to externalloading, such as from collision of tectonic plates, addition/removal of water,advancing or receding of glaciers, etc.",-0.0625,0.4375
CARBON DIOXIDE PARTIAL PRESSURE: Partial pressure of carbon dioxide at the surface of the sea. C02 at the sea surface that can be measured from ships and other systems as an indicator for ocean acidification.,-0.10833333333333334,0.325
GEOTHERMAL HEAT FLUX: null,0.0,0.0
"TRIBAL LANDS: Areas of land reserved for, managed by, or associated with indigenous peoples or tribal nations.",0.0,0.0
SEASONALLY FROZEN GROUND: Ground that freezes and thaws annually.,0.0,0.0
"SNOW ENERGY BALANCE: Pertaining to the net increase, or decrease in energy due to snow formation, melting, evaporation, etc..",-0.0625,0.1875
"GLACIAL LANDFORMS: 'Glacial landforms' are landforms derived from the erosion and depositioncaused by glaciers and ice sheets, associated meltwater, and the Earth'srheological response.  Such landforms include drumlins, moraines, cirques,fjords, etc.  'Glacial processes' include deposition of sediments and erosionof the Earth's surface by grinding, scouring, and polishing effected by themovement of glacier ice armed with rock fragments frozen into it, together withthe erosive action of meltwater streams.",0.05,0.3
"GLACIATION: A glaciation (a created composite term meaning Glacial Period, referring to the Period or Era of, as well as the process of High Glacial Activity), often called an ice age, is a geological phenomenon in which massive ice sheets form in the Arctic and Antarctic and advance toward the equator. Conversely, the term interglacial or Interglacial Period, such as the current era, is used to denote the absence of large-scale glaciation on a global scale ¿ i.e., a non-Ice Age. Interglacials are, in general, shorter than glacial epochs.",0.028214285714285716,0.42
PALEOSOLS: Paleosols are soils that formed in a landscape of the past with distinctive morphological features resulting from a soil-forming environment that no longer exists at the site.,-0.25,0.25
"RESIDENTIAL ENERGY DEMAND TEMPERATURE INDEX: NOAA’s Residential Energy Demand Temperature Index (REDTI) correlates heating and cooling degree-day datawith population. A hot summer in sparsely populated Wyoming will not have the same impact on energy use as ahot summer in the Mid-Atlantic. June 2010 had the second highest REDTI on record due to especially hottemperatures in the heavily populated South and Southeast regions. The REDTI is measured on a scale of zero to 100, with 100 being the highest population weighted degree day average and zero being the lowest.",-0.03214285714285715,0.4642857142857143
"THAWING INDEX: As used by the U.S. Army Corps of Engineers, the number of Fahrenheit degree- days (above and below 32°F) between the lowest and highest points on the cumulative degree- days time curve for one thawing season.The thawing index determined from air temperatures at 4.5 ft above the ground is commonly designated the air thawing index, while that determined from temperatures immediately below a surface is called the surface thawing index.",-0.09999999999999999,0.2333333333333333
SPECIFIC GRAVITY: Identified as the density of the non-metallic mineral.,0.0,0.125
POTENTIAL EVAPOTRANSPIRATION: Actual amount of water lost to evapotranspiration from the soil–plant continuum by an actively growing plant or crop.,-0.044444444444444446,0.5666666666666668
ATMOSPHERIC TEMPERATURE: A measure of temperature at different levels of the Earth's atmosphere.,0.0,0.3
HEAT FLUX: The measurement of the heat flux or heat loss from open ocean areas withinthe sea ice pack is important for the study of energy balance in the polarregions and local and regional climatology. Heat loss through the openwater is 100 times more than through thick ice.,0.12,0.495
SPECIFIC GRAVITY: Identified as the density of the rock.,0.0,0.125
HARDNESS: In mineralogy the property of matter commonly described as the resistance of a substance to being scratched by another substance.,-0.3,0.5
PRECIPITATION INDICATORS: Information about the conditions of precipitation.,0.0,0.0
"GOES WIND INDEX: A GOES sounder-derived parameter used for estimating the maximum convective wind gusts is the Wind Index (WINDEX). The Wind Index is plotted on regional GOES images (visible, infrared, or water vapor) and made available on the GOES Microburst Products web page.",0.4,0.4
"CROPPING SYSTEMS: Any method of crop/plant management and/or strategy of production,including, but not limited to: no-till, residue management, organic,rotations, rest-rotation grazing, etc....",0.03571428571428571,0.14285714285714285
SOIL CONSISTENCE: The combination of properties of soil material that determine its resistance to crushing and its ability to be molded or changed in shape.,0.4,0.9
SPECIFIC GRAVITY: Identified as the density of the mineral.,0.0,0.125
"URBAN LANDS: Areas that have been altered or obstructed by humans, especially by structures relating to cities.",0.0,0.5
RECESSIONAL MORAINE: Are often observed as a series of transverse ridges running across a valley behind a terminal moraine. They form perpendicular to the lateral moraines that they reside between and are composed of unconsolidated debris deposited by the glacier. They are created during temporary halts in a glacier's retreat.,-0.4,0.7
PACIFIC DECADAL OSCILLATION: Fisheries scientist Steven Hare coined the term 'Pacific Decadal,0.0,0.0
Oscillation' (PDO) in 1996 while researching connections between,0.0,0.0
Alaska salmon production cycles and Pacific climate. PDO has since,0.0,0.0
been described as a long-lived El Nino-like pattern of Pacific,0.0,0.0
climate variability because the two climate oscillations have similar,0.0,0.4
"spatial climate fingerprints, but very different temporal behavior.",0.0,0.78
Two main characteristics distinguish PDO from El Nino/ Southern,0.08333333333333333,0.16666666666666666
"Oscillation (ENSO): first, 20th century PDO 'events' persisted for",0.125,0.16666666666666666
"20-to-30 years, while typical ENSO events persisted for 6 to 18",-0.16666666666666666,0.5
"months; second, the climatic fingerprints of the PDO are most visible",0.25,0.25
"in the North Pacific/North American sector, while secondary signatures",-0.15,0.15
exist in the tropics - the opposite is true for ENSO.,0.175,0.325
Several independent studies find evidence for just two full PDO cycles,0.11666666666666665,0.225
in the past century: 'cool' PDO regimes prevailed from 1890-1924 and,0.04999999999999999,0.45
again from 1947-1976 while'warm' PDO regimes dominated from 1925-1946,0.6,0.6
and from 1977 through (at least) the mid-1990's. Shoshiro Minobe; has,-0.3,0.4
shown that 20th century PDO fluctuations were most energetic in two,0.3333333333333333,0.3333333333333333
"general periodicities, one from 15-to-25 years, and the other from",-0.03749999999999999,0.4375
50-to-70 years.,0.0,0.0
"PERIGLACIAL PROCESSES: Describes a geomorphic process related to freezing of water occur. In its original meaning a periglacial area was at the time in question, the area was not buried by glacial ice but was subject to intense freezing cycles and exhibits permafrost weathering and erosion characteristics.",0.10208333333333333,0.6208333333333333
"ROCK GLACIERS: Distinctive geomorphological landforms of angular rock debris frozen in interstitial ice which may extend outward and downslope from talus cones, glaciers or terminal moraines  of glaciers. There are two types of rock glaciers: periglacial glaciers, or talus-derived glaciers, and glacial rock glaciers.",0.0,0.0
"VENTIFACTS: Rocks  that have been abraded, pitted, etched, grooved, or polished by wind-driven sand or ice crystals. These geomorphic features are most typically found in arid environments where there is little vegetation to interfere with aeolian particle transport, where there are frequently strong winds, and where there is a steady but not overwhelming supply of sand.",0.08263888888888887,0.6222222222222222
"TEMPERATURE PROFILES: The change of air temperature with height above the ground. When the temperature increases with height, the profile is called an inversion profile, or simply an inversion. When the temperature decreases strongly with height, a convective profile may be established.",0.14444444444444443,0.3968253968253968
"SAMOA INDEX: Refers to an environmental vulnerability index for Samoa. Development of a vulnerability index for the environment which could be calculated on the scale of entire states for the purpose of ranking them and providing a single-figure expression of their relative environmental vulnerabilities. This work was done in response to a call made in the Barbados Plan of Action, the Alliance of Small Island States (AOSIS) and an increasing awareness that small island developing states face disadvantages to their development associated with their remoteness, small size, dispersion, economic conditions, and limited natural resources. In the past vulnerability indices have been developed which describe the risks associated with economic and social conditions, climate change, sea-level rise, natural disasters and anthropogenic impacts. Most of these indices describe the vulnerability of human systems; there have been very limited attempts to describe effects on the environment. Human systems and the environment are dependent on one another so that risks to the environment of a state will eventually translate into risks to humans. This is the first attempt to construct an index that focuses on the vulnerability of the environment. An Environmental Vulnerability Index (the EVI) was constructed, based on a theoretical framework that identified three aspects of vulnerability: risks to the environment (natural and anthropogenic), the innate ability of the environment to cope with the risks (resilience) and ecosystem integrity (the health or condition of the environment as a result of past impacts). These three aspects correspond to three sub-indices, the REI, IRI and EDI, which are the Risk Exposure sub-Index, Intrinsic Resilience sub-Index and Environmental Degradation sub- Index respectively. The EVI was calculated as a weighted average of scores allocated in the range of 0-7 derived from a total of 57 indicators. A preliminary EVI was calculated for three countries, Australia, Fiji and Tuvalu. The preliminary EVI value for Tuvalu was the highest of the three countries indicating that its environment is the most vulnerable. The score obtained for Fiji was intermediate in value, and that for Australia was the lowest, though the difference between Fiji and Australia was relatively smaller than that between Fiji and Tuvalu. There were similar levels of risk in each of the countries, the most degradation in Australia and the least intrinsic resilience in Tuvalu. These results, though promising are only preliminary because the EVI requires refinement and there was insufficient time to collect all of the required data from all of the countries and because there were some inconsistencies in the quality of the data. We expect that each of these problems can be overcome. The EVI developed here will require further refinement before it becomes fully operational. The results show that it is possible to obtain a single figure measure of vulnerability and that data which were previously thought to be difficult to obtain can be obtained. The methodology selected in the computation of the index can produce results which could have operational usefulness for ranking countries according to their environmental vulnerabilities. It is envisaged that the EVI would be recalculated every 5 years to provide updates on the vulnerability status of countries. This index highlights the need for governments to upgrade their collection and collation of environmental statistics. In addition, the breakdown of results into meteorological, geological, anthropogenic, and other categories of risk highlights areas of concern for environmental action.",-0.005810657596371882,0.3585600907029478
"GULLY: A landform created by running water eroding sharply into soil, typically on a hillside.",-0.14583333333333331,0.625
HURRICANES (N. ATLANTIC/E. PACIFIC): null,0.0,0.0
SUBTROPICAL STORM MOTION: Change in Subtropical Storm position with respect to time.,0.0,0.0
"CYCADS: Division Cycadophyta. Plants  resembling palms with a ligneous trunk, stiff evergreen pinnate leaves.",-0.21428571428571427,0.5
CLOUD MIDLAYER TEMPERATURE: Atmospheric temperature observed at the middle of a cloud layer.,0.0,0.0
DRAINAGE DIRECTION: Direction in which standing water is removed from am area.,0.0,0.0
DRAINAGE: Pertaining to the process/method that water discharges out of an aquifer.,0.0,0.0
"LAKE LEVELS: Lake level fluctuations can provide important evidence for paleoclimatic conditions, particulary in arid and semiarid areas. Lake levels are particularly sensitive to changes in hydrologic balance due to climatic fluctuations. Lakes may develop and expand if there is an abundance of precipitation and will recede and even dry up (due to evaporation) during prolonged droughts. Lake sediment cores are often drilled to provide stratigraphic clues to past climate conditions.",-0.011111111111111108,0.5833333333333334
"FIRE MODELS: Calculation method that describes a system or process related to fire development, including fire dynamics and the effects of fire.",0.0,0.4
AEROSOL EXTINCTION: Fractional energy removed from incident beam by scattering plusabsorption; wavelength dependent.,0.0,0.0
"MARSHES: Pertaining to the environment of dense grasses (typically salt-tolerant cordgrasses of the genus Spartina) growing on broad, flat coastal areas, characterized by muddy substrate and periodic tidal draining and flooding.",-0.04305555555555555,0.3125
ISOLATION FOREST: Isolation Forest is an unsupervised ML method that is used for anomaly detection.,0.0,0.0
"LAND PRODUCTIVITY: The rate of production, especially of food, by the utilization of solar energy by producer organisms.",0.0,1.0
CARCINOGENS: The measure of water quality based on the presence of carcinogens.,0.0,0.0
"APICULTURE: Any measure related to the science and art of studying and using honey beesfor human benefit.     Includes management systems, products, diseases ofbees, and others.",0.0,0.25
SNOW MELT: Pertaining to the rate and extent of melting snow pack(s).,0.0,0.0
BIOCHEMICAL OXYGEN DEMAND (BOD): The amount of dissolved oxygen needed (i.e. demanded) by aerobic biological organisms to break down organic material present in a given water sample at certain temperature over a specific time period. The BOD value is most commonly expressed in milligrams of oxygen consumed per litre of sample during 5 days of incubation at 20 °C and is often used as a surrogate of the degree of organic pollution of water.,0.04312169312169312,0.3308862433862434
LUSTER: The way light reflects off the surface of a mineral.,0.4,0.7
"FIRST FREEZE/FROST DATE: First frost is first occurrence of 36°F temperature, first freeze was based on the first occurrence of 32°F temperature.",0.25,0.3333333333333333
"PILEUS: 'Appearance: Resembles the top of a mushroom or a smooth cap.Occurrence: Occasional. Found above rapidly growing cumulus or cumulonimbus clouds as a result of warm updrafts formed during a thunderstorm.Conditions: Caused by rapid, relatively strong, upward movements of warm moist air, which acts as a barrier. Air approaching the top of the cloud is forced to move up and around it. The air forced upward, cools and forms the cloud cap.Location: Pileus clouds form in conjunction with strong convective clouds and are associated with the cumulus cloud that lies beneath. These occur in areas with strong heating and lots of moisture close to the ground. This means that they commonly occur over land in areas like the eastern United States and Australia (more likely over the Great Dividing Range and in the northern parts during monsoon season) during spring and summer.  Australian Geographic",0.23888888888888887,0.45972222222222225
HOURLY PRECIPITATION AMOUNT: The amount of precipitation collected and measured per hour at a weather observing site.,0.0,0.0
"BIN/BINNING: A bin is a subset of genomic fragments that are believed to be from the same species in a metagenomic community. Contig binning aims to put the assembled genomic fragments, or contigs, from the same genome into the same bin. The contigs from these bins are then presented as a single collection to form metagenome-assembled genomes (MAGs).",-0.017857142857142856,0.14732142857142858
"SOIL BULK DENSITY: The mass of dry soil per unit of bulk volume,  including the air space.",-0.06666666666666665,0.6
"TOMBOLOS: A deposition landform  in which an island is attached to the mainland by a narrow piece of land such as a spit or bar. Once attached, the island is then known as a tied island. Several islands tied together by bars which rise above the water level is called a tombolo cluster.",-0.05,0.25
TROPICAL NORTH ATLANTIC INDEX: Anomaly of the average of the monthly SST from 5.5N to 23.5N and 15W to 57.5W. GISST and NOAA OI 1x1 datasets are used to create index. Climatology is 1951-2000.,-0.15,0.39999999999999997
"DEGRADATION: The lowering of a fluvial surface, such as a stream bed or floodplain, through erosional processes.",0.0,0.5
"AE INDEX: The AE Index is designed to provide a global, quantitative measure of auroral zone magnetic activity produced by enhanced Ionospheric currents flowing below and within the auroral oval. Ideally, It is the total range of deviation at an instant of time from quiet day values of the horizontal magnetic field (h) around the auroral oval. Defined and developed by Davis and Sugiura [1966], AE has been usefully employed both qualitatively and quantitatively as a correlative index in studies of substorm morphology, the behavior of communication satellites, radio propagation, radio scintillation, and the coupling between the interplanetary magnetic field and the earth's magnetosphere. For these varied uses, AE possesses advantages over other geomagnetic indices or at least shares their advantageous properties.",0.09722222222222222,0.425
"PURCHASING POWER: The ability of consumers to acquire goods and services based on their possession of money and/or their recourse to credit. Aggregate purchasing power within a market or a national economy reflects total disposable income after taxes, and hence the level of employment.",0.0,0.75
"GLACIAL MEASUREMENTS: Refers to the measurement of glaciers including geodetic mass balance, hydrological mass balance, velocity, melting, shape/volume, and monitoring using remote sensing.",-0.1,0.2
ELECTRICAL FIELD: The electric force per unit charge. The direction of the field is taken to be the direction of the force it would exert on a positive test charge. The electric field is radially outward from a positive charge and radially in toward a negative point charge.,0.051515151515151514,0.4969696969696969
COMPOSITION/TEXTURE: An analysis of the composition and texture of igneous rocks within the solid Earth.,0.0,0.1
"OXYGEN ISOTOPE ANALYSIS: A method of determining patterns of climatic change over long periods using the ratio of the stable oxygen isotopes 18O to 16O as an indicator of the amount of water locked up in ice-sheets and thus of global temperature. Sea water contains many isotopes of oxygen, the most common being 18O to 16O. During cold periods the glaciers grow, water is drawn up into them, and the proportion of 18O increases. When the ice-caps melt during periods of warm climate the proportion of 18O decreases. There are two ways of obtaining data about the 16O to 18O ratio, both using measurements made using a mass spectrometer. The first is to use cores from the polar ice-caps which preserve layers of snow ultimately made from sea water. The second is to use the skeletons of foraminifera preserved in ocean-bottom ooze because these marine fossils had the same 16O to 18O ratio as the sea water during the time they were alive. Using this data a series of at least eleven cycles of cooling and warming climatic conditions have been recognized in the northern hemisphere during the Pleistocene.",0.04404761904761904,0.42916666666666675
"VOLCANIC DEPOSITS: Volcanic deposits (including volcanic ash, debris, etc.) are found within icecorerecords. Volcanoes can produce large quantities of particles and leave a recordin the ice. Scanning electron micrographs of the particles from a particularlylarge dust peak in an ice core may reveal that it is from a known volcano andallow a firm date to be placed on that section of core. For prehistoric times,the dust record is a key tool for reconstructing a history of volcanicactivity.",0.0047619047619047545,0.6095238095238095
"ADVECTION FOG: A type of fog caused by the advection of moist air over a cold surface, and the consequent cooling of that air to below its dewpoint.A very common advection fog is that caused by moist air over a cold body of water (sea fog).Sometimes applied to steam fog.",-0.5299999999999999,0.8833333333333333
TERRIGENOUS SEDIMENTS: Sediments composed of material derived from land sources and transported tothe ocean by wind or flowing water.,0.0,0.0
PRECIPITATION: All liquid or solid phase aqueous particles that originate in the atmosphere and fall to the earth's surface.,0.0,0.1
HYDROLOGIC AND TERRESTRIAL WATER CYCLE MODELS: Models that relate to the water cycle and hydrological analysis (chemistry and,0.0,0.1
physics of water) predictions in the Terrestrial Hydrosphere.,0.0,0.1
RECHARGE AMOUNT: Amount of water needed to replenish ground water.,0.0,0.0
SENSOR COUNTS: The raw digital values recorded by the sensor.,-0.11538461538461539,0.23076923076923078
"SOIL PLASTICITY: The degree to which a soil is capable of being	molded or deformed continuously and permanently, by relatively moderate pressure, into various shapes.",0.06666666666666667,0.5333333333333333
"AMMONIUM AEROSOLS: Atmospheric ammonia (NH3) is an important component of the global nitrogen cycle [Galloway and Cowling, 2002; Galloway et al., 2008; Sutton et al., 2007, 2008; Erisman et al., 2008, 2013; Fowler et al., 2013, 2015]. In the troposphere ammonia reacts rapidly with acids such as sulfuric (H2SO4), nitric (HNO3) to form fine particulate matter (PM2.5) [Malm et al., 2004]. These ammonium (NH4+) containing aerosols affect Earth's radiative balance, both directly by scattering incoming radiation [Adams et al., 2001; Martin et al., 2004; Henze et al., 2012] and indirectly as cloud condensation nuclei [Abbatt et al., 2006]. PM2.5 endangers public health by penetrating the human respiratory systems, depositing in the lungs and alveolar regions [Pope et al., 2002], and causing premature mortality [Lelieveld et al., 2015]. A precursor of these inorganic aerosols, gaseous NH3 is often the limiting species in their formation [Wang et al., 2013; Lelieveld et al., 2015]. Excess reactive nitrogen reduces biodiversity and causes harmful algal blooms and anoxic conditions. Dry deposition of gaseous ammonia may have substantially greater adverse impacts on ecosystem health than deposition of ammonium in aerosols or precipitation [Sheppard et al., 2011]. In contrast, PM2.5 has greater impact on human morbidity and mortality. In this article we quantify recent (~14 year) increases in tropospheric ammonia and suggest likely causes for these trends.",0.13214285714285715,0.39404761904761904
AIT: A small island. It is especially used to refer to islands found on the River Thames and its tributaries in England.,-0.125,0.7
"DEGRADATION: The general lowering of the surface of the land by erosive processes, especially by the removal of material through erosion and transportation by flowing water.",0.02500000000000001,0.75
WESTERN HEMISPHERE WARM POOL: Monthly anomaly of the ocean surface area warmer than 28.5°C in the Atlantic and eastern North Pacific. Climatology is 1951-2000.,0.3,0.3
WAVE EROSION: The power of the wave is generated by the fetch. Waves erode cliffs by abrasion/corrasion and hydraulic pressure.,0.0,0.0
SNOW VOLUME BUDGET: null,0.0,0.0
CROPLAND: Pertaining to areas used for the production of adapted crops for harvest.,0.0,0.0
GLACIER MASS BALANCE/ICE SHEET MASS BALANCE: Mass balance describes the net gain or loss of snow and ice through a given year. It is usually expressed in terms of water gain or loss.,-0.125,0.125
"SOLAR IRRADIANCE: Solar irradiance at the top of the atmosphere on a plane normal to theincident¿radiation, and at the mean distance of the Earth from the Sun. Solarirradiance¿is also referred to as the solar constant. In satellite remotesensing, the¿solar irradiance is used as an onboard calibration of visible bandsensors.¿Some climate studies suggest that small variations in the solarirradiance¿associated with solar activity over days to decades may have aneffect the¿Earth's climate.¿",0.017500000000000005,0.5141666666666667
"The intensity of the sun's radiation at different wavelengths. The radiation isgenerally given in terms of solar constant \ S, defined in terms of flux oftotal radiation received outside the earth's atmosphere per unit area at meansun earth distance., and has the value S = 1.34 X 10*6 ergs cm*-2  sec*-1.",0.0,0.3277777777777778
TEMPERATURE VARIABILITY: The temperature range occurring within a short time span at a given location.,0.0,0.3
"BORA WINDS: A fall wind with a source so cold that, when the air reaches the lowlands or coast, the dynamic warming is insufficient to raise the air temperature to the normal level for the region; hence it appears as a cold wind.",-0.26249999999999996,0.7041666666666666
"AEROSOL ABSORPTION: Absorbing aerosols refer to those aerosols that absorb light, whereby they both reduce the amount of sunlight reaching the surface (direct effect) and heat their surroundings.",0.23333333333333336,0.6833333333333332
"DEGRADATION: The lowering of a fluvial surface, such as a stream bed or floodplain, through erosional processes.",0.0,0.5
"KARMAN VORTEX STREET: (Also called Kármán vortex street, vortex trail, vortex train.) Two parallel rows of alternately placed vortices along the wake of an obstacle in a fluid of moderate Reynolds number.Fluid drag can be calculated from the motion of these vortices, which are stable only for a certain ratio of the width of the street to the distance between vortices along the street.",-0.07946428571428571,0.4302827380952381
"CONDUCTION: Conduction is the transfer of energy within and through a conductor.In oceanography, the rate of heat gain or loss through the sea surfaceby conduction can be measured.",0.0,0.0
ANISOTROPY: Anisotropy is the characteristic of a surface for which a physical,-0.03333333333333333,0.30476190476190473
"property, such as reflectivity, varies in value with the direction in or",0.0,0.5
along which the measurement is made.,0.0,0.0
"NITRATE PARTICLES: Atmospheric aerosol particles derived from biogenic or anthropogenicnitrate emissions; comprised of nitrate compounds (e.g., ammonia,NOx).",0.0,0.0
"OUTWASH FANS/PLAINS: An outwash fan is a fan-shaped body of sediments deposited by braided streams from a melting glacier. Sediment locked within the ice of the glacier, gets transported by the streams of meltwater, and deposits on the outwash plain, at the terminus of the glacier.",-0.21428571428571427,0.35714285714285715
SOLAR PROMINENCES/SOLAR FILAMENTS: A term identifying cloud-like features in the solar atmosphere. The,0.0,0.0
features appear as bright structures in the corona above the solar limb,0.35000000000000003,0.44999999999999996
and as dark filaments when seen projected against the solar disk.,-0.15,0.4
"Solar filaments are also known as prominences, can appear as arcs andproperties can vary with the solar cycle.",0.0,0.0
INTRUSION RATE: The speed at which seawater moves into the fresh water aquifer within certain time period.,0.2571428571428571,0.5357142857142857
CANOPY TRANSMITTANCE: Measurement of the light received at a photo cell in the canopy of vegetation placed at fixed distances from a light source.,0.3,0.5333333333333333
"SALTWATER INTRUSION: The intrusion of saline marine water into fresh groundwater supplies along coasts, often due to the extraction of fresh groundwater for human consumption.",0.11875,0.36875
SOLAR OSCILLATIONS: The surface of the sun oscillates in certain modes defined by the,0.21428571428571427,0.5714285714285714
number¿of latitudinal and longitudinal modal planes. The sun vibrates,0.0,0.0
"in¿multiple modes simultaneously, each mode typically having a",-0.16666666666666666,0.5
different¿amplitude. Observing the amplitudes of the various solar,0.0,0.5
oscillation¿modes is a way to look inside the sun. A commonly observed,-0.3,0.5
"phenomena is the¿'5-minute' oscillation, but other periods have been",-0.125,0.375
observed from 10 to 160¿minutes on the long period scale to about 10,-0.05,0.4
seconds on the short period¿scale. Also observed are so-called 'g-mode',0.0,0.3
oscillations (internal gravity¿waves) generated by turbulent convection,0.0,0.0
below the photosphere.¿These oscillations are the result of internal motions ofthe sun and their study is known as helioseismology.,0.0,0.0
"ORGANIC PARTICLES: Aerosol particles consisting predominantly of organic compounds, mainly C,H, O, and lesser amounts of other elements: may be biogenic oranthropogenic; primary or secondary; some organic compounds in aerosolsmay exhibit substantial light absorption.",0.09027777777777779,0.45138888888888884
CYCLONES (SW INDIAN): null,0.0,0.0
FLOODING: An overflow of an expanse of water that submerges land.,0.0,0.0
CORONA HOLES: An extended region in the solar corona where the density and temperature arelower than other places in the corona. The weak diverging and open magneticfield lines in coronal holes extend radially outward and do not immediatelyreturn to the sun. The high speed part of the solar wind comes from coronalholes.,-0.08499999999999999,0.51
"Reference: the Cambridge Encyclopedia of the Sun, The Cambridge UniversityPress,",0.0,0.0
"Cambridge, CB2, 2RU, UK, 2001.",0.0,0.0
"DEPOSITION: In aerosol physics, deposition is the process by which aerosol particles collect or deposit themselves on solid surfaces, decreasing the concentration of the particles in the air. It can be divided into two sub-processes: dry and wet deposition. Deposition has large impact on surface aerosol concentration, which is crucial to air pollution, and impact on the ambient concentration which is important to radiation.",0.0746031746031746,0.5880952380952381
"ROUNDWORMS: Roundworms are mostly worm-like and unsegmented, with an external cuticle,a pseudocoelom between body wall and gut, an anus and complex nervoussystem but not circulatory system.  They are mostly free living bottomdwellers in marine and freshwater environments and in the soil.",0.15000000000000002,0.45
DECISION TREE: A type of supervised learning that uses a predictive modeling approach to ask additional questions of the data based on the answer to earlier questions.,0.0,0.5
"TRACE ELEMENTS/TRACE METALS: Trace elements are elements that occur in minute quantities. Trace elementscan include copper, silicon, cobalt, iron, zinc, iodine, and manganese.",0.0,0.0
AEROSOL FORWARD SCATTER: null,0.0,0.0
SUBLIMATION: null,0.0,0.0
PUPFISHES: Phylum Chordata. Class Actinopterygii. Order Cyprinodontiformes. Pupfish are ray-finned fish similar to minnows but distinguished by small mouths with teeth and typically found in extreme aquatic habitats.,-0.13541666666666666,0.575
ELECTRICAL INTENSITY: The ratio of the electrostatic force exerted on a body to the charge on the body.,0.0,0.0
HIGHER MAXIMUM DAYTIME TEMPERATURES: Refers to the highest daytime temperature reported for a given location during a given period.,0.25,0.5
SUNSPOTS: An area seen as a dark spot on the PHOTOSPHERE of the sun.  Sunspots,-0.15,0.4
"are concentrations of magnetic flux, typically occurring in bipolar",-0.16666666666666666,0.5
clusters or groups.  They appear dark because they are cooler than the,-0.15,0.4
surrounding photosphere. Sunspots are classified as to their group,0.0,0.0
characteristics (called the Zurich Sunspot Classification; older sunspot,0.16666666666666666,0.3333333333333333
counting schemes may have used the Wolf Sunspot Number classification).,0.0,0.0
Satellite observations of the sun (notably by the ACRIM and ERBE sensors),0.5,0.5
have demonstrated a correlation between sunspot luminosity changes and,0.0,0.0
sunspot numbers - a possible influencing factor in Earth's climate,0.0,1.0
dynamics.,0.0,0.0
"GLACIER ELEVATION/ICE SHEET ELEVATION: Pertaining to the measured height of large thick, glaciers, with an area ofat least 50,000 sq. km, covering a continuous stretch of land and growingin all directions.",-0.1285714285714286,0.4345238095238095
"AGRICULTURAL LANDS: Areas that are used for farming, including ranching, or land that has biophysical attributes that make it suitable for agricultural use.",0.55,0.75
GLACIER/ICE SHEET THICKNESS: The difference in height between two levels in the glacier or ice sheet.,0.0,0.0
"DEGRADATION: The lowering of a fluvial surface, such as a stream bed or floodplain, through erosional processes.",0.0,0.5
"CORONAL MASS EJECTIONS: Coronal mass ejection (CME) is a huge cloud of hot plasma, occasionallyexpelled from the Sun. It may accelerate ions and electrons and may travelthrough interplanetary space as far as the Earth¿s orbit and beyond it, oftenpreceded by a shock front. When the shock reaches Earth, a magnetic storm mayresult.",0.25000000000000006,0.9166666666666666
AEROSOL RADIANCE: Electromagnetic radiation received (primarily by spacecraft) as scattered,0.4,0.5
from aerosols. Usually a term used in ocean color remote sensing to,-0.175,0.225
measure radiance from marine aerosols.,0.0,0.0
"AEROSOL OPTICAL DEPTH/THICKNESS: The degree to which Aerosols prevent light from passing through. Opticaldepth/thickness depends upon the physical constitution ,the form, and theconcentration of particles.",0.2,0.4214285714285714
SEVERE CYCLONIC STORMS (N. INDIAN): null,0.0,0.0
"CARBONACEOUS AEROSOLS: Aerosols consisting predominantly of organic substances and various formsof black carbon; may be biogenic or anthropogenic, primary or secondary.",-0.016666666666666656,0.43333333333333335
GLACIER MOTION/ICE SHEET MOTION: The rate of flow of the glacier/ice sheet over a period of time.,0.0,0.0
INFRARED WAVELENGTHS: The portion of the electromagnetic spectrum lying between the extreme of,-0.125,1.0
the visible wavelengths and the shortest microwaves (approximately 0.70 to,-0.4,0.6
"100 micrometers, respectively).",0.0,0.1
"GLACIER FACIES: In general, facies are the set of all characteristics of a sedimetary rock thatindicates its particular environment of deposition and which distinguish itfrom other facies in the same rock. Glacial facies refer to the characteristicnature of glacial ice and/or the processes by which the ice formed andprocesses by which rock debris from the bed is entrained into the ice.",0.02291666666666667,0.3333333333333333
"PARTICULATE MATTER (PM 1.0): A type of air pollution that is made up of particles that are less than 1 micron in size. PM1 is particularly dangerous because of its small size, which allows it to penetrate lung tissue and enter the bloodstream.",-0.33888888888888885,0.45555555555555555
SUN-EARTH INTERACTIONS: Sun-Earth Interactions refer to the effects of the sun's variability are evident in a variety of physical and chemical processes in the upper layers of the earth's atmosphere.,0.08333333333333333,0.13095238095238096
ATMOSPHERIC CHEMISTRY MODELS: (A numerical representation of) the chemical constituents of Earth's,-0.375,0.5
"atmosphere, and the roles they play in influencing the atmosphere's",0.0,0.0
"temperature, radiation, and dynamics.",0.0,0.0
CLEAVAGE: Breakage of a mineral along a flat plane of weakness.,-0.025,0.125
"BIRTH RATE DECLINE/INCREASE: Refers to the decline and increase of the birth rate. Birth rate, also known as natality, is the total number of live human births per 1,000 population for a given period divided by the length of the period in years.",0.04545454545454545,0.45
"SEA ICE AGE: The age of the sea ice is usually a distinction between first-yearand multiyear ice. Multiyear sea ice is usually thicker, has more ridges,and can be more of a hinderance to ship travel than first-year ice.Microwave remote sensing studies have shown that first-year sea ice has ahigher emissivity at the 1.55 cm wavelength than multiyear ice, thusmaking it possible to distinguish between different ice ages fromsatellites. Ice age can also be qualitatively determined using visible,infrared and radar wavelengths from satellites.",0.05714285714285715,0.4714285714285715
TRANSPORTATION: The roads and equipment necessary for the movement of goods or passengers.,0.0,1.0
"RADIOACTIVE ELEMENTS: An element with an unstable nucleus, which radiates alpha, beta or gamma radiation and gets converted to a stable element.",0.0,0.0
"LANDSCAPE MANAGEMENT: The identification, assessment, design, and manipulation of features or values of a landscape.",0.0,0.0
Finite Time Lyapunov Exponent: The Finite-Time Lyapunov Exponent (FTLE) is a well-established numerical tool for assessing stretching rates of initial parcels of fluid. FTLE is referenced as part of the Global multi-scale Eulerian and Lagrangian oceanic 2 environmental variables for the period 2000-2009.,0.0,0.03333333333333333
SEA SURFACE HEIGHT ANOMALY (SSHA): Difference of sea surface height and mean sea surface. Sea surface height may be corrected using models for effects such as tides and atmospheric forcing,-0.10416666666666667,0.3958333333333333
REEF: The coral reef habitat is a unique shallow water community of organisms living on limestone rock that was built by some of the reef organisms.,0.020833333333333343,0.75
FLIGHT LEVEL WINDS: Winds experienced by an aircraft during flight level at any altitude.,0.8,0.9
"DISSOLVED GASES: Elements or compounds of gaseous form, dissolved in seawater. When keyed ina DIF, they do not typically include carbon dioxide, oxygen, nitrogen, ornitrous oxide, since these are their own variables.",0.3416666666666667,0.75
SPOROZOANS: Sporozoans are one of four categories of protozoans. Sporozoan is aninformal name for parasitic protistans that complete part of the lifecycle inside specific cells of host organisms.  Many sporozoans causehuman diseases.  Plasmodium causes malaria while Cryptosporidium strainswhich contaminate many water supplies can cause serious intestinaldisorders.,0.15333333333333338,0.4383333333333333
"TRENCHES: Trenches are long, deep (6,000-11,000m/20,000-36,000ft), and narrow depressionof the sea floor with relatively steep sides, associated with a subductionzone. The deepest of all ocean trenches, is the Mariana Trench (11,020 m/36,000ft).",-0.0625,0.30000000000000004
CHLOROPHYLL: Chlorophyll is the green pigment in plants responsible for absorbing the light energy required for photosynthesis.,0.15000000000000002,0.625
"STABLE ISOTOPES: Any non-radioactive form of a chemical element, having the same atomicweight as that element (i.e. same number of protons), but a differentnumber of neutrons.",0.0,0.125
ICE CORE AIR BUBBLES: Trapped gases in ice-core bubbles are highly reliable records of atmosphericcomposition in reconstructing past climates.,-0.09666666666666668,0.2633333333333333
AQUIFER DEPTH: The depth of the saturated rock through which water can easily move.,0.43333333333333335,0.8333333333333334
"ENSEMBLE MODELS: A modeling process where multiple diverse models are created to predict an outcome, either by using many different modeling algorithms or using different training data sets.",0.125,0.42500000000000004
"DROUGHT: Drought should be considered relative to some long-term average condition ofbalance between precipitation and evapotranspiration (ET) in a particular area,a condition often perceived as 'normal.' Common to all types of drought is the",-0.026666666666666665,0.37666666666666665
"fact that they originate from a deficiency of precipitation that results inwater shortage for some activity or for some group. It is also commonlyrecognized that other meteorological elements, such as temperature, wind, and",-0.0625,0.4375
"relative humidity, may aggravate the severity and impacts of drought in someinstances. <BR><BR>",0.0,0.0
A Drought Advisory may report on drought occurring in a particular region.,0.16666666666666666,0.3333333333333333
"HALONS: Halon: a compound consisting of bromine, fluorine, and carbonHalons are used as fire extinguishing agents, both in built-in systems and in handheld portable fire extinguishers. Halon production in the U.S. ended on December 31, 1993, because they contribute to ozone depletion. They cause ozone depletion because they contain bromine. Bromine is many times more effective at destroying ozone than chlorine. At the time the current U.S. tax code was adopted, the ozone depletion potentials of halon 1301 and halon 1211 were observed to be 10 and 3, respectively. These values are used for tax calculations. Recent scientific studies, however, indicate that the ODPs are at least 12 and 6, respectively. Note: technically, all compounds containing carbon and fluorine and/or chlorine are halons, but in the context of the Clean Air Act, 'halon' means a fire extinguishing agent as described above. A table of class I substances (http://www.epa.gov/ozone/science/ods/classone.html) shows their ODPs, GWPs, and CAS numbers. Halons are numbered according to a standard scheme.",0.11282051282051284,0.3038461538461539
"LONGITUDINAL/LINEAR DUNE: Elongate parallel to the prevailing wind, possibly caused by a larger dune having its smaller sides blown away. Seif dunes are sharp-crested and are common in the Sahara. They range up to 300 m (980 ft) in height and 300 km (190 mi) in length.",-0.06,0.5
LAVA DOME: Roughly circular mound-shaped protrusion resulting from the slow extrusion of viscous lava from a volcano. The geochemistry of lava domes can vary from basalt to rhyolite although most preserved domes tend to have high silica content.,0.065,0.45999999999999996
AQUIFER RECHARGE: The processes involved in the replenishment of water to the zone ofsaturation.,0.0,0.0
INUNDATION FREQUENCY: Number of times a surface is covered with water in a single period.,-0.07142857142857142,0.21428571428571427
"MICROFOSSIL: Microfossils are the tiny remains of bacteria, protists, fungi, animals, and plants. Microfossils are a heterogeneous bunch of fossil remains studied as a single discipline because rock samples must be processed in certain ways to remove them and microscopes must be used to study them. Thus, microfossils, unlike other kinds of fossils, are not grouped according to their relationships to one another, but only because of their generally small size and methods of study. For example, fossils of bacteria, foraminifera, diatoms, very small invertebrate shells or skeletons, pollen, and tiny bones and teeth of large vertebrates, among others, can be called microfossils. But it is an unnatural grouping. Nevertheless, this utilitarian subdivision of paleontology, first recognized in 1883, is very significant in geology, paleontology, and biology. Microfossils have many applications to petroleum geology (Fleisher and Lane, in press, Ventress, 1991, LeRoy, 1977). The two most common uses are: biostratigraphy and paleoenvironmental analyses. Biostratigraphy is the differentiation of rock units based upon the fossils which they contain. Paleoenvironmental analysis is the interpretation of the depositional environment in which the rock unit formed, based upon the fossils found within the unit. There are many other uses of fossils besides these, including: paleoclimatology, biogeography, and thermal maturation.",0.09185267857142858,0.5136011904761905
ICE GROWTH/MELT: null,0.0,0.0
CLOUD EMISSIVITY: The (dimensionless) ratio of the radiant energy emittance of asubstance (clouds) to the ideal emittance of an ideal (blackbody) radiatorat that same temperature.,0.6,0.7083333333333334
"VECTOR LABEL: Vector labels are a type of label created with a point, line, or polygon to identify a data feature or attribute in a machine learning workflow.",0.0,0.0
"SOLAR FLUX: Refers to the intensity of energy emitted by the Sun, which can be harnessed for various applications such as solar sails, solar thermal propulsion, and electric power generation. The flux decreases as the distance from the Sun increases, following the inverse square law.",0.0,0.3666666666666667
LABELS: Labels are target variables in a machine learning workflow and part of the training dataset.,0.0,0.0
CLOUD RADIATIVE FORCING: The effect that clouds have on the global radiation budget.,0.0,0.0
"GEOTHERMAL ENERGY: Heat transferred from the earth's molten core to under-ground deposits of dry steam (steam with no water droplets), wet steam (a mixture of steam and water droplets), hot water, or rocks lying fairly close to the earth's surface.",0.19583333333333333,0.6875
"SEALS/SEA LIONS/WALRUSES: Phylum Chordata. Class Mammalia. Order Carnivora. Pinnipeds are widely distributed carnivorous, fin-footed, marine mammals. Seals are eared and use well developed fore-flippers for swimming and walking. Sea lions have external ear flaps. Walruses are characterized by their tusks and whiskers.",0.0,0.26666666666666666
SOLAR FORCING/INSOLATION RECONSTRUCTION: Reconstruction of past solar forcing and insolation based on paleoclimate proxyrecords.,-0.25,0.25
"ICE VELOCITY: Pertaining to the rate at which ice formations (glaciers, ice sheets, etc.)are moving.",0.0,0.0
"CARBON DIOXIDE: A minor but very important component of the atmosphere, carbon dioxide trapsinfrared radiation. Atmospheric CO2 has increased about 25 percent since theearly 1800s, with an estimated increase of 10 percent since 1958 (burningfossil fuels is the leading cause of increased CO2, deforestation the secondmajor cause). The increased amounts of CO2 in the atmosphere enhance thegreenhouse effect, blocking heat from escaping into space and contributing tothe warming of Earth's lower atmosphere. (Earth Observatory)",0.15666666666666668,0.39999999999999997
"The most direct method for measuring atmospheric carbon dioxide concentrationsfor periods before direct sampling is to measure bubbles of air (fluid or gasinclusions) trapped in the Antarctic or Greenland ice caps. The most widelyaccepted of such studies come from a variety of Antarctic cores and indicatethat atmospheric CO2 levels were about 260¿280uL/L immediately beforeindustrial emissions began and did not vary much from this level during thepreceding 10,000 years.",0.12,0.26000000000000006
"The longest ice core record comes from Vostok, Antarctica, where ice has beensampled to a depth of 3,600 meters, corresponding to an age of 420,000 yearsbefore the present. During this time, the atmospheric carbon dioxideconcentration has varied between 180¿210 uL/L during ice ages, increasing to280¿300 uL/L during warmerinterglacials.(http://www.nationmaster.com/encyclopedia/Carbon-dioxide)",0.0,0.0
"INLETS: A narrow body of water between islands or leading inland from a larger body of water, often leading to an enclosed body of water, such as a sound, bay, lagoon or marsh. In sea coasts an inlet usually refers to the actual connection between a bay and the ocean and is often called an 'entrance' or a recession in the shore of a sea, lake or river.",-0.008333333333333331,0.35833333333333334
"CATTLE/SHEEP: Phylum Chordata. Class Mammalia. Order Artiodactyla. Family Bovidae. Cattle, commonly called cows, are large quadrupedal animals with odd-toed ungulate ruminants with cloven hooves",-0.04285714285714286,0.4642857142857143
"VULNERABILITY LEVELS/INDEX: A measurement of the level of vulnerability of a given area or environment. The level of vulnerability is determined by physical, social, economic, and environmental factors or processes, which increase the susceptibility of a community to the impact of hazards.",0.07777777777777778,0.1365079365079365
HUMAN HEALTH ADVISORIES: A report regarding the current state of human physical and mental well-being.,-0.02,0.18857142857142856
RASTER LABEL: Raster labels are a type of label that masks pixels in raster data in order to identify a data feature or attribute in a machine learning workflow.,0.0,0.0
"WATER VAPOR FLUX: Flow of  Water Vapor across an area per unit time, for 'water vapor flux' units of kg/m^2/s",0.0,0.0
"ATTRITION/WEATHERING: A form of coastal or river erosion, when the bed load is eroded by itself. As rocks are transported downstream along a riverbed (by a mixture of rolling, sliding and saltating), the regular impacts between them cause them to be broken up into smaller fragments. This process also makes them rounder and smoother. Attrition can also occur in glaciated regions, where it is caused by the movement of ice with embedded boulders over surface sediments.",-0.13333333333333333,0.32564102564102565
SEA ICE AREA: null,0.0,0.0
"CODS/HADDOCKS: Phylum Chordata. Class Actinopterygii. Order Gadiformes. Family Gadidae. Commonly called cods or haddock, are small commercially important fishes characterized by three dorsal fins, two anal fins, no fin spines, forward pectoral fins, even tail fins and protruding lower jaw.",-0.05000000000000001,0.6333333333333333
HYDROCARBONS: Organic compounds composed entirely of carbon and hydrogen atoms.,0.0,0.625
EUTROPHICATION: Eutrophication is the accumulation of nutrients in a lake or pond due to human intervention (cultural eutrophication) or natural causes (natural eutrophication).,0.035,0.275
SEA ICE VOLUME: null,0.0,0.0
ENERGY DEPOSITION: The energy deposited into the atmosphere from ionization of atmospheric,0.0,0.0
"gases, as well as excitation of photometric and x-ray emissions.  The",0.0,0.0
ionospheric effects resulting from the energy deposition by incident particle,0.0,0.0
fluxes include:,0.0,0.0
- production of secondary electrons (ionization),-0.3,0.3
- enhanced steady-state electron density,0.0,0.0
- photometric emissions,0.0,0.0
- bremsstrahlung x-rays,0.0,0.0
- conductivity changes,0.0,0.0
- E-region horizontal currents,0.0,0.0
"- plasma heating(collisional, Joule heating)",0.0,0.0
- magnetic field perturbations,0.0,0.0
SEVERE CYCLONIC STORMS (N. INDIAN): null,0.0,0.0
LAVA DOME: Roughly circular mound-shaped protrusion resulting from the slow extrusion of viscous lava from a volcano. The geochemistry of lava domes can vary from basalt to rhyolite although most preserved domes tend to have high silica content.,0.065,0.45999999999999996
"MACROFAUNA: 'Macrobiota' is a general term for the larger soil organisms. Macrofauna, inparticular, refers to burrowing vertebrate animals, but may include largerinsects and earhworms.",0.02500000000000001,0.5
CARNIVORES: A species that eats meat and flesh of animals,0.0,0.0
OCEAN SALINITY RECONSTRUCTION: Reconstruction of past ocean salinity based on paleoclimate proxy records.,-0.25,0.25
SEVERE TROPICAL CYCLONES (SW PACIFIC/SE INDIAN): null,0.0,0.0
"ARROW WORMS: Common name for Chaetognaths. Marine worms with a bilaterally symmetrical, mostly transparent soft body.",0.10000000000000002,0.45
BASE FLOW: The portion of stream flow that is not runoff and results from seepage of water from the ground into a channel slowly over time. The primary source of running water in a stream during dry weather.,-0.19166666666666668,0.625
"SEA SURFACE HEIGHT: The height of the ocean surface above a datum, such as a vertical datumfor sea level measurements, or a reference ellipsoid for satellitealtimetric measurements.",0.0,0.3
STREAMFLOW RECONSTRUCTION: Reconstruction of past streamflow conditions based on paleoclimate proxy,-0.25,0.25
records (related to drought/precipitation records).,0.0,0.4
"BROWN ALGAE: Phylum Ochrophyta. Class Phaeophyceae, brown algae, are distinguished by chloroplasts with four membranes, fucoxanthin pigment and are heterokonts that develop into forms with differentiated tissues.",0.0,0.0
"DISEASE/EPIDEMIC: A report pertaining information on the presence and rapid/extensive spread of a pathological condition of a part, organ, or system of an organism resulting from various causes, such as infection, genetic defect, or environmental stress, which is characterized by an identifiable group of signs or symptoms.",0.03333333333333333,0.5
"POTASSIUM: Measure of any form of Potassium (such as K2O), a macro-nutrient, in the soil.",0.0,0.5
ULTRAVIOLET SENSOR TEMPERATURE: Definition unavailable.,0.0,0.0
"HEAVY METALS: Those metals which have densities >5.0 Mg m-3. In soils these include the elements Cd, Co, Cr, Cu, Fe, Hg, Mn, Mo, Ni, Pb, and Zn.",-0.2,0.5
"TALIK: Talik, also called tabetisol, is a Russian term applied to permanently unfrozenground in regions of permafrost. <p>This usually applies to a layer that lies above the permafrost but below theactive layer, that is, when the permafrost table is deeper than the depthreached by winter freezing from the surface. Talik is also found within andbeneath permafrost; when it occurs beneath the permafrost it is equivalent tosubgelisol.",-0.08333333333333333,0.11666666666666665
LAND SURFACE: Refers to the surface area and features on the surface of the Earth.,0.0,0.0
ELECTRICAL CONDUCTIVITY: A measure of ease with which a conduction current can be caused to flow through a soil under the influence of an applied electric field.,0.0,0.4
"STAR DUNE: Radially symmetrical, star dunes are pyramidal sand mounds with slipfaces on three or more arms that radiate from the high center of the mound. They tend to accumulate in areas with multidirectional wind regimes. Star dunes grow upward rather than laterally. They dominate the Grand Erg Oriental of the Sahara. In other deserts, they occur around the margins of the sand seas, particularly near topographic barriers. In the southeast Badain Jaran Desert of China, the star dunes are up to 500 metres tall and may be the tallest dunes on Earth.",0.17250000000000001,0.48583333333333334
CLOUD REFLECTANCE: Ratio of the intensity of reflected radiation to that of the incident,0.0,0.0
radiation on a cloud.,0.0,0.0
SOIL DEPTH: A measure from the surface to the bottom of the soil profile.,0.0,0.0
"SULFUR: Measure of any form of Sulfur, a macronutrient, in the soil.",0.0,0.0
ENERGY OUTPUT: The amount of heat output from a geothermal energy source.,0.0,0.0
HURRICANES (N. ATLANTIC/E. PACIFIC): null,0.0,0.0
"EMISSION: When a cloud absorbs longwave radiation emitted by the Earth's surface, the cloud reemits a portion of the energy to outer space (emission) and a portion back toward the surface.",0.0,0.0
"PETROLEUM: Petroleum is a naturally occurring flammable liquid consisting of a complex mixture of hydrocarbons of various molecular weights and other liquid organic compounds, that are found in geologic formations beneath the Earth's surface. The name Petroleum covers both naturally occurring unprocessed crude oils and petroleum products that are made up of refined crude oil.",-0.21562499999999998,0.5218750000000001
"MINERALOIDS: A naturally occurring, usually inorganic substance that is not considered to be a mineral because it is amorphous and lacks a periodically repeating arrangement of atoms, e.g. opal.",-0.075,0.325
OYSTER REEF: Pertaining to a reef formed of shells from successive generations of oysters.,0.0,0.0
"SOIL EROSION: The wearing away of the land surface by rain or irrigation water, wind,ice, or other natural or anthropogenic agents that abrade, detach and removegeologic parent material or soil from one point on the earth's surface anddeposit it elsewhere, including such processes as gravitational creep andso-called tillage erosion; The detachment and movement of soil or rock bywater, wind, ice, or gravity.",-0.008333333333333331,0.425
GROUND ICE: A general term referring to all types of ice contained in freezing and frozen,0.05000000000000002,0.5
"ground. Ground ice occurs in pores, cavities, voids or other openings in soil",-0.125,0.375
"or rock and includes massive ice. It may occur as lenses, wedges, veins,",0.0,1.0
"sheets, seams, irregular masses, or as individual crystals or coatings on",0.0,0.4
mineral or organic particles. Perennial ground ice can only occur within,0.0,1.0
permafrost bodies.,0.0,0.0
DROPLET GROWTH: Rate of droplet growth.,0.0,0.0
RECHARGE FREQUENCY: Number of times water goes through a cycle to be replenished.,0.0,0.0
WIND SHEAR: A sudden variation in the vector of wind flow that is especially dangerousto aircraft during takeoff and landing.,0.0,0.75
"SOIL GAS/AIR: The soil atmosphere; the gaseous phase of the soil, being that volume notoccupied by solid or liquid.",0.0,0.1
MAGNESIUM: Measurement of any form of magnesium in the soil; one macronutrient in the soil.,0.0,0.0
ICE DRAFT: A measurement of the ice thickness below the waterline and often serves as a close proxy for total ice thickness.,0.0,0.75
"BIOLOGICAL HAZARDS MAPPING: Mapping of ​hazards caused by exposure to living organisms and their toxic substances (e.g., venom, mold) or vector-borne diseases that they may carry. Examples are venomous wildlife and insects, poisonous plants, and mosquitoes carrying disease-causing agents such as parasites, bacteria, or viruses (e.g., malaria).",0.0,0.5
"WATER RESOURCES: Advisories about the natural, potentially useful sources of water.",0.2,0.2
DISPERSION RATE: The rate at which clay particles separate from one other in moist soil.,-0.125,0.375
"BLIZZARDS: A severe weather condition characterized by high winds and reduced visibilities due to falling or blowing snow.The U.S. National Weather Service specifies sustained wind or frequent gusts of 16 m per second (30 kt or 35 mi per hour) or greater, accompanied by falling and/or blowing snow, frequently reducing visibility to less than 400 m (0.25 mi) for 3 hours or longer. Earlier definitions also included a condition of low temperatures, on the order of -7°C (20°F) or lower, or -12°C (10°F) or lower (severe blizzard). The name originated in the United States but it is also used in other countries. In the Antarctic the name is given to violent autumnal winds off the ice cap. In southeastern France, the cold north wind with snow is termed blizzard (see also boulbie).Similar storms in Russian Asia are the buran and purga. In popular usage in the United States and in England, the term is often used for any heavy snowstorm accompanied by strong winds.",-0.007708333333333334,0.461875
CARBON MONOXIDE SURFACE: Measurement of Carbon Monoxide gas at the surface of the earth.,0.0,0.0
GLACIER REFREEZE: Mass gained by a glacier due to refreezing,-0.125,0.375
"PIGMENTS: Pigments are light-absorbing molecules.  In addition to chlorophyll,other pigments, principally yellow and orange carotenoids, as well asother forms of chlorophyll, are also present in green plants.	Thesemolecules absorb light and then pass the energy to the chlorophyll  a.Accessory pigments, like the carotenoids, enable the plants to use more ofthe light than is trapped by chlorophyll a alone.",0.1285714285714286,0.31428571428571433
HEXAPODS: Subphylum Hexapoda constitutes the largest number of species of arthropods characterized by bodies divided into six fused segments.,0.0,0.0
"MAGNESIUM: A chemical element that is a shiny gray solid and has the same electron configuration in the outer electron shell and a similar crystal structure. Magnesium is the ninth most abundant element in the universe. It is produced in large, aging stars from the sequential addition of three helium nuclei to a carbon nucleus.",0.21904761904761905,0.4172619047619048
HORIZONTAL CURRENT SHEAR: The horizontal derivative of current speed with distance in water. This is analogous to the “HORIZONTAL WIND SHEAR” keyword.,0.0,0.4
"CRYOSPHERIC FEEDBACKS: Processes within the cryosphere through which the climate system iscontrolled, changed, or modulated. Cryospheric feedbacks involve aperturbation in a climate quantity that causes a change in a secondquantity, and the change in the second quantity ultimately leads to anadditional change in the first. Cryospheric feedbacks may, for example,involve the dependence of surface albedo on the presence of ice andsnow.",0.08333333333333333,0.4444444444444444
"AQUACULTURE PRODUCTION: The farming and production of aquatic organisms such as fish, crustaceans, mollusks and aquatic plants.",0.0,0.5
ANIMAL YIELDS: The quantity of animals.  Includes all comercial species.  Does notinclude PRODUCT yield (e.g. number of chicks vs. egg production).,0.0,0.0
"PEANUT WORMS: Phylum Spiuncula. Commonly called Peanut Worms, have an unsegmented fluid filled body and are characterized by a twisted intestine, the anus on the side of the body, a retractable introvert body section and a ring of tentacles around the mouth. Sipunculans have no circulatory or respiratory system",-0.09999999999999999,0.625
"ANIMAL MANURE AND WASTE: Any measure related to waste from animals including, but not limitedto: manure, methane gas, by-products, nitrates, waste water, andothers.",-0.15000000000000002,0.1
TOTAL TEMPERATURE: Measurement made using a temperature probe (e.g. thermistor) which is thesum of the ambient air temperature plus the heat of friction caused by the highspeed air passing over the probe.,0.0,0.75
SOIL ORGANIC CARBON (SOC): 'Soil organic carbon' represents the pool of organic carbon stored in the soil.,0.0,0.0
"UPSLOPE FOG: A type of fog formed when air flows upward over rising terrain and is, consequently, adiabatically cooled to or below its dewpoint.",0.0,0.0
"BARIUM: A silvery-white metal that can be found in the environment, where it exists naturally. It occurs combined with other chemicals, such as sulfur, carbon or oxygen. It is very light and its density is half that of iron. Barium oxidizes in air, reacts vigorously with water to form the hydroxide, liberating hydrogen. Barium reacts with almost all the non-metals, forming often poisoning compounds.",0.06566666666666668,0.4703333333333332
"BIODEGRATION: The chemical dissolution of materials by bacteria or other biological means. The term is often used in relation to ecology, waste management, biomedicine, and the natural environment (bioremediation) and is now commonly associated with environmentally friendly products that are capable of decomposing back into natural elements. Organic material can be degraded aerobically with oxygen, or anaerobically, without oxygen. A term related to biodegradation is biomineralisation, in which organic matter is converted into minerals. Biosurfactant, an extracellular surfactant secreted by microorganisms, enhances the biodegradation process.",0.016666666666666666,0.3305555555555555
"RANGELAND: Pertaining to land on which the climax or potential plant cover is composed principally of native grasses, grasslike plants, forbs or shrubs suitable for gazing and browsing, and introduced forage species that are managed like rangelands.",0.275,0.875
"HYDROGEN OXIDES: The simple systematic name for water, H2O.",0.0,0.35714285714285715
LANDSCAPE PATTERNS: A natural space classification of living communities and their environmental conditions.,0.1,0.4
TOPOGRAPHIC WAVES: Waves with a restoring force arising from variations in depth.,0.0,0.0
DIGITAL ELEVATION/TERRAIN MODEL (DEM): A digital model or 3D representation of a terrain's surface created from terrain elevation data.,0.0,0.0
VIRTUAL TEMPERATURE: The virtual temperature is the temperature a parcel which contains no moisture would have to equal the density of a parcel at a specific temperature and humidity.,0.0,0.1875
WATER VAPOR TENDENCY: The local rate of change of water vapor with time at a given point in space.,0.0,0.0
"STRATOCUMULUS MAMMATUS: Hanging protuberances, like pouches, on the undersurface of a cloud.This supplementary cloud feature occurs mostly with cirrus, cirrocumulus, altocumulus, altostratus, stratocumulus, and cumulonimbus; in the case of cumulonimbus, mamma generally appear on the underside of the anvil (incus). American Meteorological Society (http://glossary.ametsoc.org/wiki/Main_Page)",0.18333333333333335,0.3333333333333333
"WATER IMPOUNDMENT: Pertaining to artificial impoundments of water used for irrigation, flood control, municipal water supplies, and other human activities.",-0.24166666666666667,0.4916666666666667
AUTOTROPHIC RESPIRATION (Ra): 'NEE of CO2' with the atmosphere is a fundamental measure of the balance between carbon uptake by the vegetation 'GPP' and carbon losses through 'autotrophic' and 'heterotrophic respiration'. The sum of Ra and Rh defines the total ecosystem respiration rate.,0.0,0.75
"CORAL REEF ASSESSMENT: Assessments of coral reef and deep sea coral ecology, biology, and distributions.",0.0,0.4
"FAULT MOVEMENT DIRECTION: The direction of a fault can be determined by its vector, which is can be found by studying the bend or the folding of the fault.",0.0,0.0
IONOSPHERE/MAGNETOSPHERE DYNAMICS: Refers to dynamic processess of the Earth's ionosphere and solar magnetosphere,0.0,0.16666666666666666
"triggered by solar events. The magnetosphere is the magnetic cavity surroundingthe earth, carved out of the passing solar wind by virtue of the geomagnetic",0.0,0.0
"field, which prevents, or at least impedes, the direct entry of the solar wind",-0.09999999999999999,0.4
plasma into the cavity. The ionosphere is the region of the earth's upper,0.0,0.0
atmosphere containing a small percentage of free electrons and ions produced byphotoionization of the constituents of the atmosphere by solar ultraviolet,0.07500000000000001,0.6000000000000001
radiation at very short wavelengths (l.t.1000 angstroms).  The ionosphere,0.0,0.39
significantly influences radiowave propagation of frequencies less than about,0.10416666666666667,0.4708333333333333
30 MHz.,0.0,0.0
SPATIAL SUBSETTING: The process of selecting features of a spatial object based on whether or not they in some way relate in space to another object.,0.0,0.0
"MENTAL HEALTH IMPACTS: Mental health refers to the emotional, psychological, and socialwell-being of one or more people. 1 Mental health can be be impactedby exposure to climate related or weather-related disasters. 2 Specificgroups of people are at higher risk for distress and other adversemental health consequences including but not limited to children, theelderly, and people with preexisting mental illness. 3",0.0237012987012987,0.3152597402597403
"LAKES/RESERVOIRS: An area of land where surface water from rain, melting snow, or ice converges to a single point at a lower elevation, usually the exit of the basin, where the waters join another waterbody, such as a river, lake, reservoir, estuary, wetland, sea, or ocean.",-0.10714285714285714,0.32142857142857145
"REFORESTATION/REVEGETATION: Reforestation is the replanting of trees in forests where the trees have been cut down.  Reforestation sometimes is undertaken in an effort to reduce atmospheric carbon dioxide levels by restoring forests, which are carbon sinks.",-0.0851851851851852,0.09629629629629631
"NUNATAKS: An exposed, often rocky element of a ridge, mountain, or peak not covered with ice or snow within (or at the edge of) an ice field or glacier. The term is typically used in areas where a permanent ice sheet is present. Nunataks present readily identifiable landmark reference points in glaciers or ice caps and are often named.",-0.016666666666666663,0.25
"FOREST PLANTATION: Pertaining to an area where trees have been planted, especially for commercial purposes.",0.0,0.5
"MOLECULAR NITROGEN: Nitrogen (N2) is a colorless, tasteless, odorless gas which makes up 78.1%",-0.6,0.9
of the atmosphere. Atmospheric nitrogen is converted by nitrogen fixation,0.0,0.0
and nitrification into compounds used by plants and animals. In the far,0.1,1.0
"upper atmosphere, N2 is broken down when large numbers of energetic",0.031746031746031744,0.3234920634920635
secondary electrons are produced and available to react with the N2. This,0.05000000000000002,0.35
"leads to the eventual production of NO. (Crutzen, Paul J. and T.E.",0.0,0.0
"Graedel, Atmospheric Change. W.H. Freeman and Company, New York, 147.)",0.06818181818181818,0.22727272727272727
"(Webster's New World Dictionary. Prentice Hall, New York, 918.)",0.13636363636363635,0.45454545454545453
"KAME DELTA: A glacial landform made by a stream flowing through glacial ice and depositing material upon entering a lake or pond at the end or terminus of the glacier, thus 'in front' of it, a proglacial lake.",0.0,0.0
MARINE BIOLOGY: Reports providing information on animals and plants that live in the sea.,0.13636363636363635,0.5
"GLACIER FACIES: In general, facies are the set of all characteristics of a sedimetary rock thatindicates its particular environment of deposition and which distinguish itfrom other facies in the same rock. Glacial facies refer to the characteristicnature of glacial ice and/or the processes by which the ice formed andprocesses by which  rock debris from the bed is entrained into the ice.",0.02291666666666667,0.3333333333333333
"GARDEN: Pertaining to a plot of ground where herbs, fruits, flowers, or vegetables are cultivated.",0.0,0.0
KAMES: A steep conical hill composed of glaciofluvial sediments. This feature develops when glacial crevasses and depressions in stagnant glacial ice are filled with sand and gravel deposits from sediment loaded meltwater.,0.4,0.9
HYDROGEN OXIDE PROFILES: Used in long-term monitoring of ozone chemistry.Collected by the Global Greenhouse Gas Reference Network (GGGRN),0.0,0.0
"CUMULUS CONGESTUS: A strongly sprouting cumulus species with generally sharp outlines and, sometimes, with a great vertical development; it is characterized by its cauliflower or tower aspect, of large size.Mainly in the Tropics, cumulus congestus may produce abundant precipitation. It may also occur in the form of very high towers, the tops of which are formed of kinds of cloudy puffs that, detaching themselves successively from the main portion of the cloud, are carried away by the wind, then disappear more or less rapidly, sometimes producing virga. Cumulus congestus is the result of the development of cumulus mediocris and, sometimes, of that of altocumulus castellanus or stratocumulus castellanus. Cumulus congestus often transforms into cumulonimbus; this transformation is revealed by the smooth, fibrous, or striated aspect assumed by its upper portion. The species congestus is unique to the genus cumulus.",0.2838015873015873,0.5594920634920634
RNA SEQUENCING: RNA sequencing (RNA-Seq) uses the capabilities of high-throughput sequencing methods to provide insight into the transcriptome of a cell.,0.0,0.0
"PLASMA WAVES: A plasma is a gas containing ions, electrons, and a magnetic field, andtherefore capable of",0.2,0.4
"conducting electric currents. A plasma wave is a set of particles under theinfluence of electromagnetic fields, exhibiting wave-like motions withamplitude and periodicity.",0.0,0.0
"WHOLE GENOME SEQUENCING: Whole genome sequencing is a laboratory procedure that determines the order of all, or nearly all, of the DNA in an organism’s genome in one process.",0.16666666666666666,0.4000000000000001
"ALLIGATORS/CROCODILES: Phylum Chordata. Class Reptilia. Order Crocodilia. Large, lizard-like reptiles with long flattened snouts, laterally compressed tails, and eyes, ears and nostrils at top of head with conical peg-like teeth and a powerful bite. Crocodiles tend to live in saltwater habitats and are characterized by a V-shaped snout with same width of upper and lower jaws, fringe on the hind legs and feet. Alligators tend to live in freshwater environments and are characterized by a wider, short head, a U-shaped snout with a wider upper jaw.",0.12370129870129869,0.37535714285714283
BROMINE MONOXIDE: Bromine Monoxide (BrO) is one of many bromine (Br)-containing compounds that,0.5,0.5
occur in the atmosphere from both natural and anthropogenic sources. The major,0.08125,0.45
"source compounds are CH3Br (both natural and anthropogenic in origin), the",0.1,0.4
"halons (manufactured for use as fire suppressants), and dibromomethane CH2Br2",0.0,0.0
(emitted from the oceans). Destruction of these compounds results in the,0.0,0.0
"formation of a suite of inorganic Br-containing species, including bromine",0.0,0.0
"atoms (Br), bromine monoxide (BrO), bromine nitrate (BrNO3), hypobromous acid",0.0,0.0
"(HOBr), and hydrogen bromide (HBr). The chemistry that acts to interconvert",0.0,0.0
these inorganic species results in depletion of ozone in the stratosphere.,0.0,0.0
FJORDS: Are formed when a glacier cuts a U-shaped valley by abrasion of the surrounding bedrock. Many such valleys were formed during the recent ice age. Glacial melting is accompanied by rebound of Earth's crust as the ice load and eroded sediment is removed (also called isostasy or glacial rebound).,0.16666666666666666,0.4166666666666667
SEWAGE DISPOSAL: Involves the transport of sewage through cities and other inhabited areas to sewage treatment plants to protect public health and prevent disease. Sewage is treated to control water pollution before discharge to surface waters.,-0.0625,0.22083333333333333
"NUCLEAR RADIATION EXPOSURE: Nuclear radiation is a result of nuclear energy, such as uranium, undergoing fission.",0.0,0.5
"WEATHERING: Breaking down of Earth's rocks, soils and minerals through direct contact with the planet's atmosphere. Weathering occurs in situ, or 'with no movement', and thus should not be confused with erosion, which involves the movement of rocks and minerals by agents such as water, ice, wind, and gravity.",-0.1138888888888889,0.4722222222222222
"ICE DEFORMATION: Ice that has been squeezed together, and in places, forced upwards",-0.30000000000000004,0.2
"and downwards. Some subdivisions of deformed ice are rafted ice, ridged",0.0,0.0
"ice, and hummocked ice.",0.0,0.0
CLIMATE ADVISORIES: Reports providing information on predicted climate trends.,0.0,0.0
"STANDARDIZED PRECIPITATION INDEX: An index developed by McKee et al. (1993) to quantify precipitation deficit at a given location for multiple timescales.Standardized precipitation is the difference of precipitation from the mean for a specified time divided by the standard deviation, where the mean and standard deviation are determined from the climatological record. The fact that precipitation is not normally distributed is overcome by applying a transformation (i.e., gamma function) to the distribution.",-0.08571428571428572,0.3321428571428572
"FOOD QUALITY: Any measure related to the quality of food stuffs.  Constituentsand composition of foods and beverages; Food composition tables; Nutrients: proteins, amino acids, nitrogen, carbohydrates, lipids,minerals, vitamins; nutritive value, caloric value, sensory evaluation;Protein quality: protein efficiency ratio, net protein utilization,nitrogen balance index, chemical score, microbiological assays, etc.",0.0,0.2
"TOWERING CUMULUS: A vertically developed cumulus cloud, often a precursor to cumulonimbus. In aviation forecasts and reports it is coded as TCU.",0.1,0.3
"FAULT MOVEMENT: Pertaining to the measurement, mapping, structure, analysis, and detection of fault lines, and fault movement.",0.0,0.0
"MAGNETIC FIELDS/MAGNETIC CURRENTS: An Electromagnetic field (EM field) is the region of space near electriccurrents, magnets, broadcasting antennas etc., regions in which electric andmagnetic forces may act, for example on charged particles.",0.1,0.4
GLACIAL HORNS: A sharp peak formed where the ridges separating three or more cirques intersect,0.1875,0.625
"INSECTS: Insects are a class of Arthropoda, members of which have three pairs oflegs and usually two pairs of wings borne on the thorax.",-0.25,0.25
"SOLAR WIND: The solar wind is hot solar plasma spreading from the solar corona in alldirections, at a typical speed of 300-1,000 km/sec. The solar wind isessentially the hot solar corona on expanding in all directions into theinterplanetary space. The solar wind is diverted around the Earth by theEarth's magnetic field, although some solar particles enter the Earth's fieldat the poles. The solar wind carries coronal magnetic fields by a process knownas frozen in the flux. If these frozen in fields have the same North-Southorientation as the Earth's magnetic field, energy can be transferred into theEarth's magnetosphere, leading to geomagnetic storms.",0.08333333333333334,0.58125
PASTURE: Pertaining to land managed primarily for the production of introduced forage plants for livestock grazing.,0.4,0.5
DRUMLINS: An elongated whale-shaped hill formed by glacial ice acting on underlying unconsolidated till or ground moraine.,0.0,0.0
"OIL SPILLS: An oil spill is defined not only as oil which comes from wrecked tankers that spill out oil, but also to oil which comes from well blowouts, breaks in pipelines or oil that enters the oceans from the transfer of oil from offshore platforms to shore during normal operations.",0.075,0.825
HYDROGENOUS SEDIMENTS: Sediments composed of material precipitated chemically from seawater.,0.0,0.0
"GLACIERS: A mass of land ice, formed by the further recrystallization of firn, flowingcontinuously from higher to lower elevations.",0.125,0.5
"GEOMAGNETIC FORECASTS: The levels of geomagnetic field activity, or disturbance, currently used in thelong-term (up to 27 days) forecasts are labelled qualitatively for general",0.02500000000000001,0.45
"usage. For each of the three major zones (subauroral, auroral, polar cap), the",-0.010416666666666664,0.375
"range of activity is divided into four classifications: quiet, unsettled,",0.0,0.3333333333333333
"active, storm. The actual parameter used for reporting and forecasting magneticactivity is a daily index. It is known as DRX and is the average of the hourly",-0.07083333333333333,0.27499999999999997
ranges (maximum minus minimum during each hour) in the X (northward) component,-0.1,0.1
"of the magnetic field intensity for a day (the UT [or GMT] day), i.e., DRX forthe",0.0,0.0
"zone is the mean of 24 values. Because this averaging process has the effect ofsmoothing (filtering) the more rapid fluctuations in the field, the qualitativedescriptors are defined rather differently than for the short-term forecasts.",0.0625,0.5958333333333333
Units are nanoteslas (nT).,0.0,0.0
"WATER VAPOR CONVERGENCE: Water Vapor convergence/divergence is the derivative of a flux -- which indicates flow into a volume, which has units kg/m^2/s.",0.0,0.0
"ELECTRIC/MAGNETIC FIELD EXPOSURE: The exposure of the magnetic field. An electric field is produced by voltage, which is the pressure used to push the electrons through the wire, much like water being pushed through a pipe. As the voltage increases, the electric field increases in strength. A magnetic field results from the flow of current through wires or electrical devices and increases in strength as the current increases. These two fields together are referred to as electric and magnetic fields, or EMFs.",0.06666666666666667,0.3333333333333333
"CONSERVATION: The management of human use of the biosphere so that it may yield the greatest sustainable benefit to current generations while maintaining its potential to meet the needs and aspirations of future generations: Thus conservation is positive, embracing preservation, maintenance, sustainable utilization, restoration, and enhancement of the natural environment.",0.18961038961038962,0.510064935064935
GAS FLARING: Refers to the burning of a jet of waste gas in the open air.,-0.1,0.25
"ROCHE MOUNTONNEES/SHEEPBACK: A rock formation created by the passing of a glacier. When a glacier erodes down to bedrock, it can form tear-drop shaped hills that taper in the up-ice direction.",-0.15555555555555559,0.2888888888888889
TSUNAMIS: A long-period (usually 15-60 minutes) wave caused by a large-scale movement of,-0.25,0.25
"the sea floor, from a volcanic eruption, submarine earthquake, or landslide",0.0,0.0
"although usually barely noticeable at sea, its velocity may be as high as 400",0.10500000000000001,0.31999999999999995
"knots, so that it travels great distances and in shoal water may reach heights",0.8,0.75
of around 15 meters.,0.0,0.0
"AURORAE: A faint visual phenomenon associated with geomagnetic activity,",-0.25,0.5
which occurs mainly in the high-latitude night sky.  Typical,0.0,0.41666666666666663
auroras are 100 to 250 km above the ground.   The phenomenon,0.0,0.1
"caused by collisions between charged particles, atoms, and ions",0.0,0.0
in the Earth's ionosphere and upper atmosphere.,0.0,0.0
"OCEAN CURRENTS: Horizontal flow of water in an established, defined pattern.",0.0,0.0
"ENFORCEMENT: Enforcement operations (by aircrafts, UAVs, etc.) using thermal imagery, survey, and radar to support enforcement of marine sanctuary regulations and protection of it's resources.",0.0,0.0
SPECTRUM WIDTH: Width of the Doppler power spectrum.,0.0,0.0
CLOUD CLUSTERS: Groupings of similar cloud types.,0.0,0.4
"WAVE BREAKING: A wave whose amplitude reaches a critical level at which some process can suddenly start to occur that causes large amounts of wave energy to be transformed into turbulent kinetic energy. At this point, simple physical models that describe wave dynamics often become invalid, particularly those that assume linear behavior.",0.06349206349206349,0.426984126984127
"INDEX OF BIOTIC INTEGRITY: A scientific tool used to identify and classify water pollution problems. An Index of Biotic Integrity (IBI) associates anthropogenic influences on a water body with biological activity in the water body, and is formulated using data developed from biosurveys.",0.1,0.3
SUBMERGENCE: To cover with water; inundate.,0.0,0.0
"TEMPERATURE TENDENCY: Temperature is defined, in general, as the degree of hotness or coldness measured on some definite temperature scale by means of any of various types of thermometers.  Tendency is defined as the local rate ofchange of a vector or scalar quantity with time at a given point in space.  Because of the difficulty of measuring instantaneous variations in the atmosphere, variations are usually obtained from the differences in magnitudes over a finite period of time; and the definition of tendency is frequently broadened to include the local time variations so obtained.",-0.014285714285714282,0.2928571428571428
"COPPER: A chemical element that is a soft, malleable, and ductile metal with very high thermal and electrical conductivity. A freshly exposed surface of pure copper has a reddish-orange color. Copper is used as a conductor of heat and electricity, as a building material, and as a constituent of various metal alloys, such as sterling silver used in jewelry, cupronickel used to make marine hardware and coins, and constantly used in strain gauges and thermocouples for temperature measurement.",0.11746938775510206,0.48361904761904767
VEGETATION HEIGHT: Average height of existing vegetation,-0.15,0.39999999999999997
"FREEZE/THAW: Pertaining to the measurement, rates, geographical extent of freezing,and melting of snow and ice cover.",0.0,0.0
SEVERE TROPICAL CYCLONES (SW PACIFIC/SE INDIAN): null,0.0,0.0
MARSHES: Marshes refer to the area that occurs between the open water of a lake and dry land,-0.033333333333333326,0.55
HERBIVORY: Herbivory is an ecological interaction between two species where onespecies eats part or all of a plant species.,0.4,0.6
"SKIN TEMPERATURE: Refers to the effective radiating temperature of the soil plus canopy surface. It is inferred from satellites in the 8-12 um window region. In climate models, it is the temperature used to determine upward thermal emission. The skin temperature usually shows a larger diurnal variation than the surface air temperature, a factor that needs to be considered when evaluating data/model comparisons.",0.0875,0.3875
"LEAD: A chemical element and a heavy metal that is denser than most common materials. Lead is soft and malleable, and has a relatively low melting point. When freshly cut, lead is bluish-white; it tarnishes to a dull gray color when exposed to air. Lead has the highest atomic number of any stable element and concludes three major decay chains of heavier elements.",0.021354166666666667,0.45625
SOURCE: Source is the data used in reference in order to create label annotations in a machine learning workflow.,0.0,0.0
DESALINIZATION: The process of removing salt from seawater or brackish water.,0.0,0.0
"IRRADIANCE: Incoming radiant energy incident upon a particular area. In the water, thiscan be measured as downwelling irradiance at various wavelengths. Suchmeasurements of downwelling irradiance are included as detailedvariables.",0.08333333333333333,0.41666666666666663
SELF-SUPERVISED: A machine learning model type that uses context in the available sample data to predict missing or nearby data.,0.1,0.225
"ROSSBY/PLANETARY WAVES: A wave on a uniform current in a two-dimensional nondivergent fluid system, rotating with varying angle speed about the local vertical (beta plane).",-0.025,0.15
"SEA ARCHES: Sea arches form by wave erosion of coastal headlands. Sea arches are very temporary landforms, in both geologic and human terms.",0.1,0.2
"KP INDEX: A 3-hourly planetary index of geomagnetic activity calculated by the Institut fur Geophysik der Gottingen Universitat, F.R. Germany, from the K indexes observed at 13 stations primarily in the Northern Hemisphere. The Kp indexes, which date from 1932, are used to determine the ap indexes.",0.4,0.5
RAIN WATER PATH: Total rain water in the atmospheric column,0.0,0.375
FLOOD LEVELS: Average height flood water reaches.,-0.15,0.39999999999999997
UVALA: A complex closed depression with several lesser depressions within its rim.,-0.1,0.25
"ANCHOVIES/HERRINGS: Phylum Chordata. Class Actinopterygii. Order Clupeiformes. Anchovies, Family Engraulidae, are small common salt-water forage fish with a large mouth, characterized by a blunt snout with teeth in both jaws and a rostral organ. Herring, Family Clupediae, are small common salt-water forage fish characterized by a single dorsal fin without spines, no lateral line and protruding lower jaw.",-0.1595238095238095,0.4071428571428572
ROOT ZONE SOIL MOISTURE: 'root zone soil moisture' describes moisture content in the top 1 meter of the soil column,0.5,0.5
WATER VAPOR TRANSPORT INDEX: Represents the magnitude of the two-dimensional transport of water vapor in the upper troposphere.,-0.05,0.05
WATER DEPTH: The measurement of the vertical distance from the surface of a body of water to the floor.,0.0,0.0
"BIOINFORMATICS: Bioinformatics, as related to genetics and genomics, is a scientific subdiscipline that involves using computer technology to collect, store, analyze, and disseminate biological data and information, such as DNA and amino acid sequences or annotations about those sequences. Scientists and clinicians use databases that organize and index such biological information to increase our understanding of health and disease and, in certain cases, as part of medical care.",0.04285714285714286,0.39428571428571424
"TROPOSPHERIC OZONE: Ozone (O3) that is measured  in the lowest 10-20 km of the Atmosphere.While the maximum concentration of ozone occurs between 20-25 km, ahigh concentration of ozone close to the Earth's surface is considered apublic health threat.",0.0,0.0
FRUIT PRODUCTS: Measurements related to any fruit product which is an  article of commerce.,0.0,0.4
"EUPHAUSIIDS (KRILL): Order Euphasiacea, commonly referred to as Krill, are small shrimp like crustaceans with a hard exoskeleton divided into cephalon, thorax and abdomen with biramous appendages and a flattened tail fin called a telson",-0.2805555555555556,0.48055555555555557
"BURNED AREA: Characterized by deposits of charcoal and ash, removal of vegetation, and alteration of the vegetation structure, Pereira et al. 1997, Roy et al. 1999",0.0,0.0
VELOCITY AZIMUTH DISPLAY VERTICAL WIND PROFILES: One of the software algorithms within the WSR-88D (weather radar) calculates wind direction and speed at various atmospheric levels. The resulting product is called the Velocity Azimuth Display (VAD) Wind Profile (VWP).,0.0,0.25
REPROJECTION: null,0.0,0.0
MACHINE LEARNING TRAINING DATA: Machine Learning training data is the input data necessary for running a machine learning model.,0.0,1.0
"DATA ANALYSIS AND VISUALIZATION: Describes the process of inspecting, cleansing, transforming, modeling, and visualizing data with the goal of discovering useful information, suggesting conclusions, and supporting decision-making. Visualization helps people understand the significance of data by placing it in a visual context. Patterns, trends and correlations that might go undetected in text-based data can be exposed and recognized easier with data visualization software",0.18333333333333335,0.08333333333333333
"IMAGE PROCESSING: Visualization / Image Processing services are defined as Data Analysis and Visualization Services that allow the user to view (Visualization) and/or manipulate (Image Processing) Earth Science data in a graphical (rather than numerical) format. These services may or may not include the ability for a user to view and/or manipulate data in a non-graphical (e.g., numerical) format, however, this ability would not be the primary method of operation of the service. EXAMPLES:XV, GhostScript, ERDAS IMAGINE, Adobe PhotoShop.",0.4,0.5
VELOCITY: Rate (speed and direction) at which the position of ice has changed.,0.0,0.0
"VECTOR SOURCE: A vector source is a type of source data represented by points, lines, or polygons representing a phenomenon or series of phenomena.",0.0,0.0
DISINFECTANTS: Refers to chemical liquids that destroy bacteria.,-0.2,0.0
"SPECIFIC HUMIDITY: In a system of moist air, the (dimensionless) ratio of the mass of water vapor to the total mass of the system.",0.0,0.4375
EPHEMERAL STREAM: Pertaining to streams that only flow after precipitation events.,0.0,1.0
PH: A measure of the alkaline or acid strength of a substance.  pH is definedas the logarithm of the reciprocal of the hydrogen ion concentration ofa solution.,0.0,0.0
"ACID RAIN: Acid rain results when sulfur dioxide (SO2) and nitrogen oxides (NOX) are emitted into the atmosphere and transported by wind and air currents. The SO2 and NOX react with water, oxygen and other chemicals to form sulfuric and nitric acids. These then mix with water and other materials before falling to the ground.",-0.125,0.375
LONGITUDINAL CREVASSES: Crevasses that form semi-parallel to flow where a glacier expands laterally.,0.0,0.0
CARBON ISOTOPE: The variation of carbon atoms with a different number of neutrons in their nucleus.,0.0,0.6
"SEDIMENT COMPOSITION: The composition of a sediment, which can be measured in terms of parent rock lithology, mineral composition, and chemical make-up.",0.0,0.0
GAS HYDRATES AGE DETERMINATIONS: An analysis and determination of the age of gas hydrates,0.0,0.0
SEVERE CYCLONIC STORMS (N. INDIAN): null,0.0,0.0
"WILDFIRES: An uncontrolled fire in combustible vegetation that occurs in the countryside or a wilderness area. Other names such as brush fire, bushfire, forest fire, desert fire, grass fire, hill fire, peat fire, vegetation fire, and veldfire may be used to describe the same phenomenon depending on the type of vegetation being burned. A wildfire differs from other fires by its extensive size, the speed at which it can spread out from its original source, its potential to change direction unexpectedly, and its ability to jump gaps such as roads, rivers and fire breaks. Wildfires are characterized in terms of the cause of ignition, their physical properties such as speed of propagation, the combustible material present, and the effect of weather on the fire.",0.01875,0.466765873015873
HURRICANES (N. ATLANTIC/E. PACIFIC): null,0.0,0.0
"PATHOGEN: Small unicellular organisms lacking a nucleus and some other eukaryotic organelles, they may have photosynthetic pigments but lack chloroplasts, the specialized photosynthetic organelles in higher plants, and mitochondria.",-0.041666666666666664,0.425
INFANT MORTALITY RATES: The ratio of infant deaths in an area to the population of that area; expressed per 1000 population per year.,0.0,0.0
CLEAVAGE: Breakage of a mineral along a flat plane of weakness.,-0.025,0.125
"FLOODS: The condition that occurs when water overflows the natural orartificial confines of a stream or other body of water, or accumulates bydrainage over low-lying areas.",-0.012499999999999997,0.3875
"DATA ANALYSIS: Refers to the process of inspecting, cleansing, transforming and modeling data with the goal of discovering useful information, informing conclusions and supporting decision-making. Data analysis has multiple facets and approaches, encompassing diverse techniques under a variety of names, and is used in different business, science, and social science domains. In today's business world, data analysis plays a role in making decisions more scientific and helping businesses operate more effectively.",0.2729166666666667,0.33958333333333335
TRANSITION DIRECTION: Describes if snow and/or ice transition is from frozen to thawed or vice-versa.,0.0,0.0
"SEDIMENTATION: The tendency for particles in suspension to settle out of the fluid in which they are entrained, and come to rest against a barrier.",0.0,0.1
"CALIBRATION/VALIDATION: Calibration and Validation are defined as Data Analysis and Visualization Services that are designed to allow, in the case of calibration services, a user of the service to properly adjust Earth science data to achieve optimal accuracy and/or precision or, in the case of validation services, allow the user of the service to confirm the accuracy and/or precision of Earth science data.  EXAMPLES: An algorithm to correct for the decaying orbit of a satellite (calibration). A reference data set created under controlled circumstances for comparison with other data (validation).",-0.0625,0.2375
"ISOTOPES: Pertaining to the measurement of isotopic (excluding oxygen) signaturesin ocean/lake sediments to determine past climatic conditions, and applythose findings to the Earth's climate at the time period in question.Carbon isotope analysis is very important in extracting paleoclimaticsignatures from corals and from benthic forams.",0.135,0.625
CHANGE DETECTION SERVICES: Services to find differences between two data sets that represent the samegeographical area at different times.,0.0,0.6
"WEB 3D SERVICE: Dynamically produces client-specified perspective views from geographic feature data, returning perspectives of feature data in a graphical format.",0.0,0.0
REFLECTION: A method of exploration geophysics that uses the principles of seismology to estimate of the properties of the Earth's subsurface from reflected seismic waves. This measurement is also known as seismic reflection.,0.0,0.0
LUSTER: Luster is the way light reflects off the surface of a mineral.,0.4,0.7
"RASTER SOURCE: A raster source is a type of source data with gridded representation, where each pixel value represents information in a two-dimensional matrix.",-0.1,0.1
COVERAGE PORTRAYAL SERVICE: Dynamically produces client-specified pictorial renderings in an image or graphics format of a coverage subset dynamically retrieved from a Web Coverage Service (WCS).,0.0,0.0
"ABSOLUTE HUMIDITY: In a system of moist air, the ratio of the mass of water vapor present to the volume occupied by the mixture; that is, the density of the water vapor component.",0.1,0.45
GEOLINKED DATA ACCESS SERVICE: Service that uses linked geospatial data.,0.0,0.0
"FORMAT CONVERSION SERVICES: Service that converts data from one format to another, including data compression and decompression.",0.0,0.0
"GLACIER TERMINUS: The terminus is the end of a glacier, usually the lowest end, and is also often called a glacier toe or snout.",-0.25,0.25
ENDORHERIC BASIN: A closed drainage basin that retains water and allows no outflow to other bodies of water such as rivers or oceans.,-0.075,0.325
"MICROBIOME: The microbiome is the community of microorganisms (such as fungi, bacteria, archaea, and viruses) that exists in a particular environment.",0.08333333333333333,0.41666666666666663
SNOW WATER EQUIVALENT: Pertaining to the measurement of the amount of water in a given snow,0.0,0.0
pack.,0.0,0.0
"SWAMP: An area of land that is always soaked with water; low, wet land that supports grass and trees.",-0.05,0.35
"PERMAFROST/METHANE RELEASE: Arctic methane release is the release of methane from seas and soils in permafrost regions of the Arctic, as part of a more general release of carbon from these soils and seas. Whilst a long-term natural process, it may be exacerbated by global warming. This results in a positive feedback effect, as methane is itself a powerful greenhouse gas. The feedback of the undisturbed process is comparably weak, however, because the local release leads to a warming spread over the whole globe.The Arctic region is one of the many natural sources of the greenhouse gas methane.[1] Global warming may accelerate its release, due to both release of methane from existing stores, and from methanogenesis in rotting biomass.[2] Large quantities of methane are stored in the Arctic in natural gas deposits, permafrost, and as submarine clathrates. Permafrost and clathrates degrade on warming, thus large releases of methane from these sources may arise as a result of global warming.[3][4] Other sources of methane include submarine taliks, river transport, ice complex retreat, submarine permafrost and decaying gas hydrate deposits.[5]",0.08320232399179768,0.38303144224196867
LORICIFERANS: Phylum Loricifera are microscopic bilateral animals characterized by a lorica and habitat between marine sediments,0.0,0.0
"COASTAL: Pertaining to the area of the ocean near the seashore, including coastal embayments.",0.1,0.4
"FORESTS: Areas in which vegetation is dominated by trees with their crowns overlapping, generally forming 60 - 100% cover.",0.05000000000000002,0.5
HEAT FLUX: Heat flux is the amount of heat that is transferred across a surface of,0.0,0.0
unit area in a unit of time. Also refers to latent and sensible heat,0.0,0.0
fluxes in the atmosphere and between the Earth's surface and,0.0,0.0
atmosphere.,0.0,0.0
EMISSIVITY: The ratio of the emittance of a given surface at a specified wavelengthand emitting temperature to the emittance of an ideal black body at thesame wavelength and temperature. Emissivity has a value between 0 (least)and one (greatest).,0.5777777777777778,0.8111111111111112
"PHOSPHORUS: Phosphorus is a plant element which is a component of nucleicacids, phospholipids and ATP.	  Plants lacking phosphorus havepurplish veins, stunted growth, fewer seeds, and fruits.",0.0,0.0
"ORBITAL CHARACTERISTICS: Those properties which describe a satellite in its  periodic revolution.These consist of the satellite's altitude, orbital  inclination (anglewith respect to the equator, thus a polar orbit is  near 90 degrees, whilean equatorial orbit is near 0 degrees), orbital period, etc.",0.038888888888888896,0.35000000000000003
"SUBDUCTION: The process that takes place at convergent boundaries by which one tectonic plate moves under another tectonic plate, sinking into the Earth's mantle, as the plates converge. A subduction zone is an area on Earth where two tectonic plates move towards one another and subduction occurs.",0.0,0.0
ARCTIC TUNDRA: Pertaining to tundra found north of the Arctic Circle.,0.0,0.0
"PINGO: A mound of earth-covered ice found in the Arctic and subarctic that can reach up to 70 metres (230 ft) in height and up to 600 m (2,000 ft) in diameter. The term originated as the Inuvialuktun word for a small hill. A pingo is a periglacial landform, which is defined as a nonglacial landform or process linked to colder climates. Periglacial suggests an environment located on the margin of past glaciers. However, freeze and thaw cycles influence landscapes outside areas of past glaciation. Therefore, periglacial environments are anywhere freezing and thawing modify the landscape in a significant manner",-0.075,0.36500000000000005
"EAST ATLANTIC JET PATTERN: The East Atlantic Jet pattern is the third primary mode of low frequency variability found over the North Atlantic, appearing between April and August. This pattern also consists of a north-south dipole of anomaly centers, with one main center located over the high latitudes of the eastern North Atlantic  ... and Scandinavia, and the other center located over Northern Africa and the Mediterranean Sea. A positive phase of the EA-Jet pattern reflects an intensification of westerlies over the central latitudes of the eastern North Atlantic and over much of Europe, while a negative phase reflects a strong split-flow configuration over these regions, sometimes in association with long-lived blocking anticyclones in the vicinity of Greenland and Great Britain.",0.1258766233766234,0.36622294372294373
"TRANSVERSE CREVASSES: Are transverse to flow, as a glacier accelerates where the slope steepens.",0.0,0.0
"CUTBANK: Also known as a river cliff, is an erosional feature of streams. Cut banks are found in abundance along mature or meandering streams, they are located on the outside of a stream bend, known as a meander.",0.05,0.07500000000000001
PEAK FLOW: Peak flow is due to rainwater pushing out water that had been stored in wetlands or groundwater.,-0.125,0.375
"CORAL DEPOSITS: Corals are generally members of the order Scleractinia, which have hard calcerous skeletons supporting softer tissues. For paleoclimatic studies, the important coral subgroup is the reef-building, massive corals known as hermatypic corals. Coral growth rates vary and are sensitive to sea surface temperatures (SSTs). Dating coral growth has shown high correspondence between large excursions of oxygen-18 (del18O) and El Nino Southern Oscillation (ENSO) events. Coral growth studies have led to new information about paleo-SSTs, rainfall, river runoff, ocean circulation, and tropical wind systems.",0.1018982683982684,0.561478354978355
UPWARD MOISTURE FLUX: Upward Flux per unit area for moisture.,0.0,0.0
"OROGENIC MOVEMENT: The formation of mountain ranges by intense upward displacement of the earth's crust, usually associated with folding, thrust faulting, and other compressional processes.",-0.05833333333333333,0.5416666666666666
GLACIER REFREEZE: Mass gained by a glacier due to refreezing.,-0.125,0.375
DUMPING: A deposit of glacial materials.,0.0,0.0
LIGHT TRANSMISSION: Measurement of the percentage of light received at a photo cell placed at fixed distances from a light source.,0.325,0.575
"HAZARDS MANAGEMENT: A problem-solving process aimed at defining problems (identifying hazards), gathering information about them (assessing the risks) and solving them (controlling the risks). Where a control has been used to address an identified hazard, this should be reviewed by checking the effectiveness of the control (evaluation). The whole hazard management process should also be reviewed after a period of time or when something changes.",0.2,0.4
"SEA ICE MASS BALANCE: The net balance between the sea ice mass gained by freezing and the loss of mass by melting that is a function of its extent and thickness, which combine to give its volume.",0.0,0.0
SEGMENTATION: A machine learning model type that clusters part of the data (in particular image data) to groups that belong to the same class.,0.08333333333333333,0.22916666666666666
POLLINATOR SPECIES: Species which transfer pollen from an anther (the male reproductive organ),0.0,0.1
"to a stigma (the receptive part of the female reproductive organ), either",0.0,0.16666666666666666
of the same flower (self-pollinator) or of a different flower of the same,0.0,0.2833333333333333
species (cross-pollinator).,0.0,0.0
CLIMATE WARMING: Refers to the impact of climate warming on permafrost melt and eventually effects on how microbiota may change accordingly.,0.0,0.0
HEAT FLUX: Flux per unit area for heat.,0.0,0.0
WATER TRACE ELEMENTS: Chemical elements that are present in minute quantities in water.,0.0,0.0
"SINK TEMPERATURE: Body temperature of the instrument, usually a  pyrgeometer.",-0.25,0.25
GLACIER MELT: Mass lost by a glacier due to melting.,-0.125,0.375
VERTICAL CURRENT SHEAR: The vertical derivative of current speed with depth in water. This is analogous to the “VERTICAL WIND SHEAR” keyword.,0.0,0.4
"MARICULTURE PRODUCTION: The production and cultivation of marine organisms for food and other products in the open ocean, an enclosed section of the ocean, or in tanks, ponds or raceways which are filled with seawater.",0.09166666666666667,0.5916666666666667
ICE SURFACE TEMPERAT: null,0.0,0.0
"LAKE LEVELS: Lake level fluctuations can provide important evidence for paleoclimaticconditions, particulary in arid and semiarid areas. Lake levels areparticularly sensitive to changes in hydrologic balance due to climaticfluctuations. Lakes may develop and expand if there is an abundance ofprecipitation and will recede and even dry up (due to evaporation) duringprolonged droughts. Lake sediment cores are often drilled to providestratigraphic clues to past climate conditions.",-0.011111111111111108,0.5833333333333334
"FIJI INDEX: Refers to an environmental vulnerability index for Fiji. Development of a vulnerability index for the environment which could be calculated on the scale of entire states for the purpose of ranking them and providing a single-figure expression of their relative environmental vulnerabilities. This work was done in response to a call made in the Barbados Plan of Action, the Alliance of Small Island States (AOSIS) and an increasing awareness that small island developing states face disadvantages to their development associated with their remoteness, small size, dispersion, economic conditions, and limited natural resources. In the past vulnerability indices have been developed which describe the risks associated with economic and social conditions, climate change, sea-level rise, natural disasters and anthropogenic impacts. Most of these indices describe the vulnerability of human systems; there have been very limited attempts to describe effects on the environment. Human systems and the environment are dependent on one another so that risks to the environment of a state will eventually translate into risks to humans. This is the first attempt to construct an index that focuses on the vulnerability of the environment. An Environmental Vulnerability Index (the EVI) was constructed, based on a theoretical framework that identified three aspects of vulnerability: risks to the environment (natural and anthropogenic), the innate ability of the environment to cope with the risks (resilience) and ecosystem integrity (the health or condition of the environment as a result of past impacts). These three aspects correspond to three sub-indices, the REI, IRI and EDI, which are the Risk Exposure sub-Index, Intrinsic Resilience sub-Index and Environmental Degradation sub- Index respectively. The EVI was calculated as a weighted average of scores allocated in the range of 0-7 derived from a total of 57 indicators. A preliminary EVI was calculated for three countries, Australia, Fiji and Tuvalu. The preliminary EVI value for Tuvalu was the highest of the three countries indicating that its environment is the most vulnerable. The score obtained for Fiji was intermediate in value, and that for Australia was the lowest, though the difference between Fiji and Australia was relatively smaller than that between Fiji and Tuvalu. There were similar levels of risk in each of the countries, the most degradation in Australia and the least intrinsic resilience in Tuvalu. These results, though promising are only preliminary because the EVI requires refinement and there was insufficient time to collect all of the required data from all of the countries and because there were some inconsistencies in the quality of the data. We expect that each of these problems can be overcome. The EVI developed here will require further refinement before it becomes fully operational. The results show that it is possible to obtain a single figure measure of vulnerability and that data which were previously thought to be difficult to obtain can be obtained. The methodology selected in the computation of the index can produce results which could have operational usefulness for ranking countries according to their environmental vulnerabilities. It is envisaged that the EVI would be recalculated every 5 years to provide updates on the vulnerability status of countries. This index highlights the need for governments to upgrade their collection and collation of environmental statistics. In addition, the breakdown of results into meteorological, geological, anthropogenic, and other categories of risk highlights areas of concern for environmental action.",-0.005810657596371882,0.3585600907029478
"TEMPERATE CONIFEROUS FOREST: Pertaining to forests consisting of coniferous-evergreen trees and characterized by well-defined seasons with cold, long snowy winters and warm, humid summers.",-0.01666666666666668,0.6666666666666666
"ICE FLOES: Floe refers to any relatively flat piece of ice 20 m or more across. Floes are subdivided according to horizontal extent: small, medium, big, vast, giant.",0.0375,0.5208333333333334
NON-METALLIC MINERAL AGE DETERMINATIONS: An analysis and determination of the age of non-metallic minerals.,0.0,0.0
"SEA ICE ORIGIN: Ice formed on land, and iceberg, or in an ice shelf, found floating in the ocean.",0.0,0.0
"DEUTERIUM OXIDE/HEAVY WATER: Deuterium oxide (D2O), aka “heavy water”, is the form of water that contains two atoms of the 2H, or D, isotope. The term heavy water is also used for water in which 2H atoms replace only some of the 1H atoms. In this case, rapid exchange between the two isotopes forms twice as many “semiheavy” HDO molecules as D2O.",0.024999999999999994,0.625
AIR QUALITY: Reports providing information on the cleanliness of air described in terms oflevels of contaminants in air especially with regard to their potential effectson human health.,0.0,0.7000000000000001
DIVERGENCE: Pressure fluctuations at the Earth's surface are produced by movements of air which produce changes in the mass of air in a vertical column above the ground. A net gain in mass produces an increase in pressure leading to a high pressure system. A net loss of mass gives rise to a low. When there is a horizontal flow of air into a region (convergence) a vertical upward movement of air occurs otherwise there would be a continual increase in density of the air. Divergence occurs when there is a net horizontal outward flow of air from a region. This leads to a vertical downward movement of air.,0.02666666666666667,0.15666666666666665
"SEDIMENT TRANSPORT: The movement of solid particles (sediment), typically due to a combination of the force of gravity acting on the sediment, and/or the movement of the fluid in which the sediment is entrained. An understanding of sediment transport is typically used in natural systems, where the particles are clastic rocks (sand, gravel, boulders, etc.), mud, or clay; the fluid is air, water, or ice; and the force of gravity acts to move the particles due to the sloping surface on which they are resting.",-0.03958333333333333,0.24375000000000002
"GROUNDING LINE: Marks the locations where said glaciers become anchored on bedrock (i.e., the estimated coastline underneath the ice).",0.0,0.0
HORIZONTAL WIND VELOCITY/SPEED: The component of wind motion rising parallel to the plane of the horizon.,0.0,0.0
RADAR REFLECTIVITY: The property of illuminated objects to reradiate a portion of the,0.0,0.0
incident microwave energy.,0.0,0.0
INTRUSION AMOUNT: Amount of seawater that moves into fresh water aquifer.,0.3,0.5
SNOW DEPTH: Pertaining to the thickness of snow pack throughout the year.,0.0,0.0
ROCKY INTERTIDAL: Pertaining to coastline consisting of rocky outcrops that are exposed to daily tides.,0.0,0.0
"FREEZE FREE PERIOD LENGTH: The period, usually expressed in days, between the last occurrence of freezing temperatures (0°C) in the spring and the first occurrence in the autumn.",0.1,0.3625
VARVE DEPOSITS: A sedimentary bed or lamina or sequence of laminae (thin layers) deposited in abody of silt or still water within a year's time. Usually refers to glacialvarves resulting from seasonally deposited meltwater streams in a glacial lakeor other body of still water. Counting the varves have been used to measureglacial deposits.,-0.25833333333333336,0.4916666666666667
CINDER CONE: A steep conical hill of tephra (volcanic debris) that accumulates around and downwind from a volcanic vent.,0.0,0.0
MANGROVE SWAMP: Pertaining to tropical and subtropical swamps dominated by mangrove trees.,0.0,0.0
REFLECTANCE: The fraction of the total radiant flux incident upon a surface thatis reflected and that varies according to the wavelength distributionof the incident radiation.,0.0,0.75
"OCEAN MIXED LAYER: Also called the surface zone. The ocean mixed layer is the upper layerof ocean in which temperature and salinity are relatively constant withdepth. Depending on local conditions, the surface layer may reach to 1,000meters (3,300 feet) or be absent entirely.",0.0,0.24305555555555555
GRABEN: A depressed block of land bordered by parallel faults.,0.0,0.0
"OCEAN COLOR: Study of visible light interactions with oceanic water, both within thewater column and remotely sensed from the ocean surface.",0.15000000000000002,0.44999999999999996
"EXTINCTION COEFFICIENTS: Coefficient of underwater light attenuation. Different coefficientsare included as detailed variables (e.g. diffuse attenuation coefficient,etc.).",0.26666666666666666,0.6833333333333332
"ROCKY COASTS: Pertaining to the environment of rock-dominated shorelines,often characterized by high-energy wave action, and often common alongisostatically rebounding coastlines.",-0.09999999999999999,0.3
MUDFLAT: Pertaining to a mud area with less than 5% vegetative cover.,-0.16666666666666666,0.06666666666666667
"ICE STUPA: Ice Stupa is a form of glacier grafting technique that creates artificial glaciers, used for storing winter water (which otherwise would go unused) in the form of conical shaped ice heaps. During summer, when water is scarce, the Ice Stupa melts to increase water supply for crops.",-0.6,1.0
"PINGO: Also called a hydrolaccolith, is a mound of earth-covered ice found in the Arctic and subarctic that can reach up to 70 metres (230 ft) in height and up to 600 m (2,000 ft) in diameter.",0.0,0.0
HAZARDS PLANNING: Planning refers to the formulation of a course of action to be taken in theevent of a hazard emergency.,0.1,0.1
OROGRAPHIC LIFTING: Ascending air flow caused by mountains.,0.0,0.0
"GLACIER EXTENT: Glacier extent is a glacier outline in horizontal space separating the glacier from unglacierized terrain or, at divides, from contiguous glaciers.",0.0,0.0
VERTICAL WIND VELOCITY/SPEED: The component of wind motion rising perpendicular to the plane of the horizon.,0.0,0.0
"LAND SURFACE MODELS: Models that predict the characteristics of the landscape such as DEMs/DTMs.Also included are models that predict land surface reflectance including thescattering, absorption, or reflection of electromagnetic radiation at the landsurface.",0.0,0.5
GAZETTEER SERVICE: Retrieves location geometries for client-specified geographic names.,0.0,0.0
"APHOTIC/PHOTIC ZONE: Aphotic zone in the ocean, beneath the photic zone, where light intensitiesare not sufficient to enable photosynthetic production. Photic zone isthe illuminated zone of the ocean where light intensities are sufficientfor photosynthetic primary production. Also known as the euphotic zone.",0.4000000000000001,0.6333333333333333
ATTENUATION/TRANSMISSION: Attenuation is the exponential loss of light intensity as lightpropagates through water. Attenuation is caused by absorption andscattering of light energy. Transmission is the measurement of thepercentage of light received at a photo cell placed at fixed distancesfrom a light source.,0.34,0.6
"GLACIATION: A glaciation (a created composite term meaning Glacial Period, referring to thePeriod or Era of, as well as the process of High Glacial Activity), oftencalled an ice age, is a geological phenomenon in which massive ice sheets formin the Arctic and Antarctic and advance toward the equator. Conversely, theterm interglacial or Interglacial Period, such as the current era, is used todenote the absence of large-scale glaciation on a global scale ¿ i.e., anon-Ice Age. Interglacials are, in general, shorter than glacial epochs.",0.028214285714285716,0.42
"LOESS: Loess is a deposit of wind-blown silt and dust of Pleistocene age that coverslarge areas of the continents. It is predominently calcerous consisting ofquartz feldspars and micas. Loess is extensive in the North American GreatPlains, south-central Europe, Ukraine, central Asia, China, and Argentina.Loess deposits in North America are related to large outwashes from theLaurentide ice sheet and floodplains of large rivers. Loess deposits in Europeare related to the former Alpine and Scandinavianice sheets. Loess in China andcentral Asia are related to desert conditions.",0.047619047619047616,0.29338624338624336
"DISASTER RECOVERY/RELIEF: The act of restoring a community or ecosystem to its original pre-hazard state.Relief refers to assistance that eases the financial, physical, or emotionalburden brought about by exposure of property or person to natural hazards ordisasters.",0.11875,0.3232142857142857
"FIRST FREEZE/FROST PROBABILITY: The freeze/frost probability levels represent the risk with regard to meeting or falling below a certain temperature threshold by a specific date, or within a specified number of days. For example, suppose a 90 percent probability level for the spring season is computed to be March 1 at the 32 degree threshold. This means that nine years out of ten a temperature as cold or colder than 32 degrees is expected to occur later than March 1 during the spring season. For the fall season, the probability level represents the chance of having a temperature as cold or colder earlier than the computed date. The freeze-free probability level indicates the chance of having a longer freeze-free period than the computed number of days. The methods used to compute the freeze probabilities come from two data distributions: a discrete freeze or no-freeze distribution, where a no-freeze annual season is one in which only one or no freeze occurs; and a continuous one of freeze dates for the years of freeze occurrence, where at least two distinct freeze dates occur in a year.",-0.06964285714285713,0.4691468253968254
"BOREHOLES: Boreholes are holes drilled deep into the ground (or ocean crust). Profiles ofrock temperatures with depth can be related to the history of temperaturechanges at the surface, which can be converted to estimates of air temperature.Borehhole temperature measurements can provide estimates of local temperaturevariations over time intervals of a few hundred to over a thousand years.",-0.05,0.225
"GELBSTOFF: Dissolved organic matter (DOM) produced by the decomposition of plantmaterial and the metabolism of plankton, originating in the ocean orbrought to the ocean by rivers, and producing a distinctive yellow-brownto yellow-red coloration of the water.",0.0,0.0
RADIANCE: The flux density or radiant energy per unit area of a,0.0,0.0
radiating surface.,0.0,0.0
"SUBSURFACE FLOW: The flow of water beneath earth's surface as part of the water cycle. In the water cycle, when precipitation falls on the earth's land, some of the water flows on the surface forming streams and rivers.",0.0,0.0
LAGOON: Pertaining to shallow bodies of water partially or completely separated from the open ocean by barriers of sand or coral.,-0.07777777777777777,0.4666666666666666
FIRST MODERATE FREEZE/FROST DATE: null,0.125,0.5166666666666666
TROPICAL RAINFOREST: Pertaining to forests in tropical latitudes characterized by high annual precipitation consisting of dense vegetation divided into three distinct layers.,0.22999999999999998,0.41999999999999993
"INVERSION HEIGHT: The height of the layer in which air temperature increases withaltitude, representing an 'inversion' of the typical temperature decreasewith height in the troposphere.",-0.16666666666666666,0.5
"BEDROCK LITHOLOGY: Pertaining to the identification, measurement, analysis, and documentation of lithologic composition of the earth's bedrock.",0.0,0.0
WATER ION CONCENTRATIONS: The concentration of ions in water. Ions are positively or negatively charged atom or group of atoms.,-0.3,0.4
MICROPLASTIC CONCENTRATION: Refers to the concentration of plastics in the ocean.,0.0,0.0
EARTHQUAKE MAGNITUDE/INTENSITY: The measure of the amount of energy released during an earthquake.,0.0,0.0
GLACIAL GROWTH: The growth of a glacier over time,0.0,0.0
"BERYLLIUM-10 ANALYSIS: Beryllium-10 is an isotope that is a proxy for the sun's activity. Be10 is produced in the atmosphere by cosmic ray collisions with atoms of oxygen and nitrogen. Beryllium 10 concentrations are linked to cosmic ray intensity which can be a proxy for solar strength.One way to capture earth's record of that proxy data is to drill deep ice cores. Greenland, due to having a large and relatively stable deep ice sheet is often the target for drilling ice cores.Isotopic analysis of the ice in the core can be linked to temperature and global sea level variations. Analysis of the air contained in bubbles in the ice can reveal the palaeocomposition of the atmosphere, in particular CO2 variations. Volcanic eruptions leave identifiable ash layers.While it sounds simple to analyze, there are issues of ice compression, flow, and other factors that must be taken into consideration when doing reconstructions from such data. I attended a talk at ICCC 09 that showed one of the ice core operations had procedures that left significant contamination issues for CO2. But since Beryllium is rather rare, it doesn't seem to have the same contamination issues attached.",0.060396825396825386,0.3712698412698413
SHOALS: A sandbank or sandbar that makes the water shallow and presents anavigation hazard.,-0.3333333333333333,0.5
"SURFACE NUTRIENTS: Nutrients, such as nitrogen and phosphate, at the ocean's surface.",0.0,0.5
"ICEBERGS: A massive piece of ice of greatly varying shape, protruding 5 m or more",0.43333333333333335,0.75
"above sea- level, which has broken away from a glacier and which may be",-0.2,0.25
"afloat or aground. They may be described as tabular, domed, pinnacled,",0.0,0.1
"wedged, drydocked or blocky. Sizes of icebergs are classed as small,",-0.25,0.4
"medium, large and very large.",0.24642857142857144,0.4928571428571429
TRACE GASES/TRACE SPECIES: Trace gases in the atmosphere that do not occur in large quantities but,0.21428571428571427,0.42857142857142855
are significant to life on Earth or are important constituents of the,0.3875,0.9375
chemical cycles in the atmosphere. [Journal of American Hygienist,0.0,0.0
Association; v54; 639-46; 1993.] [Atmospheric Environment B; v27B; 275-82;,0.0,0.0
1993.],0.0,0.0
TECTONIC UPLIFT: A geological process most often caused by plate tectonics which increases elevation,0.5,0.5
"ATTRITION/WEATHERING: A form of coastal or river erosion, when the bed load is eroded by itself. As rocks are transported downstream along a riverbed (by a mixture of rolling, sliding and saltating), the regular impacts between them cause them to be broken up into smaller fragments. This process also makes them rounder and smoother. Attrition can also occur in glaciated regions, where it is caused by the movement of ice with embedded boulders over surface sediments.",-0.13333333333333333,0.32564102564102565
GLACIER THICKNESS/ICE SHEET THICKNESS: The difference in height between two levels in the glacier or ice sheet.,0.0,0.0
VALLEY BREEZES: (Or valley breeze.) A wind that ascends a mountain valley (upvalley wind) during the day; the daytime component of a mountain–valley wind system.,-0.75,1.0
"CHEMICAL DECOMPOSITION: The separation of a chemical compound into elements or simpler compounds. It is sometimes defined as the exact opposite of a chemical synthesis. Chemical decomposition is often an undesired chemical reaction. The stability that a chemical compound ordinarily has is eventually limited when exposed to extreme environmental conditions like heat, radiation, humidity or the acidity of a solvent. The details of decomposition processes are generally not well defined, as a molecule may break up into a host of smaller fragments. Chemical decomposition is exploited in several analytical techniques, notably mass spectrometry, traditional gravimetric analysis, and thermogravimetric analysis.",0.027857142857142858,0.41428571428571426
"ALTOSTRATUS UNDULATUS: (Also called billow cloud, windrow cloud, wave cloud.) A cloud variety composed of merged or separate elements that are elongated and parallel, either suggestive of ocean waves or arranged in ranks and files.Sometimes two distinct wave systems are apparent (biundulatus). The formation is by gravity waves that exhibit broad, nearly parallel lines of cloud oriented normal to the wind direction, with cloud bases near an inversion surface.",-0.010937500000000003,0.37656249999999997
"GREEN ALGAE: Green algae are distinguished by chlorophyll a and b proportions, accessory pigments beta-carotene, and xanthophylls in stacked thylakoids. Cell walls are typically cellulose and they store carbohydrates as starch",-0.18888888888888888,0.3666666666666667
PLATE BOUNDARIES: Zones of seismic and tectonic activity along the edges of,0.0,0.0
"lithosphere plates, presumed to indicate relative motion between plates.",0.0,0.0
"NEEDLEFISHES: Phylum Chordata. Class Actinopterygii. Order Beloniformes. Needlefish are slender piscivorous marine fish characterized by long, narrow beak with sharp teeth",-0.125,0.5166666666666667
"PARABOLIC DUNE: U-shaped mounds of sand with convex noses trailed by elongated arms are parabolic dunes. Sometimes these dunes are called U-shaped, blowout, or hairpin dunes, and they are well known in coastal deserts. Unlike crescent shaped dunes, their crests point upwind. The elongated arms of parabolic dunes follow rather than lead because they have been fixed by vegetation, while the bulk of the sand in the dune migrates forward.",0.15000000000000002,0.4
"STEAM FOG: (Or sea smoke; also called arctic sea smoke, antarctic sea smoke, frost smoke, water smoke, sea mist, steam mist.) Fog formed when water vapor is added to air that is much colder than the vapor's source; most commonly, when very cold air drifts across relatively warm water.No matter what the nature of the vapor source (warm water, industrial combustion exhaust, exhaled breath), its equilibrium vapor pressure is greater than that corresponding to the colder air; thus, the water vapor, upon becoming mixed with and cooled by the cold air, rapidly condenses. It should be noted that this mechanism never allows the fog to actually reach the vapor source. Also, upon further mixing in sufficiently turbulent or convective flow (only a slight degree is needed), the fog particles evaporate at a more or less well defined upper limit of the fog. Note, also, that although advection of air is necessary to produce steam fog, it differs greatly from an advection fog in the usual sense, which is caused by warm, moist air moving over a cold surface. Steam fog is commonly observed over lakes and streams on cold autumn mornings as well as in polar regions. It is sometimes confused with ice fog, but its particles are entirely liquid. At temperatures below -29°C (-20°F), these may freeze into droxtals and create a type of ice fog that may be known as frost smoke.",-0.008809523809523809,0.5717261904761904
CLOUD TOP TEMPERATURE: Atmospheric temperature observed at the top of a cloud.,0.3333333333333333,0.3333333333333333
SNOW MICROSTRUCTURE: null,0.0,0.0
"DERECHO: A widespread convectively induced straight-line windstorm. Specifically, the term is defined as any family of downburst clusters produced by an extratropical mesoscale convective system. Derechos may or may not be accompanied by tornadoes. Such events were first recognized in the Corn Belt region of the United States, but have since been observed in many other areas of the midlatitudes.",0.15625,0.4270833333333333
"EARTH RADIATION BUDGET: The Earth Radiation Budget is the balance between incoming energy from the sun and the outgoing longwave (thermal) and reflected shortwave energy from the Earth.[Source: Department of Marine and Coastal Sciences, Rutgers University, https://marine.rutgers.edu/cool/education/class/yuri/erb.html]",0.0,0.0
"DESERT SCRUB: Pertaining to an area between 15 and 35 degrees N & S characterized by less than 300 mm annual rainfall and consisting of vegetation adapted to hot, dry conditions.",0.005555555555555564,0.5055555555555555
"SUNSHINE: Direct radiation from the Sun, as opposed to the shading of a locationby clouds or other obstructions.",-0.012499999999999997,0.3875
"OXYGEN COMPOUNDS: Oxygen (O) (and molecular oxygen (O2)) is the second most abundant species in the atmosphere. The abundance of O2 remains fairly constant in the atmosphere up to about 80km where it photodissociates to atomic oxygen. Atomic oxygen is formed from the photolysis of molecular oxygen (O2), ozone (O3), or nitrogen dioxide (NO2) in the atmosphere. Below about 40 km, atomic oxygen recombines with O2 to form ozone. Above 40 km, oxygen can participate in other chemical reactions that cause the destruction of ozone.",0.1625,0.3763888888888889
MORBIDITY RATES: An expression of the number of deaths in a population at risk during one year.,0.0,0.0
MORBIDITY: The quality or state of being morbid.,0.0,0.0
"DISASTER RESPONSE: A phase of the disaster management cycle that involves the mobilization of the necessary emergency services and first responders in the disaster area. This is likely to include a first wave of core emergency services, such as firefighters, police and ambulance crews.",0.1,0.6333333333333333
"TROPHIC STATE INDEX: A water quality index used for the purpose of classifying and ranking lakes, most often from the standpoint of assessing water quality. In recent years the Carlson (1977) Index appears to have attained general acceptance in the limnological community as a reasonable approach to this problem. This is a measure of the trophic status of a body of water using several measures of water quality including: transparency or turbidity (using Secchi disk depth recordings), chlorophyll-a concentrations (algal biomass), and total phosphorus levels (usually the nutrient in shortest supply for algal growth).",0.07142857142857142,0.40714285714285714
"BIODIVERSITY FUNCTIONS: Biodiversity is the variety of life: the different plants, animals andmicro-organisms, their genes and the ecosystems of which they are a part.",0.0,0.6
"CRYPTOMONADS: Phylum Cryotophyta. Group of motile, unicellular algae, flattened with an anterior groove or pocket with two unequal flagella characterized by extrusomes with two ribbons held under tension",0.0,0.0
"ENVIRONMENTAL DNA (eDNA): Environmental DNA (eDNA) is organismal DNA that can be found in the environment and originates from cellular material shed by larger organisms (via skin, excrement, etc.) into aquatic or terrestrial environments, or can represent the entirety of smaller organisms present within the sample.",0.0,0.275
"RADIATIVE FORCING: A change imposed upon the climate system which modifies the radiativebalance of that system. The causes of such a change may include changes inthe sun, clouds, ice, greenhouse gases, volcanic activity, and otheragents. Radiative forcing is often specified as the net change in energyflux at the troposphere (watts per square meter). Radiative forcing maysometimes be referred to as external forcing or perturbations of theclimate.",0.0,0.19999999999999998
MOLECULAR OXYGEN: Oxygen (O2) is found on Earth as a gas and constitutes about 20.8% of the,0.0,0.0
air we breathe. Elemental molecular oxygen consists of two oxygen atoms,0.0,0.0
bonded together. A photochemical reaction of oxygen is (ultimately),0.0,1.0
responsible for the production of ozone in the stratosphere. Oxygen,0.2,0.55
concentrations found in ice core samples have been used to determine past,-0.25,0.25
atmospheric levels of oxygen and helped in determining past climates.,-0.125,0.125
[Nature; v351; 217-219; 1991.] [Nature; v365; 143-147; 1993.],0.0,0.0
TREATY AGREEMENTS/RESULTS: A written agreement between two states or sovereigns and the subsequent results of those agreements.,0.0,0.05
ALKALINITY: The alkalinity of seawater is the combined negative charges due to,-0.2125,0.3875
hydrogen carbonate and carbonate ions expressed in molal concentrations.,0.0,0.0
Alkalinity is based on seawater being electrically neutral and is,0.0,0.0
determined by titration (and therefore given the subscript t).,0.0,0.0
BRITTLE/BASKET STARS: Class Ophiuroidea in Phylum Echinodermata. Marine invertebrates characterized by five long thin flexible arms around a central armored disk-shaped body,-0.15,0.5
ISOSTATIC UPLIFT: Refers to the the gradual uplift following rapid erosional removal of material from a mountain range. The land rises as a result of the removal of the weight. Another example of isostatic uplift is post-glacial rebound following the melting of continental glaciers and ice sheets.,0.0,0.1
"SWELLS: The long-period, undulating waves that propagate energy to greatdistances from the point of generation; the source of 'breakers' along thebeach.",0.0,0.0
"SWELL HEIGHT: The estimated average height of the highest one-third of the swells.  It is estimated from determining how the wave energy is distributed among various periods (frequencies), determining if a separate swell energy peak exists, and then, picking a frequency to separate swell and wind-waves. The swell height is calculated from the wave energies below the separation frequency.",-0.075,0.44999999999999996
WAVE SETUP: Wave setup is the increase in mean water level due to the presence ofbreaking waves.,-0.21875,0.53125
BEACHES: A zone of unconsolidated particles extending from below water level to theedge of the coastal zone.,0.0,0.0
"BEACHES: Geological landform along the shoreline of an ocean, sea or lake. It usually consists of loose particles which are often composed of rock, such as sand, gravel, shingle, pebbles, waves or cobblestones.",-0.10897435897435898,0.3397435897435897
DIAGENESIS: The physical and chemical change undergone by sediment during lithificationand compaction.,0.0,0.14285714285714285
WATER CHANNELS: The deeper portion of a waterway carrying the main current.,0.08333333333333333,0.3666666666666667
"METHYL FLUORIDE: Methyl fluoride (or fluoromethane) is a colorless flammable gas which is heavier than air. It has an agreeable ether-like odor. It is narcotic in high concentrations. It burns with evolution of hydrogen fluoride. The flame is colorless, similar to alcohol. Under prolonged exposure to fire or intense heat the containers may rupture violently and rocket.",-0.11000000000000001,0.735
LIQUID PRECIPITATION: Liquid precipitation that reaches the Earth's surface in the form of drops.,0.0,0.0
CLOUD ASYMMETRY: The difference in scattering due to cloud hydrometeors between theforward and backward directions.,-0.125,0.375
"SPITS AND BARS: A deposition landform  found off coasts. At one end, spits connect to land, while at the far end they exist in open water. A spit is a type of bar or beach that develops where a re-entrant occurs, such as at cove's headlands, by the process of longshore drift.",0.03333333333333333,0.6666666666666666
"NITRATE: A charged molecule composed of one atom of nitrogen and three atoms ofoxygen, NO3-, available to plants and phytoplankton as a nutrient.",0.4,0.4
EMISSIVITY: The ratio of the radiation emitted by a surface to the radiation emitted by a perfect blackbody radiator at the same temperature.,0.5,0.5625
DRUMLINS: An elongated whale-shaped hill formed by glacial ice acting on underlying unconsolidated till or ground moraine.,0.0,0.0
"SWELL PERIOD: This is the peak period in seconds of the swells. If more than one swell is present, this is the period of the swell containing the maximum energy.",0.25,0.25
"ECHINODERMS: The phylum Echinoderms is a wholly marine group whose members includethe familiar starfish and sea urchins often found on the shore. Some oftheir particular features are their five-sided adult symmetry, theirendoskeleton which consists of many small crystals of calcium carbonateand tube feet, which are outward manifestations of their water vascularsystem.",0.17833333333333332,0.4066666666666666
"MARSH: Type of wetland, featuring grasses, rushes, reeds, typhas, sedges, and other herbaceous plants (possibly with low-growing woody plants) in a context of shallow water.",-0.15277777777777776,0.625
GLACIER MOTION/ICE SHEET MOTION: The rate of flow of the glacier/ice sheet over a period of time.,0.0,0.0
"RADIOISOTOPES: Any radioactive form of a chemical element, having the same atomic weight as that element (i.e. same number of protons), but a different number of neutrons. Used in a variety of oceanic applications such as dating andmovement of water masses.",0.0,0.3375
LONGWAVE RADIATION: Longwave radiation is radiation with wavelengths longer than 4 micros. Also referred to as infrared radiation or terrestrial radiation.,0.0,0.1
SEVERE CYCLONIC STORMS (N. INDIAN): null,0.0,0.0
"DESERTS: A region with a mean annual precipitation of 10 inches or less, and so devoid of vegetation as to be incapable of supporting any considerable population.",-0.04583333333333332,0.3308333333333333
LEADS: Any fracture or passage-way through ice which is navigable by surface,0.0,0.0
vessels. Leads and other open water areas within the sea ice pack are also,-0.0625,0.4375
important in studies of the energy budget in the polar regions and in,0.15833333333333335,0.625
local and regional climatology.,0.0,0.0
MARINE GEOCHEMICAL PROCESSES: Processes that control chemical distributions in the ocean.,0.0,0.0
"HYDROGEN PEROXIDE: Hydrogen peroxide is a chemical compound with the formula H2O 2. In its pure form, it is a very pale blue[5] liquid, slightly more viscous than water.",0.14709523809523808,0.41133333333333333
"WEATHERING: Breaking down of Earth's rocks, soils and minerals through direct contact with the planet's atmosphere. Weathering occurs in situ, or 'with no movement', and thus should not be confused with erosion, which involves the movement of rocks and minerals by agents such as water, ice, wind, and gravity.",-0.1138888888888889,0.4722222222222222
"RAIN: Precipitation in the form of liquid water drops that have diameters greater than 0.5 mm, or, if widely scattered, the drops may be smaller.",0.13333333333333333,0.4666666666666666
"DOLPHINS: Small to medium-sized odontocetes that live in marine habitats, have conical teeth and a falcate dorsal fin set near the middle to the back.",-0.0027272727272727284,0.26
"INCOMING SOLAR RADIATION: In general, solar radiation received at the earth's surface. The amount of",0.05000000000000002,0.5
direct solar radiation incident upon a unit horizontal surface at a specific,0.05,0.2625
level on or above the surface of the earth.,0.0,0.1
Incoming solar radiation is solar radition that has not been scattered or,0.0,0.0
absorbed.,0.3,0.9
TRANSMITTANCE: A measure of the amount of radiation propagated through a given medium.defined as the ratio of transmitted radiation to the total radiationincident upon the medium. Also known as transmissivity.,0.0,0.75
ABRASION: Mechanical scraping of a rock surface by friction between rocks and moving particles.,0.0,0.0
NET RADIATION: Net radiation refers to the difference between the downward and upward(total and terrestrial) radiation. The net flux of all radiations. Canalsorefer to the net solar radiation which is the difference between the sola\r radiations directed downwards and upwards.,0.0,0.02
"MARINE OBSTRUCTIONS: The act of watching,keeping track of or checking the ocean(pelagic orbottom conditions) for a special purpose.",0.35714285714285715,0.5714285714285714
"STRATOCUMULUS OPACUS: A variety of cloud (sheet, layer, or patch), the greater part of which is sufficiently dense to obscure the sun (betweeen 10 and 20 optical depths).This variety is found in the genera altocumulus, altostratus, stratocumulus, and stratus. (Note: cumulus and cumulonimbus clouds are inherently opaque.) In the case of altocumulus opacus or stratocumulus opacus the elements stand out in true relief at the cloud base, rather than as a consequence of varying degrees of opacity. Also, in these cases, this variety usually modifies the species stratiformis.",-0.05000000000000002,0.6
SUBSIDENCE RATE: The rate of groundwater that is withdrawn from certain types of rocks.,0.21428571428571427,0.5714285714285714
EARTHWORMS: Tube shaped segmented worm in Phylum Annelida,0.0,0.0
PRECIPITATION INDICES: Rainfall indices are calculated from precipitation data for a specific region over time.,0.0,0.125
"RIVER ICE: Pertaining to the extent, thickness, longevity, etc. of ice formationsthat occur on river systems.",0.0,0.0
"LANDSLIDE: The down slope movement of soil, rock, and other weathered materials because of gravity.",-0.14027777777777778,0.3319444444444445
"ICE GROWTH/MELT: Pertaining to the measurement of ice growth/melting rates, and annual",0.0,0.0
changes in those rates.,0.0,0.0
ATMOSPHERIC CIRCULATION RECONSTRUCTION: Reconstruction of past atmospheric circulation conditions based on paleoclimate proxy records.,-0.08333333333333333,0.08333333333333333
IGNEOUS ROCK AGE DETERMINATIONS: An analysis and determination of the age of igneous rocks,0.0,0.0
INFILTRATION FREQUENCY: Amount of water that infiltrates the subsurface soil and rocks in a single period.,-0.07142857142857142,0.21428571428571427
DEEP LEARNING: A type of machine learning and artificial intelligence (AI) that imitates the way humans gain certain types of knowledge.,-0.12857142857142856,0.6571428571428571
OBJECT DETECTION: A machine learning model type that helps to identify a distinct object in data.,0.3,0.3
"PLUCKING: Exploits pre-existing fractures in the bedrock. This plays a key role in opening and creating new fractures but has only provided small segments of loose material. This is then followed by the entrainment of the loosened rock by the ice. During the process of entrainment, loose rock material is frozen onto the base of the glacier and incorporated into the glacial ice.",-0.15249750249750252,0.6275724275724276
ICE EXTENT: The minimum or maximum length of the ice or ice edge into the open water. Also refers to the extent of the ice pack into the open ocean (which varies seasonally).,0.0,0.5
"TOXICITY LEVELS: A property whereby substances are injurious to health when ingested orinhaled, such as chlorine, ammonia, pesticides, and formaldehyde.",0.0,0.5
"RELATIVE PERMITTIVITY: The Relative permittivity (or dielectric constant, ε) is a measure of the ease with which a material is polarized by an electric field relative to vacuum. It is defined by the magnitude of the dielectric polarization (dipole moment per unit volume) induced by a unit field. Dielectric constants have no units - they are coefficients that multiply the capacitance with free space (or vacuum) as dielectric.",0.04791666666666666,0.14166666666666666
SEA LEVEL RISE: An increase in the average height of the sea surface over a vertical datum.,-0.15,0.39999999999999997
"LAND SURFACE FEEDBACKS: Land-surface processes through which climate system is controlled,changed, or modulated. Land-surface feedbacks involve a perturbationin a climate quantity that causes a change in a second quantity, and thechange in the second quantity ultimately leads to an additional changein the first. Land-surface feedbacks often involve land-surface change orchange in terrestrial carbon stocks that in turn affect land-atmosphereinteraction.",0.05,0.2866666666666667
ANTENNA TEMPERATURE: Absolute radiometric temperature incident upon the instrument antenna with,0.2,0.9
no corrections for spurious energy received from sources not intended by,0.0,0.0
the instrument design.,0.0,0.0
"WAVE OVERTOPPING: Wave overtopping refers to the volumetric rate at which wave runup flowsover the top or crest of a slope, be it a beach, dune, or structure.",0.5,0.5
"STRATOCUMULUS CASTELLANUS: (Previously called castellatus.) A cloud species of which at least a fraction of its upper part presents some vertically developed cumuliform protuberances (some of which are taller than they are wide) that give the cloud a crenellated or turreted appearance.This castellanus character is especially evident when the cloud is seen from the side. The cumuliform cloud elements generally have a common base and usually seem to be arranged in lines. The species is found only in the genera cirrus, cirrocumulus, altocumulus, and stratocumulus. Cirrus castellanus differs from cirrocumulus castellanus in that its vertical protuberances subtend an angle of more than 1° when observed at an angle of more than 30° above the horizon. When altocumulus castellanus and stratocumulus castellanus attain a considerable vertical development, they become cumulus congestus and often develop into cumulonimbus. Stratocumulus castellanus should not be confused with stratocumulus pierced by cumulus.",-0.07745098039215687,0.4862745098039216
PARASITISM: Parasitism is where two species live in an obligatory association in whichthe parasite depends metabolically on the host .,0.13636363636363635,0.5
"MELT POND: A pond of water on the surface of sea ice, commonly occurring in the Arctic in spring.",-0.3,0.5
GLOBALLY INTEGRATED ANGULAR MOMENTUM: The atmospheric angular momentum is the product of mass times the rotational velocity times the perpendicular distance from the axis of rotation. A rotating object will conserve its angular momentum unless a torque acts to change its rotation. The axial component is of interest in climate and is determined by the distribution of atmospheric mass and zonal wind relative to the earth's rotation axis. Higher than normal surface pressure in the tropics or strong westerly flow there contributes to greater AAM.,0.16666666666666666,0.29791666666666666
LINE OF SIGHT VELOCITY: Wind velocity in the viewing area of the instrument.,0.0,0.0
"EUTROPHICATION: The enrichment of an ecosystem with chemical nutrients, typically compounds containing nitrogen, phosphorus, or both.",-0.16666666666666666,0.5
"SEA SURFACE SLOPE: The slope of the ocean water surface, resultant from a geophysicalphenomenon such as dynamic circulation or tides.  This variable does notrefer to wave slope.",0.0,0.3333333333333333
ELECTRON FLUX: The rate of flow of electrons through a reference surface. In cgs,0.0,0.0
"units, measured in electrons s-1, or simply s-1.",0.0,0.35714285714285715
"THESAURI: 1.A book of synonyms, often including related and contrasting words andantonyms.<br>",0.0,0.4
"2.A book of selected words or concepts, such as a specialized vocabulary of aparticular field, as of medicine or music",0.0,0.5
"DESKTOP GEOGRAPHIC INFORMATION SYSTEMS: Desktop Geographic Information Systems (GIS) are defined as Data Analysis and Visualization Services available specifically for the desktop that allows users to capture, store, update, manipulate, analyze, and display all forms of geographically referenced information.",0.4,0.4
GLACIER MASS: Total mass of a glacier.,0.0,0.75
ANTARCTIC OSCILLATION: The Antarctic Oscillation (AAO) is the dominant pattern of,0.0,0.0
"non-seasonal tropospheric circulation variations south of 20S, and it",0.0,0.0
is characterized by pressure anomalies of one sign centered in the,0.0,0.0
Antarctic and anomalies of the opposite sign centered about,0.0,0.0
40-50S. The AAO is also referred to as the Southern Annular Mode,0.0,0.0
"(SAM). There is a Northern Hemisphere analog to the AAO, and it is",0.0,0.0
called the Arctic Oscillation (or Northern Annular Mode).,0.0,0.0
"PERIGLACIAL PROCESSES: Of, or pertaining to, the outer perimeter of a glacier, particularly to the",0.16666666666666666,0.3333333333333333
fringe areas surrounding the great continental glaciers of the geologic ice,0.8,0.75
"ages.  Thus, periglacial weathering is said to have produced certain",0.21428571428571427,0.5714285714285714
characteristic land forms.,-0.06666666666666667,0.4666666666666666
"GALE: In general, and in popular use, an unusually strong wind.In storm-warning terminology, a wind of 28–47 knots (32–54 mph).In the Beaufort wind scale, a wind with a speed from 28–55 knots (32–63 mph) and categorized as follows: moderate gale, 28–33 knots (Force 7); fresh gale, 34–40 knots (Force 8); strong gale, 41–47 knots (Force 9); and whole gale, 48–55 knots (Force 10).",0.3145833333333333,0.6833333333333333
"SEA CAVES: A littoral cave, is a type of cave formed primarily by the wave action of the sea. The primary process involved is erosion. Sea caves are found throughout the world, actively forming along present coastlines and as relict sea caves on former coastlines.",0.1277777777777778,0.2833333333333334
"NITROGEN DIOXIDE: A reddish-brown, highly poisonous gas, with the chemical formula NO2.",0.16,0.5399999999999999
"MOUNTAIN SNOW LINE SHIFT: The boundary marking the lowest altitude at which a given area, such as the top of a mountain, is always covered with snow.",0.25,0.5
"CAC03: A chemical compound that is a common substance found in rocks in all parts of the world, and is the main component of shells of marine organisms, snails, coal balls, pearls, and eggshells. Calcium carbonate is the active ingredient in agricultural lime, and is created when Ca ions in hard water react with carbonate ions creating limescale.",-0.13958333333333334,0.4937499999999999
"PARTICULATE MATTER (PM 1.0): A type of air pollution that is made up of particles that are less than 1 micron in size. PM1 is particularly dangerous because of its small size, which allows it to penetrate lung tissue and enter the bloodstream.",-0.33888888888888885,0.45555555555555555
"CLOUD HEIGHT: In weather observations, the height of the cloud base above localterrain.  In satellite remote sensing, cloud height is often referred to as theheight of the cloud top above local terrain or above mean sea level. Also canbe defined as the vertical distance from the cloud base to the cloud top; morecommonly referred to as the 'thickness' or 'depth' of the cloud.",-0.10125000000000002,0.41875
"DEER/MOOSE: Phylum Chordata. Class Mammalia. Order Atiodactyla. Deer are ruminant, four legged animals with long powerful legs, a small tail, long ears. Deer distinguished by their antlers, which are temporary and can be regrown. Male deer possess antlers while generally females lack antlers.",2.3129646346357427e-18,0.4666666666666666
"CUMULONIMBUS INCUS: The anvil-shaped cloud that comprises the upper portion of mature cumulonimbus clouds; the popular name given to a cumulonimbus capillatus cloud, particularly if it embodies the supplementary feature incus (from the Latin for anvil).",0.21666666666666665,0.3333333333333333
MAXIMUM/MINIMUM TEMPERATURE: Highest/Lowest air temperature attained during a specific time interval; usually 24 hours.,-0.125,0.1875
VORTICITY: Measure of the rotational spin about an axis at some point within a fluid.,0.0,0.1
ORBIT VELOCITY: The orbital speed of a body (satellite) in a gravitational field.,0.0,0.0
MICROWAVE: A very short electromagnetic wave. The portion of the electromagnetic,0.0,0.39
spectrum lying between the far infrared and the conventional radio,-0.021428571428571422,0.6785714285714286
"frequency  portion. While not bounded by definition, it is commonly",-0.3,0.5
regarded as  extending from 1 mm to 1 m in wavelength (300 GHz to 0.3 GHz,0.0,0.0
frequency).  <P> Passive systems operating at these wavelengths sometimes,0.0,0.0
"are called  microwave systems. Active systems are called radar, although",-0.13333333333333333,0.6
the literal definition of radar requires a distance measuring capability,0.0,0.0
not always included in active systems.,-0.13333333333333333,0.6
SNOW DEPTH: Pertaining to the thickness of snow pack throughout the year.,0.0,0.0
RUNOFF: null,0.0,0.0
COMPOUND EXTREME EVENTS: The simultaneous or sequential occurrence of multiple extremes at single or multiple locations.,-0.049107142857142856,0.30357142857142855
TIDAL CURRENTS: Mass flow of water induced by the raising or lowering of sea level owingto passage of tidal crests or troughs.,0.0,0.0
SURFACE SPEED: Ocean surface current/water flow velocity.,0.0,0.0
"RADAR IMAGERY: A mapping of the observed radar reflectivity of a scene, consisting of a",0.0,0.0
file of digital numbers assigned to spatial	  positions on a grid of,0.0,0.0
pixels.,0.0,0.0
POPULATION ABUNDANCE: A measure of the number of individuals of each species.,0.0,0.0
"MINERAL DISSOLUTION: The separation of minerals into different components. Mineral dissolution and precipitation, especially of Fe and Mn (hydr)oxides and the carbonate mineral family, partially regulate pH and alkalinity of natural waters, affecting the fate and transport of organic and inorganic contaminants.",0.0,0.5750000000000001
"SNOW ENERGY BALANCE: Pertaining to the net increase, or decrease in energy due to snow",-0.0625,0.1875
"formation, melting, evaporation, etc..",0.0,0.0
"SNOW COVER: Pertaining to the extent, depth, and longevity of snow pack.",0.0,0.0
"IMPORTANCE VALUE: The importance value is the sum of relative density, relative dominance,and relative frequency for a species in the community. The larger theimportance value, the more dominant a species is in the particularcommunity.",0.1,0.2
LONGWAVE HEAT FLUX: null,0.0,0.0
PRECIPITATION: All liquid or solid phase aqueous particles that originate in the atmosphere and fall to the earth's surface.,0.0,0.1
PERMAFROST: A layer of soil or bedrock at a variable depth beneath the surface of the earth in which the temperature has been below freezing continuously from a few to several thousands of years.,-0.1,0.05
24 HOUR MINIMUM TEMPERATURE: The lowest temperature attained at a specific location during a (24 hour) period.,0.0,0.125
"STANDARDIZED PRECIPITATION INDEX: The SPI was formulated by Tom Mckee, Nolan Doesken and John Kleist of",0.0,0.0
the Colorado Climate Center in 1993. The purpose is to assign a single,-0.08571428571428572,0.15714285714285714
numeric value to the precipitation which can be compared across,0.0,0.0
"regions with markedly different climates. Technically, the SPI is the",0.0,0.35
number of standard deviations that the observed value would deviate,0.0,0.0
"from the long-term mean, for a normally distributed random",-0.22083333333333333,0.6124999999999999
"variable. Since precipitation is not normally distributed, a",-0.075,0.6499999999999999
transformation is first applied so that the transformed precipitation,0.25,0.3333333333333333
values follow a normal distribution.,0.15,0.6499999999999999
The Standardized Precipitation Index was designed to explicitly,0.0,0.0
express the fact that it is possible to simultaneously experience wet,-0.05,0.7
"conditions on one or more time scales, and dry conditions at other",0.10277777777777779,0.4916666666666667
"time scales, often a difficult concept to convey in simple terms to",-0.25,0.6785714285714286
"decision-makers. Consequently, a separate SPI value is calculated for",0.0,0.0
"a selection of time scales, covering the last 1, 2, 3, 4, 5, 6, 7, 8,",0.0,0.06666666666666667
"9, 10, 11, 12, 15, 18, 24, 30, 36, 48, 60, and 72 months, and ending",0.0,0.0
on the last day of the latest month.,0.25,0.48333333333333334
"PARTICULATE MATTER (PM 2.5): A type of air pollution that consists of extremely small particles that are 2.5 micrometers or less in diameter. These particles are so small that thousands of them could fit in the period at the end of a sentence. PM2.5 is a mixture of dust, soot, organic chemicals, and metals that can come from a variety of sources, including cars, trucks, factories, and wood burning.",-0.06666666666666665,0.31666666666666665
"GEOID CHARACTERISTICS: Describes the gravitational properties of the geoid, which is defined as a surface on which the earth's attractive (i.e. gravitational) forces are everywhere equal, i.e. a gravimetric equipotential surface. The geoid is of fundamental importance in determining positions on the earth's surface as most measurements are made with reference to this surface.",0.43333333333333335,0.5833333333333334
SPEED PROFILES: Ocean current velocity throughout the water column.,0.0,0.4
GLACIAL HORNS: A sharp peak formed where the ridges separating three or more cirques intersect.,0.1875,0.625
DEPTH HOAR: Pertaining to the characteristics of the layer of ice crystals thatforms between the ground and snow cover by sublimation.  It's alsoreferred to as sugar snow.,0.0,0.0
OCEAN UPWELLING/DOWNWELLING: The upward motion of seawater anywhere in the oceans.,0.0,0.0
INFILTRATION: Pertaining to the process by which substances enter an aquifer.,0.0,0.0
ENVIRONMENTAL HEALTH FACTORS: Refer to measurements of human physiological functions such as those provided by heat exchange dataor human response to such environmental factors as contaminants.,0.0,0.3
"MELT POND: A pond of water on the surface of sea ice, commonly occurring in the Arctic in spring.",-0.3,0.5
"BIOMARKER: A biomarker, or biological marker, is an indicator of a biological state. It is a characteristic that is objectively measured and evaluated as an indicator of normal biological processes, pathogenic processes, or pharmacologic responses to a therapeutic intervention. It is used in many scientific fields.",0.14583333333333334,0.42916666666666664
OCEAN UPWELLING INDICES: Indices that leverage state-of-the-art ocean models as well as satellite and in situ data to improve upon historically available upwelling indices. Upwelling drives the biological productivity of the system by bringing nutrients to surface waters.,0.4,0.4
"SEA SURFACE TOPOGRAPHY: To measure sea surface height, or surface topography, scientists needto obtain the precise distance between the satellite and the center ofthe Earth and the precise distance between the satellite and the seasurface. Sea surface height is then calculated by subtracting thedistance between the sea surface and the satellite from the distancebetween the center of the Earth and the satellite. The distance betweenthe satellite and the center of the Earth is obtained by carefullymonitoring the satellite position at all times.",0.10000000000000002,0.38000000000000006
CURRENT PROFILES: Ocean current direction (vector) throughout the water column.,0.0,0.4
"FIRN FORMATION: The formation process of firn, a partially compacted névé, which is a type of snow that has been left over from past seasons and has been recrystallized into a substance denser than névé. It is ice that is at an intermediate stage between snow and glacial ice.",-0.11666666666666665,0.18333333333333335
LOCAL SUBSIDENCE TRENDS: Sinking of the land due to tectonic or isostatic processes.,-0.0625,0.1875
NUCLEAR ENERGY PRODUCTION/USE: Refers to the production and use of nuclear power for human consumption. Nuclear energy is the energy released by a nuclear reaction.,0.0,0.1
"RADIATIONAL COOLING: In meteorology, the result of radiative cooling of the earth's surface and adjacent air.Radiational cooling occurs, as is typical on calm, clear nights, whenever the longwave emission from the surface is not balanced by significant amounts of absorbed shortwave radiation or downwelling longwave from the atmosphere above the surface, and there are no nonradiative sources of sufficient energy to make up the difference.",0.1513888888888889,0.5847222222222223
SEVERE CYCLONIC STORMS (N. INDIAN): null,0.0,0.0
"ANIMAL ECOLOGY AND BEHAVIOR: Any measurment related to the totality or pattern of the interrelationshipof animals, and animals with their environment.",0.0,0.4
"CENTIPEDES: Centipedes are in the Class Chilopoda, and are elongate arthropods withbody divided into head and trunk, the latter bearing ten or more pairs oflegs.",0.16666666666666666,0.16666666666666666
"VEGETATION FRACTION: The areal extent of vegetation-covered ground, expressed as the mathematical fraction of a region covered with vegetation.",0.0,0.0
"BARNACLES: Cone shaped shell-wall comprised of calcareous plates sessile, marine intertidal crustaceans.",0.0,0.0
"LACUSTRINE PLAIN: Lakes that get filled by incoming sediment. Overtime, the water may drain from the lake, leaving the deposited sediments behind. This can be caused by natural drainage, evaporation or other geophysical processes.",-0.047857142857142855,0.5464285714285715
"BANK REEF: A linear or semi-circular shaped-outline, larger than a patch reef.",0.0,0.5
IRRIGATION: Irrigation is supplying water to croplands by artificial means.,-0.6,1.0
SNOW WATER EQUIVALENT: Pertaining to the measurement of the amount of water in a given snow pack.,0.0,0.0
"HIGH THROUGHPUT SEQUENCING: High-throughput sequencing, also known as next-generation sequencing (NGS), is the comprehensive term used to describe modern technologies that sequence DNA and RNA in a rapid and cost-effective manner.",0.18,0.41999999999999993
"Urban Heat Island: The tendency for higher air temperatures to persist in urban areas as aresult of heat absorbed and emitted by buildings and asphalt, tending to make cities warmer than the surrounding countryside.",0.1375,0.35
"GLACIAL DRIFT: Less apparent is the ground moraine, also called glacial drift, which often blankets the surface underneath much of the glacier downslope from the equilibrium line.",0.027777777777777787,0.20555555555555557
"TUVALU INDEX: Refers to an environmental vulnerability index for Tuvalu. Development of a vulnerability index for the environment which could be calculated on the scale of entire states for the purpose of ranking them and providing a single-figure expression of their relative environmental vulnerabilities. This work was done in response to a call made in the Barbados Plan of Action, the Alliance of Small Island States (AOSIS) and an increasing awareness that small island developing states face disadvantages to their development associated with their remoteness, small size, dispersion, economic conditions, and limited natural resources. In the past vulnerability indices have been developed which describe the risks associated with economic and social conditions, climate change, sea-level rise, natural disasters and anthropogenic impacts. Most of these indices describe the vulnerability of human systems; there have been very limited attempts to describe effects on the environment. Human systems and the environment are dependent on one another so that risks to the environment of a state will eventually translate into risks to humans. This is the first attempt to construct an index that focuses on the vulnerability of the environment. An Environmental Vulnerability Index (the EVI) was constructed, based on a theoretical framework that identified three aspects of vulnerability: risks to the environment (natural and anthropogenic), the innate ability of the environment to cope with the risks (resilience) and ecosystem integrity (the health or condition of the environment as a result of past impacts). These three aspects correspond to three sub-indices, the REI, IRI and EDI, which are the Risk Exposure sub-Index, Intrinsic Resilience sub-Index and Environmental Degradation sub- Index respectively. The EVI was calculated as a weighted average of scores allocated in the range of 0-7 derived from a total of 57 indicators. A preliminary EVI was calculated for three countries, Australia, Fiji and Tuvalu. The preliminary EVI value for Tuvalu was the highest of the three countries indicating that its environment is the most vulnerable. The score obtained for Fiji was intermediate in value, and that for Australia was the lowest, though the difference between Fiji and Australia was relatively smaller than that between Fiji and Tuvalu. There were similar levels of risk in each of the countries, the most degradation in Australia and the least intrinsic resilience in Tuvalu. These results, though promising are only preliminary because the EVI requires refinement and there was insufficient time to collect all of the required data from all of the countries and because there were some inconsistencies in the quality of the data. We expect that each of these problems can be overcome. The EVI developed here will require further refinement before it becomes fully operational. The results show that it is possible to obtain a single figure measure of vulnerability and that data which were previously thought to be difficult to obtain can be obtained. The methodology selected in the computation of the index can produce results which could have operational usefulness for ranking countries according to their environmental vulnerabilities. It is envisaged that the EVI would be recalculated every 5 years to provide updates on the vulnerability status of countries. This index highlights the need for governments to upgrade their collection and collation of environmental statistics. In addition, the breakdown of results into meteorological, geological, anthropogenic, and other categories of risk highlights areas of concern for environmental action.",-0.005810657596371882,0.3585600907029478
HURRICANES (N. ATLANTIC/E. PACIFIC): null,0.0,0.0
"STAGE HEIGHT: The elevation of the water level of a lake, river, stream or other body of water above a common datum.",-0.14166666666666666,0.325
GROUND ICE: A general term referring to all types of ice contained in freezing and frozen,0.05000000000000002,0.5
"ground. Ground ice occurs in pores, cavities, voids or other openings in soil",-0.125,0.375
"or rock and includes massive ice. It may occur as lenses, wedges, veins,",0.0,1.0
"sheets, seams, irregular masses, or as individual crystals or coatings on",0.0,0.4
mineral or organic particles. Perennial ground ice can only occur within,0.0,1.0
permafrost bodies.,0.0,0.0
"SHORELINES: The fringe of land at the edge of a large body of water, such as an ocean, sea, or lake. In Physical Oceanography a shore is the wider fringe that is geologically modified by the action of the body of water past and present, while the beach is at the edge of the shore, representing the intertidal zone where there is one. is the fringe of land at the edge of a large body of water, such as an ocean, sea, or lake. In Physical Oceanography a shore is the wider fringe that is geologically modified by the action of the body of water past and present, while the beach is at the edge of the shore, representing the intertidal zone where there is one.",0.010714285714285713,0.23690476190476192
MANGROVE SWAMP: Pertaining to tropical and subtropical swamps dominated by mangrove trees.,0.0,0.0
KARST LANDFORMS: A Karst landform is a feature created on the Earth's surface by the drainage of water into the ground or by its discharge at springs.,0.0,0.0
"CRESCENTIC (BARCHAN/TRANSVERSE) DUNE: 'Crescent-shaped mounds are generally wider than they are long. The slipfaces are on the concave sides of the dunes. These dunes form under winds that blow consistently from one direction, and they also are known as barchans, or transverse dunes.",0.08333333333333333,0.3833333333333333
"WIND SPEED: Ratio of the distance covered by the air to the time taken to cover it.  The instantaneous speed corresponds to the case of an infinitely small time interval. The mean speed corresponds to the case of a finite time interval. It is one component of wind velocity, the other being wind direction.",-0.22916666666666666,0.4875
"EQUATORIAL PACIFIC ZONAL WIND ANOMALY INDEX: The ENSO zonal wind anomaly index is calculated for the region 8N-8S, 150E-140W from the COADS data. This region was chosen from a map of zonal wind regressed onto an index of eastern equatorial Pacific SST for the period 1950-79. The anomalies are with respect to a 1950-79 climatology.",0.0,0.0
NATURAL GAS VERTICAL/GEOGRAPHIC DISTRIBUTION: The vertical and geographic distribution of natural gas within the solid Earth.,0.06666666666666667,0.3
"WIND DIRECTION PROFILES: Generally, the wind direction at various levels in the atmosphere above the domain of surface weather observations, as determined by any of the methods of winds-aloft observation.",0.016666666666666673,0.3666666666666667
TRANS-NINO INDEX: The timeseries is calculated from the HadISST and the NCEP OI Datasets. It is the standardized Nina 12 minus the Nina 4 with a 5 month running mean applied which is then standardized using the 1950-1979 period.,-0.20625,0.39375
"CARBON: A nonmetallic element, with chemical symbol C, found combined with other elements in all organic matter and in a pure state as diamond or graphite.",0.04464285714285714,0.4375
HYDROXYL: Hydroxyl (OH) - an atom consisting of one hydrogen atom and one oxygen,0.0,0.0
atom which does not normally exist in a stable form; this radical readily,0.0625,0.575
reacts with methane and carbon monoxide. The source of the hydroxyl,0.0,0.0
radical in the atmosphere occurs primarily through the 1) photolysis of,0.4,0.5
"hydrogen peroxide, heat, and light and 2) the attack on water of an",0.4,0.7
excited oxygen radical (created by the photolysis of ozone). [JAPCA; v39;,0.375,0.75
704; 1989] [Journal of Chemical Society; v85; 577; 1989.],0.0,0.0
"PESTICIDES: Any measure of or about insecticides, fungicides, or herbicides; may include non-chemical/manufactured agents, and/or natural defensemechanisms.",0.1,0.4
INFILTRATION AMOUNT: Amount of water that infiltrates the subsurface soil and rocks.,0.0,0.0
"WEATHERING: Breaking down of Earth's rocks, soils and minerals through direct contact with the planet's atmosphere. Weathering occurs in situ, or 'with no movement', and thus should not be confused with erosion, which involves the movement of rocks and minerals by agents such as water, ice, wind, and gravity.",-0.1138888888888889,0.4722222222222222
DEICED TEMPERATURE: Temperature measured by the removal of ice through heating.,0.0,0.0
ENVIRONMENTAL REGULATIONS: Environmental laws or regulations impacting companies.,0.0,0.0
WAVE DIFFRACTION: Refers to various phenomena which occur when a wave encounters an obstacle. It is described as the apparent bending of waves around small obstacles and the spreading out of waves past small openings.,-0.125,0.31666666666666665
"YARDANGS: A streamlined hill carved from bedrock or any consolidated or semiconsolidated material by the dual action of wind abrasion, dust and sand, and deflation. Yardangs are elongate features typically three or more times longer than they are wide, and when viewed from above, resemble the hull of a boat. Facing the wind is a steep, blunt face that gradually gets lower and narrower toward the lee end.",0.06666666666666668,0.32
LUSTER: null,0.0,0.0
AUTHORING TOOLS: Authoring Tools services are defined as Metadata Handling Services that helpsin the creation of metadata.,0.0,0.0
INUNDATION LEVEL: The level of the water that covers an area during flooding.,0.0,0.0
SAV/SEA GRASS BED: Pertaining to areas of submerged aquatic vegetation or sea grasses below low-tide mark.,0.0,0.0
"FRACTURE ZONES: Fracture zones are large, linear zone of irregular bathymetry of the sea floor,characterized by asymmetric ridges and troughs. Fracture zones are thetopographic expression of transform faults, faults with horizontal displacementconnecting the ends of an offset in a mid-ocean ridge.",0.21428571428571427,0.42857142857142855
SNOW MELT: Pertaining to the rate and extent of melting snow pack(s).,0.0,0.0
"TEMPERATURE-HUMIDITY INDEX: temperature–humidity index (THI), combination of temperature and humidity that is a measure of the degree of discomfort experienced by an individual in warm weather; it was originally called the discomfort index. The index is essentially an effective temperature based on air temperature and humidity; it equals 15 plus 0.4 times the sum of simultaneous readings of the dry- and wet-bulb temperatures. Thus, if the dry-bulb temperature is 90° F (32° C) and the wet-bulb temperature is 50° F (10° C), the discomfort index is 15 + 0.4 (140), or 71. Most people are quite comfortable when the index is below 70 and very uncomfortable when the index is above 80 to 85. In the U.S. the highest average daily values of the THI, exceeding 80, consistently occur in the southern California deserts and southwestern Arizona in July and August.",0.1898809523809524,0.5071428571428571
SPECIES COMPETITION: Competition is the interaction of two species where they both use thesame limited resource or harm one another while seeking a resource.,-0.07142857142857142,0.14285714285714285
"SLEET: In the United States, frozen rain drops that bounce on impact with theground or other objects. Elsewhere, may refer to a mix of rain and snow, amix of rain and hail, or melting snow.",-0.125,0.375
"AEROALLERGENS: Various airborne substances, such as pollen or spores, which cancause an allergic response.",0.0,0.5
"NATURAL SELECTION: Selection, or natural selection, is a nonrandom reproduction of genotypesthat results in the survival of those best adapted to their environmentand elimination of those less well adapted.  Selection leads toevolutionary change.",0.2583333333333333,0.2916666666666667
"NATURAL GAS: Natural gas is a fossil fuel formed when layers of buried plants and animals are exposed to intense heat and pressure over thousands of years. The energy that the plants and animals originally obtained from the sun is stored in the form of carbon in natural gas. Natural gas is combusted to generate electricity, enabling this stored energy to be transformed into usable power. Natural gas is a nonrenewable resource because it cannot be replenished on a human time frame.",0.134375,0.48124999999999996
IONS: Pertaining to the measurement of various electrostatically charged,0.0,0.5
"compounds found in ice cores. Ions can be analyzed to infer human, biological,and volcanic activity, as well as ocean water conditions.",0.0,0.1
"MORPHOLOGICAL ADAPTATION: Many animals show unique morphological and behavioural adaptations to desert extremes, while others are able to avoid these by behavioural means. This chapter focuses on patterns of convergent evolution of traits to assess which features represent unique desert adaptations. There are several taxa for which suitable, phylogenetically-controlled analyses have been conducted. This means that the effects of phylogeny, which may be considerable, have been removed. Removing the effects of phylogeny allow one to test whether an adaptation has occurred. For example, a character may be considered a desert adaptation because many desert-dwelling species possess the character, and non-desert-dwelling species do not. However, if there are many desert-dwelling species in a particular part of a clade, then this character may have evolved by chance alone. Select examples from tenebrionid beetles, lizards, birds, and mammals are considered.",0.35666666666666663,0.5658333333333333
"HORSETAILS: Class Polypodiopsida. Order Equisetales. Horsetails is in a family of vascular plants, reproduces by spores, with reduced non-photosynthetic leaves and a microphyllis",0.0,0.0
"PARTICULATE MATTER CONCENTRATIONS: Concentrations of tiny airborne pieces of solid or liquid matter such assoot, dust, fumes, mists, aerosols, haze, and smoke.¹ The size ofparticles is directly linked to their potential for causing health problems.Small particles less than 10 micrometers in diameter pose the greatestrisk because they can travel deep into the respiratory system and affectthe lungs and heart. ²",-0.009523809523809521,0.4238095238095238
"PARTICULATE MATTER (PM 2.5): A type of air pollution that consists of extremely small particles that are 2.5 micrometers or less in diameter. These particles are so small that thousands of them could fit in the period at the end of a sentence. PM2.5 is a mixture of dust, soot, organic chemicals, and metals that can come from a variety of sources, including cars, trucks, factories, and wood burning.",-0.06666666666666665,0.31666666666666665
"BOUNDARY LAYER WINDS: Winds measured in the layer of fluid near a boundary that is affected by friction against that boundary surface, and possibly by transport of heat and other variables (such as winds) across that surface.  In meteorology, this is the atmospheric boundary layer.",-0.004166666666666666,0.3958333333333333
"CARBON: Any measurement of Carbon in the soil, in organic or inorganic fractions.",0.0,0.0
VEGETATION COVER: Vegetation Cover is the percent of vegetation in an area.,0.0,0.0
"RANGE CHANGES: Range Changes with respect to Migration include forays outside the home range, usually in search of suitable habitat or mating opportunities.",0.10000000000000002,0.35000000000000003
"LACUSTRINE PLAIN: Lakes that get filled by incoming sediment. Overtime, the water may drain from the lake, leaving the deposited sediments behind. This can be caused by natural drainage, evaporation or other geophysical processes.",-0.047857142857142855,0.5464285714285715
USE/FEEDING HABITATS: Feeding habitat refers to the many aspects of how living organisms obtaintheir food.,0.5,0.5
"BIOLUMINESCENCE: Bioluminescence is a flashing of light that emanates from an organismwhen excited electrons of ATP phosphorylates, luciferins (highlyfluorescent substances), return to a lower energy level. An example ofbioluminescence are fireflies which give off these flashes of light as theluciferases convert chemical energy to light energy.",0.39375000000000004,0.7124999999999999
"MUTATION RATES: Mutation is a spontaneous change in the genotype of an organism at thegenetic, chromosomal, or genomic level. The term mutation often refers toalterations to new allelic forms, and represents new material forevolutionary change.",0.2909090909090909,0.603030303030303
MUDFLAT: Pertaining to expanses of soft-sediment at or below the tide line with little vegetation.,-0.1875,0.5
"POTENTIAL TEMPERATURE: The temperature that an unsaturated parcel of dry air would have if brought adiabatically and reversibly from its initial state to a standard pressure, p0, typically 100 kPa.",-0.04666666666666666,0.42000000000000004
TEMPERATURE ANOMALIES: Departure of the temperature from its long-term mean value.,-0.3125,0.6875
"DISSOLUTION: The process by which a solid or liquid forms a solution in a solvent. In solids this can be explained as the breakdown of the crystal lattice into individual ions, atoms or molecules and their transport into the solvent.",0.0,0.25
"RIFFLE: A shallow stretch of a river or stream, where the current is above the average stream velocity and where the water forms small rippled waves as a result.",-0.14666666666666667,0.36
"AA INDEX: A daily and half daily index of geomagnetic activity determined from the k indexes scaled at two nearly antipodal stations at invariant magnetic latitude 50 degrees (Hartland, England, and Canberra, Australia). The aa values are in units of 1 nT. The index is available back to 1868, and is provided by the Institut de Physique du Globe de Paris, France.",0.05555555555555556,0.16111111111111112
"POND: A body of standing water, either natural or man-made, that is usually smaller than a lake. They may arise naturally in floodplains as part of a river system, or they may be somewhat isolated depressions.",0.06666666666666667,0.43333333333333335
"BARRIER REEF: A long, narrow ridge of coral or rock parallel to and relatively near a coastline, separated from the coastline by a lagoon too deep for coral growth.",-0.03,0.32
"SEDIMENT TRANSPORT: The movement of solid particles (sediment), typically due to a combination of the force of gravity acting on the sediment, and/or the movement of the fluid in which the sediment is entrained. An understanding of sediment transport is typically used in natural systems, where the particles are clastic rocks (sand, gravel, boulders, etc.), mud, or clay; the fluid is air, water, or ice; and the force of gravity acts to move the particles due to the sloping surface on which they are resting.",-0.03958333333333333,0.24375000000000002
DRAINAGE AMOUNT: Amount of water removed from am area.,0.0,0.0
"WAVE ENERGY PRODUCTION/USE: Refers to the production and use of wave energy for human consumption. Wave energy is the transport of energy by ocean surface waves, and the capture of that energy to do useful work.",0.15,0.05
RADAR BACKSCATTER: The (microwave) signal reflected by elements of  an illuminated scene back,0.0,0.0
in the direction of the radar. It is so named to make clear the difference,0.10000000000000002,0.3833333333333333
"between energy scattered in arbitrary  directions, and that which returns",-0.1,0.6
to the radar and thus may be received  and recorded by the sensor.,0.0,0.0
"SEDIMENTARY STRUCTURES: Sediments arranged in a definite pattern of organizations.Such as cross-bedding produced by migration of water ripples and dunes, graded bedding, a decrease in grain sizes going up in the bed that indicates diminishing force with time, etc.",0.0,0.5
EARTHQUAKE OCCURRENCES: Pertaining to the the mapping of locations of earthquake epicenters and their intensity.,0.0,0.0
"ISOSTATIC REBOUND: Occurs when a load is imposed on or removed from the lithosphere. The surface tends to rise or sink as the lithosphere rises or sinks in the asthenosphere. Loads may consist of large lakes, oceans, (on continental shelves during eustatic sea level), ice, sediment, thrust sheets, and volcanoes. The rising or sinking of the lithosphere will continue until isostatic equilibrium is reached.",0.057142857142857134,0.21428571428571427
"WILDFIRE SUPPRESSION: Refers to the firefighting tactics used to suppress wildfires. Firefighting efforts in wildland areas requires different techniques, equipment, and training from the more familiar structure fire fighting found in populated areas. Working in conjunction with specially designed firefighting aircraft, these wildfire-trained crews suppress flames, construct firelines, and extinguish flames and areas of heat to protect resources and natural wilderness. Wildfire suppression also addresses the issues of the wildland-urban interface, where populated areas border with wildland areas.",0.26642857142857146,0.5142857142857143
"NITRIC ACID: A strong acid, nitric acid (HNO3) is a colorless or yellowish,fuming, suffocating, caustic liquid. It is highly water-soluble.",-0.07666666666666669,0.5933333333333334
"ANABATIC WINDS: In mountain meteorology, an upslope wind driven by heating (usually daytime insolation) at the slope surface under fair-weather conditions.",-0.25,0.25
"STRAIN: Pertaining to the measurement, analysis, or modeling of strain that hasoccurred in the Earth's crust, either through in-situ measurements, or throughlaboratory experiments.",0.0,0.0
"LIZARDS/SNAKES: Phylum Chordata. Class Reptilia. Order Squamata. Lizards typically have feet and external ears. Snakes are elongated, legless, carnivorous reptiles with skin covered in scales.",-0.08333333333333333,0.3
"SEA ICE ELEVATION: Pertains to the measurement of the surface height of the sea ice. In particular, sea ice elevation is measured by the radar altimeter on board the NASA IceSat satellite.",0.16666666666666666,0.3333333333333333
"TABLE REEF: An isolated reef, approaching an atoll type, but without a lagoon.",0.0,0.0
"FRACTION OF ABSORBED PHOTOSYNTHETICALLY ACTIVE RADIATION (FAPAR): The fraction of the incoming solar radiation in the Photosynthetically Active Radiation spectral region that is absorbed by a photosynthetic organism, typically describing the light absorption across an integrated plant canopy.",0.09444444444444444,0.7000000000000001
SPRING: A natural flow of water from the sub-surface to the surface. Usually occurs when the water table intersects the Earth's surface.,-0.075,0.325
"WEATHERING: Breaking down of Earth's rocks, soils and minerals through direct contact with the planet's atmosphere. Weathering occurs in situ, or 'with no movement', and thus should not be confused with erosion, which involves the movement of rocks and minerals by agents such as water, ice, wind, and gravity.",-0.1138888888888889,0.4722222222222222
"SCENARIO PLANNING: Preparation based on a plausible description of how the future may develop based on a coherent and internally consistent set of assumptions about key driving forces (e.g., rate of technological change, prices) and relationships. Scenarios are neither predictions nor forecasts, but are used to provide a view of the implications of developments and actions. Preparation may differ for each plausible scenario considered.",0.2916666666666667,0.5125000000000001
"DISSOLVED CO2: The carbon dioxide dissolved in water has even more effect than the oxygen. Oxygen remains as an O2 molecule, whether it's in its gas phase or in solution, but when CO2 is dissolved in water, a small proportion of it reacts chemically with H2O to form carbonic acid, H2CO3. (There's no mystery about that: just add up the six atoms.) In water carbonic acid dissociates rapidly to form a H+ ion and HCO2 (bicarbonate), so it affects the carbonate equilibrium, and pH values change as a result. Dissolved CO2 lowers the average pH of rainwater to 5.7, even where 'acid rain' caused by pollution isn't a factor. The gentle acidity of rainwater is a major source for the weathering of minerals, which the carbonic acid leaches from rocks and which eventually find their way to the ocean.",0.07250000000000001,0.52
"BALEEN WHALES: Phylum Chordata. Class Mammalia. Order Artiodactyla. Mysticeti, commonly called Baleen Whales, are sexually dimorphic distinguished by their enlarged head with two blow holes and thick blubber and rely on baleen plates to sieve small organisms from saltwater during feeding.",-0.08750000000000001,0.5520833333333334
"PACK ICE: Pack ice refers to high concentrations of sea ice. When concentrations are60% or less, then the term drift ice is used.",-0.003333333333333327,0.3033333333333333
WATER TEMPERATURE: A measure of the average kinetic energy of the vibration of water molecules.,-0.15,0.39999999999999997
DOPPLER VELOCITY: The radial velocity of a target measured with a Doppler  radar.,0.0,0.0
CLOUD BASE TEMPERATURE: Cloud temperature observed at the cloud base. See definition for cloud base.,-0.8000000000000002,1.0
SENSOR COUNTS: The raw digital values recorded by the sensor.,-0.11538461538461539,0.23076923076923078
ICE EDGES: The ice edge is the demarcation at any given time between open water andthe sea (can also refer to river and lake ice) whether fast or drifting.,0.1,0.55
DIMETHYL SULFIDE: Dimethyl sulfide (DMS) is released by bacteria on the continents and in,0.0,0.0
the oceans. Oxidized in the marine atmosphere to partially form cloud,-0.1,0.3
condensation nuclei and this may effect the formation of clouds over the,0.0,0.0
"oceans. [Nature; v326, 655, 1987.] [Nature; v237, 452, 1972.]",0.0,0.0
"GLACIAL DISPLACEMENT: The displacement of a glacier. The speed of glacial displacement is partly determined by friction. Friction makes the ice at the bottom of the glacier move slower than the upper portion. In alpine glaciers, friction is also generated at the valley's side walls, which slows the edges relative to the center.",-0.03333333333333333,0.03333333333333333
WAVE LENGTH: The horizontal distance between two successive wave crests (or troughs) ina progressive wave.,0.0,0.0
"CARIBBEAN INDEX: The timeseries of SST anomalies averaged over the the Caribbean. Data is obtained from the COADS dataset for 1951-1991 and NCEP after. Anomalies were calculated relative to the 1951-2000 climatology, smoothed by three months running mean procedure and projected onto 20 leading EOFs. More information and the indexes forecasted values are available.",0.146875,0.396875
"RIVERS/STREAMS: River: A large, natural freshwater surface stream having a permanent seasonal flow and moving toward a sea, lake, or another river in a definite channel. Stream: A body of running water moving under the influence of gravity to lower levels in a narrow, clearly defined natural channel.",0.05238095238095238,0.41865079365079366
METAMORPHIC ROCK VERTICAL/GEOGRAPHIC DISTRIBUTION: The vertical and geographic distribution of metamorphic rocks within the solid Earth.,0.0,0.1
CHLOROPHYLL: Chlorophyll is the green pigment in plants responsible for absorbing thelight energy required for photosynthesis.,0.06666666666666667,0.6
REFLECTION: A method of exploration geophysics that uses the principles of seismology to estimate of the properties of the Earth's subsurface from reflected seismic waves. This measurement is also known as seismic reflection.,0.0,0.0
APPARENT SURFACE REFLECTIVITY: null,0.05,0.35
LIDAR WAVEFORM: LIDAR (Light Detection and Ranging) is an optical remote sensing technology that measures properties of scattered light to find range and/or other information of a distant target. A Full Waveform LiDAR System records the entire emitted and backscattered signal of each laser pulse. Full waveform LiDAR data are more complex to process however they can often capture more information compared to discrete return LiDAR systems.,0.17045454545454544,0.4954545454545455
"ANGSTROM EXPONENT: Aerosol Angstrom Coefficient is an exponent that expresses the spectral dependence of aerosol optical thickness (τ) with the wavelength of incident light (λ). The spectral dependence of aerosol optical thickness can be approximated (depending on size distribution) by, τa = β λα   where   α   is Angstrom exponent (β = aerosol optical thickness at 1 μm)Angstrom exponent (computed from τ measurements on two different wavelengths) can be used to find τ on another wavelength using the relation.The Angstrom exponent provides additional information on the particle size (larger the exponent, the smaller the particle size), aerosol phase function and the relative magnitude of aerosol radiances at different wavelengths.",0.06666666666666667,0.48333333333333334
SEVERE CYCLONIC STORMS (N. INDIAN): null,0.0,0.0
PARTICLE FLUX: The transport of a mass of sediment particles per unit area per unit time.,0.0,0.0
"SEA SURFACE SUBSKIN TEMPERATURE: The sea surface subskin temperature is the temperature at the base of the conductive laminar sub-layer of the ocean surface, that is, at a depth of approximately 1 - 1.5 millimeters below the air-sea interface. For practical purposes, this quantity can be well approximated to the measurement of surface temperature by a microwave radiometer operating in the 6 - 11 gigahertz frequency range, but the relationship is neither direct nor invariant to changing physical conditions or to the specific geometry of the microwave measurements. Measurements of this quantity are subject to a large potential diurnal cycle due to thermal stratification of the upper ocean layer in low wind speed high solar irradiance conditions.",-0.07826007326007328,0.4034432234432235
"PALUSTRINE WETLANDS: Palustrine Wetlands are areas along rivers that are at times, wet and at others, dry.",-0.08333333333333333,0.5
CYCLONES (SW INDIAN): null,0.0,0.0
GLACIAL GROWTH: The growth of a glacier over time,0.0,0.0
"PARTICLE TEMPERATURE: The measure of the heat of an object, namely of the average kinetic energy ofthe randomly moving particles in an object.",-0.325,0.44999999999999996
"Reference: the Cambridge Encyclopedia of the Sun, The Cambridge UniversityPress,",0.0,0.0
"Cambridge, CB2, 2RU, UK, 2110.",0.0,0.0
"BEARS: Phylum Chordata. Class Mammalia. Family Ursidae. Bears are canivoran mammals with large bodies, stocky legs, log snouts, small rounded ears, shaggy hairs distinguished by plantigrade paw with five nonretractile claws and short tails.",-0.01190476190476191,0.3761904761904762
"BIOMASS: Mass of biological material. Usually the total mass of a particular groupor category; for example, the biomass of producer organisms.",-0.02777777777777778,0.4444444444444444
"INDICATOR SPECIES: A species whose presence, absence, or relative well-being in a given environment is a sign of the overall health of its ecosystem. By monitoring the condition and behavior of an indicator species, scientists can determine how changes in the environment are likely to affect other species that are more difficult to study.",-0.019642857142857146,0.4107142857142857
"EAST ATLANTIC PATTERN: The East Atlantic (EA) pattern is the second prominent mode of low-frequency variability over the North Atlantic, and appears as a leading mode in all months. The EA pattern is structurally similar to the NAO, and consists of a north-south dipole of anomaly centers spanning the North Atlantic from east to west. The anomaly centers of the EA pattern are displaced southeastward to the approximate nodal lines of the NAO pattern. For this reason, the EA pattern is often interpreted as a “southward shifted” NAO pattern. However, the lower-latitude center contains a strong subtropical link in association with modulations in the subtropical ridge intensity and location. This subtropical link makes the EA pattern distinct from its NAO counterpart. This EA pattern is similar to that shown in the Barnston and Livezey (1987) study, but is distinctly different from the EA pattern originally defined by Wallace and Gutzler (1981).The positive phase of the EA pattern is associated with above-average surface temperatures in Europe in all months, and with below-average temperatures over the southern U.S. during January-May and in the north-central U.S. during July-October. It is also associated with above-average precipitation over northern Europe and Scandinavia, and with below-average precipitation across southern Europe.The EA pattern exhibits very strong multi-decadal variability in the 1950-2004 record, with the negative phase prevailing during much of 1950-1976, and the positive phase occurring during much of 1977-2004. The positive phase of the EA pattern was particularly strong and persistent during 1997-2004, when 3-month running mean values routinely averaged 1.0-2.0 standard deviations above normal.",0.11351325757575755,0.4351609848484848
"LACUSTRINE WETLANDS: Lacustrine Wetlands are lakes, or former lakes, that are naturally filledwith shallow water at certain times and more or less drained at othertimes.",0.05238095238095238,0.33968253968253975
"RED ALGAE: Division Rhodophyta. Red algae are characterized by accessory pigments phycoerythrin, phycocyanin and allophycocyanins in the phycobillisomes, lack of flagella and centrioles, starch as their storage product, unstacked thylakoids, and no chloroplast in the endoplasmic reticulum",0.0,0.0
"FIELD CROP PRODUCTS: Measurements related to any field crop (plants grown primarily for theirseed, e.g. corn, wheat, oats, soybeans) products which are articles ofcommerce.",0.2,0.45
ICE SHELVES: Portions of glaciers/ice sheets that are floating over the ocean.,0.0,0.0
MOUNTAIN BREEZES: A nocturnal component of the mountain–plains or mountain–valley wind systems encountered during periods of light synoptic flow.,0.4,0.7
"PARTICLE SPEED: The distance per unit time of particles propagating through the Earth'satmosphere or through the interplanetary magnetic fields as a result of solarevents. For example, the solar wind has a 'fast' component or high speed streamwith a speed of about 10*5 M/sec. and a 'slow' component of about 5x10*4 m/sec.",0.01999999999999998,0.5133333333333333
SATURATED ADIABATIC LAPSE RATE: The rate at which the temperature of a parcel of saturated air decreases as the parcel is lifted in the atmosphere.,0.0,0.0
FJORDS: Are formed when a glacier cuts a U-shaped valley by abrasion of the surrounding bedrock. Many such valleys were formed during the recent ice age. Glacial melting is accompanied by rebound of Earth's crust as the ice load and eroded sediment is removed (also called isostasy or glacial rebound).,0.16666666666666666,0.4166666666666667
"BASAL SHEAR STRESS: At the base of a glacier with minimal slope, the normal stress (σ) acting on the bed is mainly a result of the weight of a glacier.",-0.11666666666666667,0.5166666666666667
"QUANTITATIVE POLYMERASE CHAIN REACTION (qPCR): Also known as real-time PCR, is a method of DNA amplification that allows determination of the absolute quantity of target DNA in the sample according to a calibration curve constructed of serially diluted standard samples with known concentrations or copy numbers. It allows for the real-time quantification of amplicons, as opposed to post-amplification as in PCR.",0.1,0.45
AMOEBOIDS: Amoebas refer to any eukaryotic organism that has the ability to alter it's shape by extending and contracting their pseudopods,0.0,0.0
"CAVES: A natural underground space large enough for a human to enter. Some people suggest that the term cave  should only apply to cavities that have some part that does not receive daylight; however, in popular usage, the term includes smaller spaces like sea caves, rock shelters, and grottos.",0.13061224489795917,0.5469387755102041
"PARTICULATE MATTER: Particulate matter in ice cores (continental dust, volcanic ash, diatoms, andpollen)can provide information on past climate conditions and climatevariability.",-0.25,0.25
"AMMONIA: A gaseous compound of one nitrogen atom and three hydrogen atoms, NH3, thatis highly water-soluble. A dissolved form, ammonium, NH4+, is a nutrientand is listed as a detailed variable under ammonia.",0.28,0.645
"CARBON CYCLE/CARBON BUDGET MODELS: Models relating to carbon cycle modeling that simulates, over a given period oftime, carbon interactions on the ecosphere.",0.0,0.0
"TURBIDITY: Measurement of the degree of scattering of light in water, related tothe amount of suspended material in the water.",0.2,0.55
"RESAMPLING: The method that consists of drawing repeated samples from the original data samples. The method of Resampling is a nonparametric method of statistical inference. In other words, the method of resampling does not involve the utilization of the generic distribution tables (for example, normal distribution tables) in order to compute approximate p probability values.",0.0,0.475
ASK-A OCEANOGRAPHER: Digital reference services that use the Internet to connect people with peoplewho can answer questions about the marine and oceanographic sciences.,0.0,0.0
GLACIER ACCUMULATION: Mass gained by a glacier from all processes.,0.0,0.0
"CARBONATE: A dissolved ion of carbonic acid, with the chemical formula CO3(-2), formedby dissolution of carbon dioxide in water. Other forms of carbonate, suchas bicarbonate, HCO3-, are included with this variable as detailedvariables.",-0.125,0.375
"METHYL CHLORIDE: CH3Cl, this compound supplies chlorine to the stratosphere by occasional volcanic eruptions and by tropospheric to stratospheric transport. Methyl chloride is also produced by seaweed. The natural chlorine content of the stratosphere as a consequence of these sources is about 0.6 ppbv.",0.05,0.2625
HEAVY NUCLEI FLUX: Solar energetic particles consisting of nuclei of elements heavier than protonsand electrons.,0.15,0.5
"RIVER/LAKE ICE BREAKUP: The process by which ice melts and breaks apart in lakes and rivers. Ice breakup in lakes and rivers has been watched carefully by people living in cold climates, allowing us to observe progressive earlier breakup associated with climate warming. Ice breakup is important to people because it indicates that waterways blocked by ice will soon be navigable, allowing transport of goods, hunting, recreation, and other activities of economic and social importance.",-0.02738095238095237,0.5916666666666667
SEA ICE STRESS: null,0.0,0.0
"GLACIER EXTENT: Glacier extent is a glacier outline in horizontal space separating the glacier from unglacierized terrain or, at divides, from contiguous glaciers.",0.0,0.0
"PARTICULATE MATTER (PM 2.5): A type of air pollution that consists of extremely small particles that are 2.5 micrometers or less in diameter. These particles are so small that thousands of them could fit in the period at the end of a sentence. PM2.5 is a mixture of dust, soot, organic chemicals, and metals that can come from a variety of sources, including cars, trucks, factories, and wood burning.",-0.06666666666666665,0.31666666666666665
"DOME TEMPERATURE: External temperature of the instrument, usually a  pyrgeometer.",-0.125,0.175
"CONVECTION: Convection is energy transfer through motion of within the fluid resultingin transport and mixing of the properties of the fluid. Inoceanography, convection plays a role in the transfer of heat away fromthe ocean. As the air near the  warm sea surface gets heated, it expandsand rises, carrying the heat away. In physical oceanography, the sinkingof surface waters to form deep water masses, a process of fundamentalimportance for ocean climate and the maintenance of a stably stratifiedworld ocean. There are two main types of deep convection, the physics ofwhich are very different. The first is convection near an open boundary,which involves the formation of a dense water mass which reaches thebottom of the ocean by descending a continental slope. The second type isopen-ocean deep convection, where the sinking occurs far from land and ispredominantly vertical.",0.08777777777777779,0.39263492063492067
ICE EXTENT: The minimum or maximum length of the ice or ice edge into the open water.,0.0,0.5
Also refers to the extent of the ice pack into the open ocean (which,0.0,0.5
varies seasonally).,0.0,0.0
TOXIN CONCENTRATION: Concentrations of toxic chemicals produced by harmful algal blooms.,0.0,0.0
SUSPENSION: A heterogeneous fluid containing solid particles that are sufficiently large for sedimentation.,0.07142857142857142,0.20952380952380953
MEAN SEA SURFACE: The mean sea surface is the displacement of the sea surface relative to a mathematical model of the earth and it closely follows the geoid.,-0.15625,0.34375
"WATERBORNE DISEASES: Diseases caused by consuming water that contains harmfulmicroorganisms, biotoxins, or toxic contaminants. Examples includecholera, schistosomiasis, and other gastrointestinal problems.Waterborne diseases are often the result of unsafe sanitation practicesor a breakdown in infrastructure that can be a result of or exacerbatedby various natural hazards, such as flood or drought.",-0.006249999999999999,0.44375
"SANGER SEQUENCING: Sanger sequencing, also known as the chain termination method, is a technique for DNA sequencing based upon the selective incorporation of chain-terminating dideoxynucleotides (ddNTPs) by DNA polymerase during in vitro DNA replication.",0.0,0.0
ACCRETION: The process where coastal sediments return to the visible portion of the beach following storm erosion.,0.0,0.1
"DEBRIS THICKNESS: Thickness of unconsolidated sediment of boulder (clast) fragments, predominantly originating from physical weathering.",0.0,0.14285714285714285
MINOR ELEMENTS: Elements that constitute 1 to 0.1 wt. % of a rock as determined in a chemical analysis.,-0.05,0.2
"THERMAL INFRARED: Thermal infrared Infrared radiation which has a wavelength between 3.0 μm and 100 μm. At normal environmental temperatures objects emit infrared between these wavelengths; hotter objects, such as fires, emit infrared at wavelengths shorter than thermal infrared. Compare REFLECTED INFRARED.",0.075,0.575
UPWELLING LONGWAVE RADIATION: The infrared energy emitted from the earth at wavelengths between about 5 and 25 micrometers.,0.0,0.0
EVAPORATION: The physical process by which a liquid is transformed to the gaseousstate. Evaporation also implies a loss of heat from the ocean surface andis an important term in determining the heat budget of the ocean.,0.2,0.5714285714285714
SUBMERGENCE: To cover with water; inundate.,0.0,0.0
GLACIER RUNOFF: The amount of water produced by glacial melt.,0.0,0.0
"DEPOSITION: The act of depositing material, especially by a natural  process; the resultant deposit.",0.2,0.8
GLACIER MELT: Mass lost by a glacier due to melting.,-0.125,0.375
"SEA LEVEL CHANGE: Sea levels around the world are rising. Current sea-level rise potentially affects human populations (e.g., those living in coastal regions and on islands) and the natural environment (e.g., marine ecosystems).  Two main factors contributed to observed sea level rise. The first is thermal expansion: as ocean water warms, it expands. The second is from the contribution of land-based ice due to increased melting. The major store of water on land is found in glaciers and ice sheets.",0.05046296296296296,0.3824074074074074
"SALTATION: A specific type of particle transport by fluids such as wind, or the denser fluid water. It occurs when loose material is removed from a bed and carried by the fluid, before being transported back to the surface.",-0.012820512820512822,0.1823717948717949
METEORITE AGE DETERMINATIONS: An analysis and determination of the age meteorites,0.0,0.0
SALINITY: How salty the water is.   Brine has a very high salinity.   Fresh water has a,0.254,0.601
salinity of zero.,0.0,0.0
"ARGON ISOTOPES: (Ar) has 24 known isotopes, from 30Ar to53Ar and 1 isomer (32mAr), three of which are stable, 36Ar, 38Ar, and40Ar.",-0.75,1.0
"SEDIMENT THICKNESS: Definition: The sediment thickness at any location on the continental margin is the vertical distance from the sea floor to the top of the basement at the base of the sediments, regardless of the slope of the sea floor or the slope of the top basement surface.",0.06666666666666665,0.6666666666666666
"BIBLIOGRAPHIC DATABASES: A computerized file consisting of electronic entries or records, each ofwhich represents a document or bibliographic item retrievable by author,title, subject heading (descriptor), or keywords. Although somebibliographic databases are general in scope and coverage, most areindexes and abstracting services which provide access to the literature ofa specific field or discipline.",0.09583333333333334,0.3645833333333333
Hypsometry: elevation and depth measurements of features of the Earth’s surface made with respect to sea level,0.0,0.0
SUSPENDED SOLIDS: Sediment particles supported by the upward currents in eddies of turbulent flow in the surrounding fluid.,0.0,0.1
"BAR: A linear  shoaling landform feature within a body of water. Bars tend to be long and narrow (linear) and develop where a current (or waves) promote deposition of particles, resulting in localized shallowing (shoaling) of the water.",-0.08333333333333333,0.4000000000000001
FLIGHT DATA LOGS: Records events that take place during the aircraft flight.,0.0,0.0
SEA URCHINS: Phylum Echinodermata. Class Echinoidea. Marine invertebrates with five-fold symmetry visible on the test and spines used for protection,0.0,0.0
"SWAMPS: An area of land that is always soaked with water; low, wet land that supports grass and trees. Swamps are wet areas that are normally covered by water all year and subject to drying out during the summer.  The parameter Swamp may be colloquially interchanged with the parameter Marshes.",-0.043333333333333335,0.4166666666666667
"GROWING DEGREE DAYS: a heuristic tool in phenology. GDD are a measure of heat accumulation used by horticulturists, gardeners, and farmers to predict plant and pest development rates such as the date that a flower will bloom or a crop reach maturity.",0.0,0.5
"LANDSCAPE PROCESSES: The physical processes that shape an area of land, including landforms, living elements of flora and fauna, and human activity and the built environment.",0.0,0.12142857142857143
"CUMULUS HUMILIS: (Also called fair-weather cumulus.) A species of cumulus characterized by small vertical development, uniform flat bases and a general similarity among clouds.Its vertical growth is usually restricted by the existence of a temperature inversion in the atmosphere; this in turn explains the unusually uniform height of the cloud tops of this cumulus species. A single cloud element that is able to penetrate the inversion may develop into cumulus congestus or even further to become cumulonimbus. As in all species of cumulus, wind shear with height may give rise to a hard appearance upshear, where cloud erosion in dry environment air is taking place, and a fuzzy appearance downshear . This species is unique to the genus cumulus.",-0.04831349206349206,0.5629960317460317
TRACE ELEMENTS: An element whose dissolved concentration is between 50 and 0.05 micromolesper kilogram. Most are metals and can be referred to as trace metals.Specific names of trace elements may be entered as Detailed Variables.,0.45,0.625
"SUSPENDED SOLIDS: Particulate matter suspended in the water column, greater than0.45 micrometers, as distinguished from dissolved solids which are lessthan 0.45 micrometers.  Synonymous with Particulates.",0.5,0.5
RETURN POWER: Definition currently not available.,-0.2,0.4
HYDROCARBONS: Organic compounds composed entirely of carbon and hydrogen atoms.,0.0,0.625
"TRANSVERSE CREVASSES: Are transverse to flow, as a glacier accelerates where the slope steepens.",0.0,0.0
INORGANIC MATTER: Dissolved or particulate substances that are not hydrocarbons or hydrocarbon derivatives.,0.0,0.0
"FAMINE: Widespread scarcity of food caused by several factors including crop failure, overpopulation, or government policies. This phenomenon is usually accompanied or followed by regional malnutrition, starvation, epidemic, and increased mortality.",-0.18888888888888888,0.18333333333333335
"COUPLED SYSTEM FEEDBACKS: Processes or interactions between systems, such as the ocean andatmosphere, through which the climate system is controlled, changed,or modulated. Examples include process that influence the flux of heat,freshwater, and radiatively active trace gases between the ocean andatmosphere as well as those that influence the exchange of carbondioxide between the atmosphere and terrestrial biosphere.",-0.044444444444444446,0.4000000000000001
"ICE TYPES: Ice Types is a general term applied to sea, river, and lake ice todescribe attributes such as age, stage of development or growth, orsurface feature.",0.02500000000000001,0.5
"PLATE TECTONICS: A theory of global tectonics in which the lithosphere is divided into a number of plates whose pattern of horizontal movement is that of torsionally rigid bodies that interact with one another at their boundaries, causing seismic and tectonic activity along these boundaries.",0.0,0.0
"PLATEAU: An area of highland, usually consisting of relatively flat terrain. A highly eroded plateau is called a dissected plateau. A volcanic plateau is a plateau produced by volcanic activity.",-0.03833333333333334,0.305
"SNOW GRAINS: (Also called granular snow.) Precipitation in the form of very small, white opaque particles of ice; the solid equivalent of drizzle.They resemble snow pellets in external appearance, but are more flattened and elongated, and generally have diameters of less than 1 mm; they neither shatter nor bounce when they hit a hard surface. Descriptions of the physical structure of snow grains vary widely and include very fine, simple ice crystals; tiny, complex snow crystals; small, compact bundles of rime; and particles with a rime core and a fine glaze coating. It is agreed that snow grains usually fall in very small quantities, mostly from stratus clouds or from fog, and never in the form of a shower.",-0.03749999999999999,0.3974166666666667
TYPHOONS (WESTERN N. PACIFIC): null,0.0,0.0
"KAME DELTA: A glacial landform made by a stream flowing through glacial ice and depositing material upon entering a lake or pond at the end or terminus of the glacier, thus 'in front' of it, a proglacial lake.",0.0,0.0
"INFRARED RADIANCE: In radiometery, a measure of the intrinsic radiant intensity emitted by",0.0,0.0
a radiator in a given direction. Radiance is measured in watts per square,0.0,0.0
meter and steradian.   Units: W·sr^−1·m^−2,0.0,0.0
"CLOUD-SCREENED TOTAL COLUMN NITROGEN DIOXIDE (NO2): Refers to a measurement of the total amount of nitrogen dioxide (NO2) present in a vertical column of the atmosphere, where data points affected by clouds have been removed or 'screened out' to provide a more accurate representation of the overall NO2 concentration in a given area; essentially, it is a satellite-based measurement of atmospheric NO2 that only considers clear sky observations, eliminating the influence of clouds on the data.",0.10000000000000002,0.43166666666666664
"AMMONIA: Ammonia (NH3) is a reduced nitrogen gas and is emitted in large quantities fromanimal feedstocks, sewerage plants, etc. Ammonia is very soluble in water andis scavenged from the lower atmosphere by clouds. Ammonia is the most abundantalkaline gas in the atmosphere and plays a large role in neutralizing acidityfrom sulfuric and nitric acids via formation of the ammonium ion.",0.28214285714285714,0.4142857142857143
SENSIBLE HEAT FLUX: null,0.0,0.0
ROTIFERS: Phylum Rotifera. Microscopic aquatic animals with a complete digestive tract complete with mouth and anus.,0.1,0.4
CHLOROPHYLL: Chlorophyll is the green pigment in plants responsible for absorbing the light energy required for photosynthesis.,0.15000000000000002,0.625
"BARRIER ISLANDS: Elongate sand bar formed parallel to the shore in areas ofconsiderable sediment flux, but separated from shore by a lagoon, andpierced at intervals by inlets through which the sea communicates withlagoon and river.",0.0,0.0
"GROUND WATER: Ground water in its broadest sense includes all subsurface water whether in itsliquid, solid or gaseous state, provided it is not chemically combined with theminerals present. In practice, it is all subsurface water that participates inthe hydrological cycle.",0.0,0.05
RIFTS: null,0.0,0.0
"MACROALGAE (SEAWEEDS): 'Macroalgae, or seaweeds, are the dominant marine plants inhabitingtemperate coasts. Macroalgae contain chlorophyll and an assortment ofadditional pigments spanning the visible spectrum from blue to red.Historically, classification was based on pigmentation. At present, theclassification of marine algae relies on additional diagnosticcharacteristics. Although pigmentation is only one of the characteristicsused to classify the algae, the original names, which were based on color,have been retained. The major divisions of seaweed are greenalgae (Chlorophyta), red algae (Rhodophyta), and brown algae(Phaeophyta).",0.07291666666666667,0.39166666666666666
"CILIATES: Ciliates are members of the phylum Ciliophora. As their name implies,ciliates use numerous cilia as locomotor organelles.  The ciliates exhibitthe greatest elaboration of subcellular organelles of any protozoan group,where, for example, the Paramecium has a special oral groove andcytopharynx, into which indigestible wastes are expelled from foodvacuoles.",0.2892857142857143,0.5178571428571428
"DEPOSITION: The act of depositing material, especially by a natural  process; the resultant deposit.",0.2,0.8
"GLACIER/HANGING/U-SHAPED VALLEYS: The terms U-shaped and V-shaped are descriptive terms of geography to characterize the form of valleys. Most valleys belong to one of these two main types or a mixture of them, at least with respect of the cross section of the slopes or hillsides.",0.09166666666666666,0.30833333333333335
CHLORINE MONOXIDE: ClO - a radical species which plays an important role in the breakdown,0.4,1.0
of stratospheric ozone over Antarctica. Formed by the photolysis of CFCs,0.0,0.0
"in the stratosphere and the subsequent destruction of an ozone molecule,",0.0,0.05
these radicals can act as a catalyst in the destruction of ozone while not,0.0,0.0
"being destroyed themselves. ClO, reacting with a oxygen atom (present from",0.0,0.0
"the Chapman Mechanism), releases a free chlorine radical once again. As a",0.4,0.8
"result, one Cl atom can destroy thousands of ozone molecules before being",-0.2,0.0
sequestered as HCl or another reservoir species (see chlorine nitrate).,0.0,0.0
[Earth Island Journal; v 7; page 18; 1992.] [Chronicle of Higher,0.25,0.5
Education; v 38; pages A6-A7; 1992.],0.0,0.0
SEASONALLY FROZEN GROUND: Ground that freezes and thaws annually.,0.0,0.0
TOTAL SURFACE WATER: All bodies of water on the surface of the Earth.,0.0,0.75
CLOUD AMOUNT: The amount of sky estimated to be covered by a specified cloud type or level (partial cloud amount) or by all cloud types and levels (total cloud amount).,-0.05,0.525
"OCEANIC NINO INDEX: Beginning in December 2008, the Oceanic Nino Index (ONI) is calculated using Version 3b of the extended reconstructed sea surface temperature (ERSST) dataset. More information on this new dataset is provided here (see refefrence link). This new monthly analysis replaces ERSST Version 3, which will no longer be updated. In the meantime, we are temporarily providing web links to the ONI based on ERSST.v3b and ERSST.v3.",0.25757575757575757,0.4696969696969697
POTENTIAL VORTICITY: (Sometimes called absolute potential vorticity.) The specific volume times the scalar product of the absolute vorticity vector and the gradient of potential temperature.,-0.05,0.8464285714285715
FLOUNDERS: Phylum Chordata. Class Actinopterygii. Order Pleuronectiformes. Flatfish are ray-finned demersal fishes.,0.0,0.0
LENGTH OF FREEZE FREE PERIOD: Calculated as the difference between mean/median dates of last Spring and first Autumn freezes.,0.21666666666666667,0.39999999999999997
CLEAVAGE: Breakage of a mineral along a flat plane of weakness.,-0.025,0.125
SEVERE TROPICAL CYCLONES (SW PACIFIC/SE INDIAN): null,0.0,0.0
HURRICANES (N. ATLANTIC/E. PACIFIC): null,0.0,0.0
CONDUCTIVITY: The degree to which an electrical current can pass through water due toions dissolved in the water. Salinity is often calculated fromconductivity and temperature.,-0.0625,0.3875
OCEAN BOTTOM PRESSURE: The sum of the mass of the atmosphere and ocean in a 'cylinder' above the seafloor.,0.0,0.1
"ACORN WORMS: Common name for any worm-shaped marine invertebrates characterized by three body parts, covering of cilia and solitary benthic lifestyle.",-0.3,0.5
"OCEAN PLATEAUS/RIDGES: Geological features pertaining to the large, flat rises or ridges.  A ridge isa long, narrow elevation of the sea floor, with steep sides and irregulartopography.  Ocean plateaus refer to an area of highland, usually consisting ofrelatively flat rises, and are formed when land has been uplifted and theneroded by wind or water.",-0.055952380952380955,0.2880952380952381
RADIATION EXPOSURE: Exposure to ionizing and non-ionizing radiation on humans.,0.0,0.0
"MASS EXTINCTIONS: mass extinction is a sharp decrease in the diversity and abundance of macroscopic life. They occur when the rate of extinction increases with respect to the rate of speciation. Because the majority of diversity and biomass on Earth is microbial, and thus difficult to measure, recorded extinction events affect the easily observed, biologically complex component of the biosphere rather than the total diversity and abundance of life.[1]",-0.09833333333333333,0.7466666666666667
"PALEOMAGNETISM: Pertaining to the use of remnant magnetic signatures within the rocks of the Earth's crust to determine the state of the Earth's magnetic field at a given time into the past, or to locate a paleocontinent on the surfaceof the Earth.",-0.25,0.25
OCEAN COASTAL UPWELLING INDEX: Upwelling is an important process affecting plankton production off the Pacific Northwest. The CUI is a measure of the volume of water that upwells along the coast; it identifies the amount of offshore transport of surface waters due to geostrophic wind fields. Indices are in units of cubic meters per second along each 100 meters of coastline. Positive numbers indicate offshore transport for the upwelling index product and southward transport for the along-shore product. The CUI was developed by Dr. Andrew Bakun (Bakun 1973) and is provided by the Pacific Fisheries Environmental Lab (PFEL) of NOAA National Marine Fisheries Service (NMFS).,0.12045454545454545,0.44409090909090904
"ICE STUPA: Ice Stupa is a form of glacier grafting technique that creates artificial glaciers, used for storing winter water (which otherwise would go unused) in the form of conical shaped ice heaps. During summer, when water is scarce, the Ice Stupa melts to increase water supply for crops.",-0.6,1.0
"BRIGHTNESS TEMPERATURE: The apparent temperature of the surface assuming a surface emissivity of 1.0. Setting the emissivity to one is equivalent to assuming the target is a blackbody, so the brightness temperature is defined as the temperature a blackbody would be in order to produce the radiance perceived by the sensor.Brightness Temperature is a descriptive measure of radiation in terms of the temperature of a hypothetical blackbody emitting an identical amount of radiation at the same wavelength. The brightness temperature is obtained by applying the inverse of the Planck function to the measured radiation. Depending on the nature of the source of radiation and any subsequent absorption, the brightness temperature may be independent of, or highly dependent on, the wavelength of the radiation. Units: C",0.042,0.238
SEDIMENTARY ROCK AGE DETERMINATIONS: An analysis and determination of the age of sedimentary rocks.,0.0,0.0
"WEATHERING: Breaking down of Earth's rocks, soils and minerals through direct contact with the planet's atmosphere. Weathering occurs in situ, or 'with no movement', and thus should not be confused with erosion, which involves the movement of rocks and minerals by agents such as water, ice, wind, and gravity.",-0.1138888888888889,0.4722222222222222
"ISLAND: Piece of sub-continental land that is surrounded by water. Very small islands such as emergent land features on atolls can be called islets, cays or keys.",-0.1625,0.51
TOTAL PRESSURE: The sum of the static pressure and the dynamic pressure when these conceptsare applicable. (Also called Stagnation Pressure),0.16666666666666666,0.6055555555555555
DEPTHS AT SPECIFIC AGES: null,0.0,0.125
"STREAM TERRACE: Also known as fluvial terraces are elongated terraces that flank the sides of floodplains and fluvial valleys all over the world. They consist of a relatively level strip of land, called a “tread,” separated from either an adjacent floodplain, other fluvial terraces, or uplands by distinctly steeper strips of land called “risers.” These terraces lie parallel to and above the river channel and its floodplain. Because of the manner in which they form, fluvial terraces are underlain by fluvial sediments of highly variable thickness.",0.055833333333333325,0.21916666666666665
SUSPENSION: A heterogeneous fluid containing solid particles that are sufficiently large for sedimentation.,0.07142857142857142,0.20952380952380953
AIR TEMPERATURE RECONSTRUCTION: Reconstruction of past air temperatures using paleoclimate proxy records.,-0.25,0.25
GROUNDWATER CHEMISTRY: Pertaining to the various chemical substances contained within,0.0,0.5
groundwater.,0.0,0.0
"CIRRUS/SYSTEMS: A principal cloud type, forming in the high levels of the troposphere, composed of ice crystals which appear from the ground as white tufts or filaments. In aviation forecasts and reports it is coded as CI.",0.08,0.26999999999999996
"GREEN ALGAE: Green algae are distinguished by chlorophyll a and b proportions, accessory pigments beta-carotene, and xanthophylls in stacked thylakoids. Cell walls are typically cellulose and they store carbohydrates as starch",-0.18888888888888888,0.3666666666666667
"DECOMPOSITION: The separation of a chemical compound into elements or simpler compounds. It is sometimes defined as the exact opposite of a chemical synthesis. Chemical decomposition is often an undesired chemical reaction. The stability that a chemical compound ordinarily has is eventually limited when exposed to extreme environmental conditions like heat, radiation, humidity or the acidity of a solvent. The details of decomposition processes are generally not well defined, as a molecule may break up into a host of smaller fragments. Chemical decomposition is exploited in several analytical techniques, notably mass spectrometry, traditional gravimetric analysis, and thermogravimetric analysis.",0.027857142857142858,0.41428571428571426
VISIBLE FLUX: The amount of visible radiation transferred across a given unit of surface,0.0,0.0
area in a given unit of time.,0.0,0.0
GEOLOCATION: Sensor location at Earth's surface.(definition provided by NSIDC),0.0,0.0
"HYDROLOGICAL HAZARDS MAPPING: Mapping of ​hazards caused by the occurrence, movement, or distribution of surface and subsurface freshwater and saltwater. Examples include flooding, drought, mudslides, and avalanches.",0.0,0.0
GAS HYDRATES VERTICAL/GEOGRAPHIC DISTRIBUTION: The vertical and geographic distribution of gas hydrates within the solid Earth.,0.0,0.1
PLATE TECTONICS: A theory of global tectonics in which the lithosphere is,0.0,0.0
divided into a number of plates whose pattern of horizontal movement is,0.0,0.0
that of torsionally rigid bodies that interact with one another at their,0.0,0.0
"boundaries, causing seismic and tectonic activity along these boundaries.",0.0,0.0
"SOFT CORALS: Phylum Cnidaria. Class Anthozoa. Subclass Octocorallia.  Common name of water-based organisms formed by colonial polyps with 8 fold symmetry, clacking a distinct stony skeleton distinguished by minute, spiny skeletal sclerites used in identification",0.03333333333333333,0.3833333333333333
"SEDIMENT TRANSPORT: The movement of solid particles (sediment), typically due to a combination of the force of gravity acting on the sediment, and/or the movement of the fluid in which the sediment is entrained. An understanding of sediment transport is typically used in natural systems, where the particles are clastic rocks (sand, gravel, boulders, etc.), mud, or clay; the fluid is air, water, or ice; and the force of gravity acts to move the particles due to the sloping surface on which they are resting.",-0.03958333333333333,0.24375000000000002
SEVERE TROPICAL CYCLONES (SW PACIFIC/SE INDIAN): null,0.0,0.0
UV SPECTRAL: Pertaining to electromagnetic radiation of shorter wavelength than visible radiation but longer than x-rays at specific ranges.,0.0,0.125
"SEA ICE/OCEAN CLASSIFICATION: Optical imagery is classified into three main surface categories: (1) Snow and bare ice, (2) melt ponds and submerged ice, and (3) ocean. The snow and ice category is further split into two subcategories based on melt state and/or ice thickness: (1a) Snow and bright ice, and (1b) dark or thin ice.",-0.14166666666666666,0.6229166666666668
"MICROCLIMATE: The fine climatic structure of the air space that extends from the very surface of the earth to a height where the effects of the immediate character of the underlying surface no longer can be distinguished from the general local climate (mesoclimate or macroclimate).The microclimate varies with and in turn is superimposed upon the larger-scale conditions. While some rigid limits have been placed on the thickness of the layer concerned, it is more realistic to consider variable thicknesses. (Observe the microclimate of a putting green versus that of a redwood forest.) Generally, four times the height of surface growth or structures defines the level where microclimatic overtones disappear. Microclimate can be subdivided into as many different classes as there are types of underlying surface. With sufficient detail, this could be almost limitless. Currently, the most studied broad types are the 'urban microclimate,' affected by pavement, buildings, air pollution, dense inhabitation, etc., the 'vegetation microclimate,' concerned with the complex nature of the air space occupied by vegetation, and its effects upon the vegetation (see phytoclimatology); and the microclimate of confined spaces (the cryptoclimate) of houses, greenhouses, caves, etc.",0.12972222222222224,0.37638888888888894
"SPECIES DISTRIBUTION MODELS: Species distribution models (SDMs) are numerical tools that combine observations of species occurrence or abundance with environmental estimates. They are used to gain ecological and evolutionary insights and to predict distributions across landscapes, sometimes requiring extrapolation in space and time. SDMs are now widely used across terrestrial, freshwater, and marine realms. Differences in methods between disciplines reflect both differences in species mobility and in “established use.” Model realism and robustness is influenced by selection of relevant predictors and modeling method, consideration of scale, how the interplay between environmental and geographic factors is handled, and the extent of extrapolation. Current linkages between SDM practice and ecological theory are often weak, hindering progress. Remaining challenges include: improvement of methods for modeling presence-only data and for model selection and evaluation; accounting for biotic interactions; and assessing model uncertainty.",0.10357142857142858,0.5178571428571429
"SALTATION: A specific type of particle transport by fluids such as wind, or the denser fluid water. It occurs when loose material is removed from a bed and carried by the fluid, before being transported back to the surface.",-0.012820512820512822,0.1823717948717949
"CALIBRATION: The action or process of calibrating an instrument or experimental readings. For NSIDC, the keyword represents calibration reports, such as the ones produced for the IceBridge DMS camera.",0.06666666666666667,0.3333333333333333
"VOLCANIC FORCING: Volcanic eruptions can inject large amounts of aerosols into the atmosphere, increasing the earth's albedo (reflectivity) and cooling the climate.",0.21428571428571427,0.42857142857142855
"TSUNAMIS: Japanese for 'wave in bay.'  A long-period wave generated byrapid displacement of water, such as by seismic disturbances to the seafloor.  Tsunamis travel at speeds of about 700 km/h in the open ocean andbuild to dangerous heights and energy density when their speed slows inshallow waters.",-0.15,0.475
CULTURAL FEATURES: Any human constructions which constitute a prominent aspect of the land.,0.19999999999999998,0.39999999999999997
"WATER HARDNESS: A condition caused predominantly by dissolved salts of calcium, magnesium and iron, such as bicarbonates, carbonates, sulfates, chlorides and nitrates, a water-quality indicator of the concentration of alkaline salts in water, hard water requires more soap, detergent or shampoo to raise a lather.",0.06944444444444443,0.5138888888888888
UPWELLING/DOWNWELLING: The upward motion of seawater anywhere in the oceans.,0.0,0.0
"PYROCUMULONIMBUS: Pyrocumulonimbus is the fire-breathing dragon of clouds. A cumulonimbus without the ''pyre'' part is imposing enough -- a massive, anvil-shaped tower of power reaching five miles (8 km) high, hurling thunderbolts, wind and rain.Add smoke and fire to the mix and you have pyrocumulonimbus, an explosive storm cloud actually created by the smoke and heat from fire, and which can ravage tens of thousands of acres. And in the process, ''pyroCb'' storms funnel their smoke like a chimney into Earth's stratosphere, with lingering ill effects.",-0.06799999999999999,0.628
DOWNWELLING SHORTWAVE RADIATION: Downward portion of shortwave radiation. Shortwave radiation is typically solar in origin and has wavelengths shorter than 4 microns.,-0.16666666666666666,0.5
"LAND USE/LAND COVER CLASSIFICATION: Relates to the type of feature present on the surface of the earth. This can include such things as corn fields, lakes, maple trees, and concrete highways.",0.05000000000000001,0.26666666666666666
"TSUNAMIS: A wave train, or series of waves, generated in a body of water by an impulsive disturbance that vertically displaces the water column. Earthquakes, landslides, volcanic eruptions, explosions, and even the impact of cosmic bodies, such as meteorites, can generate tsunamis. Tsunamis can savagely attack coastlines, causing devastating property damage and loss of life.",-0.5,0.75
"SEDIMENT CHEMISTRY: Refers to the chemical makeup and characteristics of sediments. In chemistry, sedimentation has been used to measure the size of large molecules (macromolecule), where the force of gravity is augmented with centrifugal force in an ultracentrifuge.",0.21428571428571427,0.42857142857142855
"WEATHERING: Breaking down of Earth's rocks, soils and minerals through direct contact with the planet's atmosphere. Weathering occurs in situ, or 'with no movement', and thus should not be confused with erosion, which involves the movement of rocks and minerals by agents such as water, ice, wind, and gravity.",-0.1138888888888889,0.4722222222222222
VEGETATION WATER POTENTIAL: Water potential is defined by its chemical activity or free energy.,0.13333333333333333,0.9333333333333332
DEW POINT TEMPERATURE: The temperature to which a given air parcel must be cooled at constant pressure and constant water vapor content in order for saturation to occur.,0.0,0.3333333333333333
"DEW POINT DEPRESSION: (Also called spread, dewpoint spread, dewpoint deficit.) The difference in degrees between the air temperature and the dewpoint.",-0.75,1.0
"SNOW RADIATIVE FORCING: Snow radiative forcing is a measure of the additional absorption of solar radiation from light-absorbing particles (LAP) such as dust or soot. Units of measure are watts per square meter (W/m2). Radiative forcing is calculated by the difference between the net (downward minus upward) radiative fluxes (irradiance) with and without LAP across a portion of the visible spectrum, for example from 0.350 to 0.876 um. This value depends on the amount of dust or soot, particle size distribution, and the amount of incoming solar radiation.",-0.03333333333333333,0.19999999999999998
"NORMALIZED DIFFERENCE VEGETATION INDEX (NDVI): An index of plant “greenness” or photosynthetic activity, and is one of the most commonly used vegetation indices.",0.1,0.5
"NORTHERN OSCILLATION INDEX: The NOI (extratropical-based Northern Oscillation Index) and its analog, the SOI* (extratropical-bassed Southern Oscillation Index) are new indices of midlatitude climate fluctuations that show interesting relationships with fluctuations in marine ecosystems and populations. They reflect the variability in equatorial and extratropical teleconnections and represent a wide range of local and remote climate signals. The indices are counterparts to the traditional SOI (Southern Oscillation Index) that relate variability in the atmospheric forcing of climate change in northern and southern midlatitude hemisphere regions.",0.04363636363636364,0.23045454545454547
SEDIMENTARY TEXTURES: The characterization of sediment by the size of individual particles; the classification of sediment by particle-size classes,0.0,0.4
"RADON SURFACE: The measurement of Radon (chemical symbol Rn, an odorless, colorless, radioactive gas) at the surface of the earth. Radon comes from the natural decay of uranium and radium found in nearly all rocks and soils.",0.1,0.4
"BASINS: An area of land where precipitation collects and drains off into a common outlet, such as into a river, bay, or other body of water, but considers the flow of ice over the frozen continent.",-0.14166666666666666,0.4583333333333333
"DOGS/FOXES/WOLVES: Phylum Chordata. Class Mammalia. Order Carnivora. Family Canidae. Digitigrade caniform animals with elongated legs, non-retractile claws, with bodies covered in hair except the tip of nose and cushioned pads on feet. Mostly social animals, communicate by scent signal and vocalization",0.03333333333333333,0.06666666666666667
"DATA SYNCHRONIZATION TIME: Consists of various time parameters measured during an aircraft flight,including computer clock time and GPS time:<br>",0.0,0.5
- syncclock_time = time found at the syncclock (VSI-SYnCCLOCK-32) in,0.0,0.0
seconds from first file name<br>,0.25,0.3333333333333333
- syncclock_m_time = time found at the syncclock (VSI-SYnCCLOCK-32) in,0.0,0.0
Matlab dateform format<br>,0.0,0.0
- system_time = system time  in seconds from first file name<br>,0.25,0.3333333333333333
- system_m_time = system time in dateform format<br>,0.0,0.0
- gps_time = time found at the GPS unit in seconds from first file name<br>,0.25,0.3333333333333333
- gps_m_time = time found at GPS unit in dateform<br>,0.0,0.0
- cmos_time = time found at the computer CMOS in seconds from first file,0.25,0.3333333333333333
name<br>,0.0,0.0
- cmos_m_time = time found at the computer CMOS in dateform,0.0,0.0
TOTAL TOTALS INDEX (TT): Total Totals Index = Index in units of degrees Celsius (°C) isindicative of severe weather potential.,0.0,0.8333333333333334
MARINE MAGNETICS: Pertaining to the measurement of the Earth's magnetic field through theworld's oceans to detect variances in the oceanic crust.,0.0,0.0
"CUMULONIMBUS: A principal cloud type, with bases forming in the low levels of the troposphere, characterised by a large vertical extent, and often capped by an anvil-shaped cirrus cloud. It is often accompanied by rain showers, turbulence, icing and gusty surface winds; and sometimes also by lightning, thunder, hail, microbursts and/or tornadoes. In aviation forecasts and reports it is coded as CB.",0.10714285714285714,0.36428571428571427
"HYPOXIC CONDITIONS: In ocean and freshwater environments, hypoxic conditions occur when dissolved oxygen concentration is depleted to a certain low level below which aquatic organisms, especially immobile species such as oysters and mussels, endure severe stress or die.​​ Hypoxic conditions can occur naturally but are often the consequence of excessive nutrient input from human activities.",0.009183673469387754,0.5530612244897959
"NITRIC OXIDE: Nitric oxide (NO) is a colorless gas, the most common form of nitrogen emitted",0.1,0.5
"into the atmosphere, either by fuel combustion or due to natural emissions.",-0.012499999999999997,0.3875
Nitric oxide is interconverted with nitrogen dioxide fairly readily in the,0.2,0.5
"atmosphere, resulting in catalytic cycles leading to ozone formation in the",0.0,0.0
troposphere and ozone loss in the stratosphere.,0.0,0.0
"METALS: Pertaining to the location, mining, production, or uses of the metals or metallic ores found in or on the Earth's Crust.",0.0,0.0
"GASES: One of the three fundamental states of matter, with distinctly different properties from the liquid and solid states.",0.0,0.35
SEA ICE CONCENTRATION: The ratio of the area of the water surface covered by ice as a fraction ofthe whole area. Sea ice concentration has been monitored by polarorbiting satellites at all wavelengths.,0.2,0.4
RADIAL VELOCITY: Motion along the radial beam.,0.0,0.0
"RIBBON REEF: A long, narrow, somewhat winding reef, usually associated with an atoll lagoon.",-0.16666666666666666,0.35000000000000003
BATHYMETRY: The measurement and charting of the spatial variation of the ocean depths.,0.0,0.0
SEDIMENT COMPOSITION: The minearlogical constituents of a sediment.,0.0,0.0
SINKHOLES (DOLINES): A pit like hole found in areas of karst. These features are caused by the weathering of limestone or dolomite by subsurface drainage.,0.0,0.0
"MONADNOCK: An isolated rock hill, knob, ridge, or small mountain that rises abruptly from a gently sloping or virtually level surrounding plain.",-0.09732142857142856,0.6392857142857143
"CHEMICAL WEATHERING: Pertaining to the breakdown of an existing rock or mineral through chemical, as opposed to physical, means; i.e., dissolution of limestone by acidic groundwater.",0.0,0.14285714285714285
"PALMER DROUGHT CROP MOISTURE INDEX: The Palmer Index was developed by Wayne Palmer in the 1960s and uses temperature and rainfall information in a formula to determine dryness. It has become the semi-official drought index.The Palmer Index is most effective in determining long term drought¿a matter of several months¿and is not as good with short-term forecasts (a matter of weeks). It uses a 0 as normal, and drought is shown in terms of minus numbers; for example, minus 2 is moderate drought, minus 3 is severe drought, and minus4 is extreme drought. The Crop Moisture Index (CMI) is also a formula that was developed by Wayne Palmer subsequent to his development of the Palmer Drought Index. The CMI responds more rapidly than the Palmer Index and can change considerably from week to week, so it is more effective in calculatingshort-term abnormal dryness or wetness affecting agriculture. CMI is designed to indicate normal conditions at the beginning and end of the growing season; it uses the same levels as the Palmer Drought Index. It differs from the Palmer Index in that the formula places less weight on the data from previous weeks and more weight on the recent week.",0.15381944444444445,0.4003472222222222
"SCOURING: Erosion resulting from glacial action, whereby the surface material is removed and the rock fragments carried by the glacier abrade, scratch, and polish the bedrock.",0.1,0.1
"THERMAL PROPERTIES: Refer to characteristics such as thermal conductivity, specific heat, thermal expansion, and transition temperatures of materials, which are crucial for energy transport and thermal transitions in food packaging applications.",0.0,0.5416666666666666
BOUNDARY LAYER TEMPERATURE: Air temperature measured within the the bottom layer (atmospheric boundary layer) of the troposphere that is in contact with the surface of the earth.,0.0,0.0
"MONSOON ONSET/INTENSITY: Refers to the start and intensity of a monsoon. A monsoon is a name for seasonal winds. It was first applied to the winds over the Arabian Sea, which blow for six months from northeast and for six months from southwest, but it has been extended to similar winds in other parts of the world. Even in Europe the prevailing west to northwest winds of summer have been called the 'European monsoon.' The primary cause is the much greater annual variation of temperature over large land areas compared with neighboring ocean surfaces, causing an excess of pressure over the continents in winter and a deficit in summer, but other factors such as the relief features of the land have a considerable effect. The monsoons are strongest on the southern and eastern sides of Asia, the largest landmass, but monsoons also occur on the coasts of tropical regions wherever the planetary circulation is not strong enough to inhibit them. They have been described in Spain, northern Australia, Africa except the Mediterranean, Texas, and the western coasts of the United States and Chile. In India the term is popularly applied chiefly to the southwest monsoon and, by extension, to the rains which it brings.",0.1065079365079365,0.3996825396825397
ICE WATER PATH: Total cloud ice in the atmospheric column,0.0,0.375
"PYROCUMULUS: A cumulus cloud formed by a rising thermal from a fire, or enhanced by buoyant plume emissions from an industrial combustion process.",0.0,0.0
TURBULENT HEAT FLUX: null,0.0,0.0
COLOR: The intrinsic color of the mineral.,0.0,0.0
MINING/DRILLING SITE: Pertaining to areas where vegetative cover and overburden have been removed for resource extraction.,0.0,0.0
TECTONIC UPLIFT: A geological process most often caused by plate tectonics which increases elevation,0.5,0.5
"EXTRATROPICAL CYCLONE TRACK: Extratropical Cyclone path, route, or course.",0.0,0.0
"CORAL REEF EXTENT: Measurement of the spatial extent or dimensions of coral reefs. A coral reef is an underwater ecosystem characterized by reef-building corals. Reefs are formed by colonies of coral polyps held together by calcium carbonate. They are most commonly found at shallow depths in tropical waters, but deep water and cold water coral reefs exist on smaller scales in other areas.",-0.12261904761904761,0.5392857142857143
"ABSOLUTE DYNAMIC TOPOGRAPHY: The absolute dynamic topography, from which the ocean's currents can be derived by geostrophy, is obtained, either by subtracting the geoid height from the altimetric Mean Sea Surface height above the reference ellipsoid, or by estimating the ocean Mean Dynamic Topography and adding it to the altimetric sea level.",-0.028124999999999997,0.471875
"ORBITAL CHANGE FORCING: Orbital forcing is the effect on climate of slow changes in the tilt of the Earth's axis and shape of the orbit. These orbital changes change the total amount of sunlight reaching the Earth by up to 25% at mid-latitudes (from 400 to 500 Wm−2 at latitudes of 60 degrees). In this context, the term 'forcing' signifies a physical process that affects the Earth's climate.",-0.10000000000000002,0.4309523809523809
"TOTAL DISSOLVED SOLIDS: Materials less than 0.45 micrometer in length, as distinguished from suspended solids and other particulate matter, which are greater than 0.45 micrometer in length.",0.05208333333333334,0.42291666666666666
"POLYMERASE CHAIN REACTION: Polymerase chain reaction (abbreviated PCR) is a laboratory technique for rapidly producing (amplifying) millions to billions of copies of a specific segment of DNA, which can then be studied in greater detail. PCR involves using short synthetic DNA fragments called primers to select a segment of the genome to be amplified, and then multiple rounds of DNA synthesis to amplify that segment.",0.125,0.23125
"OCEANIC FEEDBACKS: Processes within the ocean through which the climate system iscontrolled, changed, or modulated. Oceanic feedbacks involve aperturbation in a climate quantity that causes a change in a secondquantity, and the change in the second quantity ultimately leads to anadditional change in the first. Examples include those processes thatgovern oceanic uptake, transport, and storage of carbon dioxide.",0.08333333333333333,0.4444444444444444
HETEROTROPHIC RESPIRATION (Rh): 'NEE of CO2' with the atmosphere is a fundamental measure of the balance between carbon uptake by the vegetation 'GPP' and carbon losses through 'autotrophic' and 'heterotrophic respiration'. The sum of Ra and Rh defines the total ecosystem respiration rate.,0.0,0.75
AIRSPEED/GROUND SPEED: Airspeed is the speed on an exposed (usually airborne) object relative to the,-0.125,0.125
atmosphere.,0.0,0.0
"In a calm atmosphere, airspeed equals ground speed. Ground speed is the speed",0.30000000000000004,0.75
of an airborne object relative to the earth's surface.	It is the magnitude of,0.0,0.0
the vector sum of the object's velocity with respect to the air and the wind,0.0,0.0
"velocity, or, expressed in a different manner, the algebraic sum of the",0.0,0.6
aircraft's airspeed and the wind factor.,0.0,0.0
"VOLCANO: A cone shaped mountain formed out of rock or ash thrown up from inside the earth, frequently with an opening or depression at the top.",0.3,0.4
INVASIVE SPECIES: Invasive species are alien species whose introduction does or is likely tocause economic or environmental harm or harm to human health.,-0.012499999999999997,0.5125
SALINITY: A measure of the dissolved solids in seawater.,0.0,0.0
BIVALVES: Aquatic mollusk with a compressed body enclosed within a hinged two-part shell.,0.0,0.0
"HYDROELECTRIC ENERGY PRODUCTION/USE: Refers to the production and use of hydroelectric energy for human consumption. Hydroelectric energy is electricity generated by hydropower, i.e., the production of electrical power through the use of the gravitational force of falling or flowing water. It is the most widely used form of renewable energy.",0.13333333333333333,0.3333333333333333
BUOY POSITION: The latitudinal/longitudinal position of a buoy with respect to oceancurrents.,0.0,0.0
"SEDIMENT CHEMISTRY: The chemical makeup of silt, sand, rocks, fossils, and other matter carried and deposited by water, wind, or ice.",-0.125,0.375
WILDFIRES: An uncontrollable fire initially caused by humans or nature.<br>,0.0,0.0
A Wildfire Advisory may report on wildfires occurring in a particular region.,0.16666666666666666,0.3333333333333333
INTERTIDAL ZONE: The marine zone between the highest high tide point on a shoreline andthe lowest low tide point.,0.08,0.41999999999999993
SWAMPS: Swamps are wet areas that are normally covered by water all year and subjectto drying out during the summer.  The parameter Swamp may becolloquially interchanged with the parameter Marshes.,0.024999999999999994,0.5249999999999999
WATER PRESSURE: Pertaining to the measurement of force per unit area exerted on water by the overlying column of water.,0.0,0.0
"TOURISM: The business or industry of providing information, accommodations, transportation, and other services to tourists.​​  Climate and weather are important factors in tourist destination choice, and the tourist sector is susceptible to extreme weather.",0.05000000000000001,0.7916666666666666
"TROPICAL/NORTHERN HEMISPHERE PATTERN: The Tropical/ Northern Hemisphere pattern was first classified by Mo and Livezey (1986), and appears as a prominent mode from November-February. The pattern consists of one primary anomaly center over the Gulf of Alaska and a separate anomaly center of opposite sign over the Hudson Bay. A weaker area of anomalies having similar sign to the Gulf of Alaska anomaly extends across Mexico and the extreme southeastern United States. This pattern reflects large-scale changes in both the location and eastward extent of the Pacific jet stream, and also in the strength and position of the climatological mean Hudson Bay Low. Thus, the pattern significantly modulates the flow of marine air into North America, as well as the southward transport of cold Canadian air into the north-central United States.",0.02395833333333332,0.5246527777777777
NATURAL GAS PRODUCTION/USE: Refers to the production and use of natural gas for human consumption.,0.06666666666666667,0.3
"FOOD PACKAGING: Any measure related to the packaging of food stuffs. Technical aspectsof canning, bottling, hermetic sealing, vacuum packing, wrapping,coating, packeting, etc.",-0.002777777777777778,0.16666666666666666
DEEP CONVECTIVE CLOUD SYSTEMS: (Also called Mesoscale Convective System) A cloud system that occurs in connection with an ensemble of thunderstorms and produces a contiguous precipitation area on the order of 100 km or more in horizontal scale in at least one direction.,-0.1375,0.575
PRESERVATION: The activity of protecting something (in the environment) from loss or danger.,0.0,0.0
HAZARD MITIGATION/PLANNING: A cost-effective measure that will reduce the potential for damage to a facility or area from a disaster event. Pre-planning for a hazard can reduce or eliminate the long-term risk to human life and property from hazards.,0.0,0.55
SEDIMENTARY ROCK FORMATION: The formation of sedimentary rock from the consolidation of clay sediments.,0.0,0.0
"HEADLANDS/BAYS/CAPE: Headlands and bays are often found together on the same stretch of coastline. A bay is surrounded by land on three sides, whereas a headland is surrounded by water on three sides. Headlands are characterized by high, breaking waves, rocky shores, intense erosion, and steep sea cliffs.",0.12,0.555
"MICROBIAL SOURCE TRACKING: Determining the origin of a biological pollutant, typically fecal matter, using unique microbiological, genotypic, phenotypic, and chemical patterns and comparing the patterns to different source locations.",0.06944444444444445,0.7000000000000001
"ICE STUPA: Ice Stupa is a form of glacier grafting technique that creates artificial glaciers, used for storing winter water (which otherwise would go unused) in the form of conical shaped ice heaps. During summer, when water is scarce, the Ice Stupa melts to increase water supply for crops.",-0.6,1.0
"SEAMOUNTS: Isolated steep-sided volcanic peak that rises abruptly at least 1000 m from thesea floor, sometimes piercing the surface to become islands.",-0.3,0.4
"FOOD SECURITY: A state that prevails when people have secure access to sufficient amounts of safe and nutritious food for normal growth, development,and an active and healthy life.",0.2833333333333333,0.5700000000000001
HORST: A raised fault block bounded by normal faults or graben.,0.15,0.6499999999999999
CHEMICAL FIXATION: Pertaining to the chemical process by which a substance is converted into a stable compound that can be absorbed.,0.3,0.9
HYDROGEN GAS VERTICAL/GEOGRAPHIC DISTRIBUTION: The vertical and geographic distribution of hydrogen gas within the solid Earth.,0.0,0.1
"AGRICULTURE PRODUCTION: Any measurement or statistic of, related, or based on the production, distribution, and consumption of goods and services related to agriculture, food, the environment, and rural development.",0.0,0.26666666666666666
"ICE-DAMMED LAKES: In geology, a proglacial lake is a lake formed either by the damming action of a moraine or ice dam during the retreat of a melting glacier, or by meltwater trapped against an ice sheet due to isostatic depression of the crust around the ice.",-0.075,0.15833333333333333
VALLEY: Low land between hills or mountains.,0.0,0.3
"DORIS (DOPPLER ORBITOGRAPHY AND RADIOPOSITIONING BY INTEGRATED SATELLITE): Doppler Orbitography and Radiopositioning by Integrated Satellite (DORIS) is a dual-frequency Doppler system consisting of a receiver flying aboard a satellite and a globally distributed network of ground beacons. The DORIS receiver on-board the orbiting satellite tracks the dual-frequency radio signals transmitted by the network of ground beacons and generates the DORIS data. A measurement is made of either the Doppler shift or absolute phase as the satellite’s orbit moves over the ground-based beacon.DORIS has been included as a host experiment on various space missions. Platforms with on-board DORIS receivers are CryoSat-2, HY-2A, OSTM/Jason-2, Jason-3, Sentinel-6 Michael Freilich, SARAL, and SPOT-4 and -5.Unlike many other navigation systems, DORIS is based on an uplink device. The receivers are on board the satellite while the transmitters are on the ground. This creates a centralized system in which the complete set of observations is downloaded by the satellite to the ground center, from where they are distributed after editing and processing.",0.08214285714285714,0.3964285714285714
VIRUSES: Viruses are small non-cellular obligate intracellular parasites made up a genetic material surrounded by protein coat.,-0.25,0.4
"RECLAMATION/REVEGETATION/RESTORATION: Reclamation, as used here refers, to putting a natural resource to a newor altered use.  Restoration is the return of an ecosystem to aclose approximation of its condition prior to disturbance. Revegetation isthe planting of vegetation in an area where vegetation has been removed.",0.05,0.2
"SALT MARSH: An environment in the upper coastal intertidal zone between land and salty or brackish water, dominated by dense stands of halophytic  (salt-tolerant) plants such as herbs, grasses, or low shrubs.",0.0,0.26666666666666666
X-RAY FLUX: The rate of flow of x-rays through a reference surface.,0.0,0.0
SHADE FRACTION: Spectral fraction of photometric shade.,0.0,0.0
"COAL: Pertaining to the location, mining, production, or uses of the fossil fuel (coal).",0.0,0.0
"RIVER: A natural watercourse, usually freshwater, flowing towards an ocean, a lake, a sea, or another river.",-0.075,0.325
SOLAR ENERGY PRODUCTION/USE: Refers to the production and use of solar energy for human consumption. Solar energy is energy from the sun that is converted into thermal or electrical energy.,0.0,0.1
CRUSTAL MOTION RATE: The speed at which the earth's crust is moving.,0.0,0.0
"SEDIMENT TRANSPORT: The movement of solid particles (sediment), typically due to a combination of the force of gravity acting on the sediment, and/or the movement of the fluid in which the sediment is entrained. An understanding of sediment transport is typically used in natural systems, where the particles are clastic rocks (sand, gravel, boulders, etc.), mud, or clay; the fluid is air, water, or ice; and the force of gravity acts to move the particles due to the sloping surface on which they are resting.",-0.03958333333333333,0.24375000000000002
ATOLL REEF: A ring-shaped coral reef including a coral rim that encircles a lagoon partially or completely. There may be coral islands/cays on the coral rim.,0.1,0.4
HYDROGEN ISOTOPE: A variant of a hydrogen atom with a different number of neutrons in its nucleus.,0.0,0.6
"FIRST BLOOM DATE: The first bloom date can be generally defined as the average date when blossoms first appear on an indicator plant species. In the coterminous United States, the first bloom date has been shown to indicate the window of time when lilacs and other shrubs first begin to blossom and when deciduous trees leaf out.",0.128125,0.3677083333333333
"LARVACEANS: Class Appendicularia, Phylum Chordata, commonly called larvaceans are solitary, free-swimming tunicates characterized by a transparent body of a trunk housing internal organs and a tail with a notochord. The trunk secretes a mucous house that encloses the animal therefore making it a gelatinous zooplankton",-0.15,0.25
"MARSH: Type of wetland, featuring grasses, rushes, reeds, typhas, sedges, and other herbaceous plants (possibly with low-growing woody plants) in a context of shallow water.",-0.15277777777777776,0.625
ICE EXTENT: The minimum or maximum length of the ice or ice edge into the open water.,0.0,0.5
Also refers to the extent of the ice pack into the open ocean (which,0.0,0.5
varies seasonally).,0.0,0.0
TROPICAL SOUTH ATLANTIC INDEX: Anomaly of the average of the monthly SST from Eq-20S and 10E-30W. GISST and NOAA OI 1x1 datasets are used to create index. Climatology is 1951-2000.,-0.15,0.39999999999999997
HYDROLYSIS: The monomers of organic compounds join together by a chemical reaction know as dehydration synthesis to make polymers. The reverse reaction of breaking up polymers is accomplished by another chemical reaction known as hyrdolysis.,0.2,0.5
SEMI-SUPERVISED: A machine learning model type that uses both supervised and unsupervised learning in its approach. Semi-supervised techniques take advantage of both labelled and unlabeled data.,0.0,0.0
"ELECTRICAL: The electrical nature of a material is characterized by its conductivity (or, inversely, its resistivity) and its dielectric constant, and coefficients that indicate the rates of change of these with temperature, frequency at which measurement is made, and so on. For rocks with a range of chemical composition as well as variable physical properties of porosity and fluid content, the values of electrical properties can vary widely.",-0.025,0.24404761904761904
"FLATWORMS/FLUKES/TAPEWORMS: Flatworms have a dorsoventrally flattened, simple triploblastic body lackinga coelom, anus and blood vascular system.",0.0,0.35714285714285715
"SUB-BOTTOM PROFILE: Sub-bottom profiles provide three dimensional information about the sea floor and the layers that lie beneath, data which is collected by a sub-bottom profiling system.",0.0,0.0
MOUNTAINS: A large landform that stretches above the surrounding land in a limited area usually in the form of a peak. A mountain is generally steeper than a hill. The adjective montane is used to describe mountainous areas and things associated with them.,-0.011428571428571427,0.2842857142857143
"AQUACULTURE: A use of land and water category under Agricultural Production that includes fish farming, fish hatcheries, and aquaculture in rotation with cropland.",0.0,0.0
"CLOUD CEILING: The height ascribed to the lowest layer of clouds or obscurring phenomenawhen it is reported as broken (5/8 to 7/8 coverage), overcast, or obscurationand not classified 'thin' or 'partial'.  Expressed in above ground level (AGL)heights. See also the definitions for cloud height and cloud base.",-0.34,0.53
ATOLL REEF: A ring-shaped coral reef including a coral rim that encircles a lagoon partially or completely. There may be coral islands/cays on the coral rim.,0.1,0.4
"POND: A body of standing water, either natural or man-made, that is usually smaller than a lake. They may arise naturally in floodplains as part of a river system, or they may be somewhat isolated depressions (examples include vernal pools and prairie potholes).",0.06666666666666667,0.43333333333333335
"LAKE ICE: Pertaining to the measurement, and analysis to ice formation on inlandbodies of salt or fresh water.",0.3,0.5
"CATFISHES/MINNOWS: Phylum Chordata. Class Actinopterygii. Catfish, Order Siluriformes are ray-finned fish characterized for their pair of barbels, and/or features of their flattened skull and swimbladder. Minnow is a common name for a freshwater or saltwater fish typically used as bait fish",-0.23333333333333334,0.5
"ICE GROWTH/MELT: Melt of the ice can occur at various stages: puddle, thaw holes, dried",-0.1,0.55
"ice, rotten ice, flodded ice, and frozen puddle. Developing sea ice (or",0.0,0.0
"growth) takes on the following stages: New Ice, Youg Ice, First-Year Ice,",0.06818181818181818,0.2772727272727273
Old Ice. Lake Ice development goes through the following stages: New Lake,0.07878787878787878,0.2515151515151515
"Ice, Thin Lake Ice, Medium Lake Ice, Thick Lake Ice, and Very Thick Lake",-0.36333333333333334,0.6475000000000001
Ice.,0.0,0.0
LAND HEAT CAPACITY: The ratio of the heat absorbed (or released) by a system to the corresponding temperature rise (or fall).,0.3,0.9
"SNOW FRACTION: The areal extent of snow-covered ground, expressed as the mathematical fraction of a region covered with snow.",0.0,0.0
RIMING: The process where ice forms when the water droplets in fog freeze to the outer surfaces of objects,0.0,0.0
"LAND USE/LAND COVER CHANGE: Changes to land surfaces from both natural and anthropogenic means, including deforestation, land slides, agriculture, mining, building constructions, pavement, etc.",0.1,0.4
BOUNDARY ENCROACHMENT: An unauthorized intrusion onto a neighboring property through the creation or extension of a physical structure (including flora) above or below the surface of land.,0.0,0.12142857142857143
"LEVEES: A man-made structure, usually an earthen embankment, designed and constructed in accordance with sound engineering practices to contain, control, or divert the flow of water so as to reduce risk from temporary flooding.",0.07500000000000001,0.325
"ATMOSPHERE/SURFACE INTERACTIONS: Any of a variety of interactions between the atmosphere and Earth surface that may include the exchange of energy, momentum, and trace species.",0.0,0.0
"VEGETATION TEMPERATURE: Surface temperature of vegetation, which if different than its surroundings can lead to advection of sensible heat.",0.0,0.6
"HAIL PATH: The route/localized area of a hailstorm, occurring as hail falls while the storm path is moving. Sometimes also referred to as the hail swath.",0.0,0.0
AEROSOL VERTICAL DISTRIBUTION: The distribution of aerosols throughout a vertical column of the atmosphere.,0.0,0.0
"GLYOXAL: Glyoxal is the dialdehyde that is the smallest possible and which consists of ethane having oxo groups on both carbons. It has a role as a pesticide, an agrochemical, an allergen and a plant growth regulator. In the atmosphere, it has a significant role as a intermediary in the oxidation of hydrocarbons.",0.1875,0.9375
UV AEROSOL OPTICAL DEPTH: The degree to which aerosols prevent ultraviolet radiation from passing through due to scattering or absorption.,-0.125,0.375
"AEROSOL SINGLE SCATTERING ALBEDO: Ratio of scattering aerosol optical thickness to total aerosol optical thickness, this describes the relative contributions of scattering and absorption to the total light extinction.",0.06571428571428573,0.48285714285714293
"BOUNDARY LAYER TEMPERATURE PROFILES: Distribution of temperature as a function of altitude in the atmospheric boundary layer, the bottom layer of the troposphere that is in contact with the surface of the earth.",0.0,0.0
"BOUNDARY LAYER WATER VAPOR PROFILES: Distribution of water vapor as a function of altitude in the atmospheric boundary layer, the bottom layer of the troposphere that is in contact with the surface of the earth.",0.0,0.0
"OFFSHORE PLATFORMS: Offshore structures used to extract oil and gas or capture wind energy, encompassing both wind turbines, drilling rigs used to drill wells, and structures that serve as production platforms.",0.0,0.0
"TOXIC AEROSOLS: The presence of toxic aerosols damaging to human health and the environment, arising from natural sources, such as volcanic gases, and human activities, such as from fossil fuel combustion.",0.02,0.32
"SURFACE MOISTURE FLUX: Transfer of moisture across the interface between the atmosphere and the ocean or land surface due to precipitation and evaporation, including interactions with soil water content and surface water.",-0.125,0.375
"INDUCED EARTHQUAKES: Earthquakes induced by a wide range of manmade causes, including impoundment of reservoirs, surface and underground mining, withdrawal of fluids and gas from the subsurface, and injection of fluids into underground formations.",-0.1,0.4
"WILDLAND FUELS: Wildland fuels may include small trees, brush, dead branches, and limbs (called ladder fuels) that increase the flammability of environments and contribute to the intensity and spread of wild fires.",-0.11666666666666665,0.4000000000000001
"PLANETARY BOUNDARY LAYER: The lowest layer of the troposphere that is in contact with the surface of the earth, where wind is influenced by friction.",0.0,0.0
RADIO OCCULTATION PROFILES: Radio occultation (RO) is a remote sensing technique used for measuring the physical properties of a planetary atmosphere or ring system.,-0.05,0.17142857142857143
"EXCESS PHASE: Excess phase quantifies the optical path of a temporally coherent signal as it transects the Earth’s limb less the optical path that would have been obtained by a straight-line vacuum path. Excess phase is induced by refraction of a GNSS signal by the Earth’s atmosphere and ionosphere in GNSS radio occultation. It has the dimension of distance, specifically the temporal refractive delay of a signal multiplied by the speed of light in a vacuum. Its associated independent coordinate is the time of signal reception by a low-Earth orbiting GNSS receiver.",0.11944444444444446,0.2652777777777778
"WETNESS: The amount of liquid water in a unit of snow, often described as a spectrum between “dry” and “wet.” Snow wetness can be calculated quantitatively by measuring the dielectric properties of snow, or estimated qualitatively using manual manipulation of the snow pack.",-0.08333333333333333,0.5
"WETNESS: The amount of liquid water in a unit of snow, often described as a spectrum between “dry” and “wet.” Snow wetness can be calculated quantitatively by measuring the dielectric properties of snow, or estimated qualitatively using manual manipulation of the snow pack.",-0.08333333333333333,0.5
SNOW/ICE MASS: Total mass of a representative physical sample of snow or ice.,0.0,0.4464285714285714
"SPICE: ""Spice"" in oceanography is a term for variations in temperature and salinity that cancel each other out, resulting in no change in density. Essentially, ""spicy"" water is warmer and saltier, while ""minty"" water is cooler and less salty; both have the same density",-0.07291666666666666,0.21666666666666667
"THUNDER HOUR: Thunder hours represent a historical measure of lightning occurrence and a metric of thunderstorm frequency that is comparatively less sensitive to geographic variations in the detection capabilities of a lightning location system. Thunder hours can be calculated for the entire globe using ground-based detection networks (DiGangi et al. 2022) or satellite-based systems (Cecil et al. 2015). These datasets offer a way to observe long-term trends of lightning across the diurnal cycle. Thunder hours can be developed from multiple lightning observation systems where at the temporal and spatial scale used, the various differences in observational techniques are mitigated. Thunder hour datasets are being produced for the World Meteorological Organization to provide an easy to produce, long-term, global lightning observations.",0.04666666666666667,0.3225
,0.0,0.0
"The DiGangi et al. (2022) abstract states that thunder hours are an intuitive measure of thunderstorm frequency where the 1-h interval corresponds to the life-span of most thunderstorms, and the hourly temporal resolution of the data also represents long-lived systems well. Flash-density-observing systems are incredibly useful, but they have some drawbacks that limit how they can be used to quantify global thunderstorm activity on a climatological scale: flash density distributions derived from satellite observations must sacrifice a great deal of their spatial resolution in order to capture the diurnal convective cycle, and the detection efficiencies of ground-based lightning detection systems are not uniform in space or constant in time. Examining convective patterns in the context of thunder hours lends insight into thunderstorm activity without being heavily influenced by network performance, making thunder hours particularly useful for studying thunderstorm climatology.",0.21250000000000002,0.26041666666666663
"IMPULSE RESPONSE: Impulse response is defined as the output of a linear time-invariant system when the input signal is a discrete impulse, represented mathematically as the coefficients of a finite impulse response filter.",0.0,0.0
"ENHANCED VEGETATION INDEX (EVI): The Enhanced Vegetation Index (EVI) method is an optimized vegetation index that accounts for atmospheric influences and vegetation background signal. It's similar to NDVI but is less sensitive to background and atmospheric noise, and it does not become as saturated as NDVI when viewing areas with very dense green vegetation.",-0.009523809523809521,0.28095238095238095
CHLOROPHYLL INDEX RED EDGE (CIRE): The Chlorophyll Index - Red-Edge (CIre) method is a vegetation index for estimating the chlorophyll content in leaves using the ratio of reflectivity in the NIR and red-edge bands.,0.0,0.0
PHOTOCHEMICAL REFLECTANCE INDEX (PRI): The photochemical reflectance index (PRI) is a widely used spectral index which can show stress-induced changes in photosynthesis. It is useful for getting at functional properties of plant canopies such as light use efficiency and for measuring foliar pigments.,0.15,0.4
CAROTENOID CONTENT INDEX (CAR): Carotenoid Content Index describes the canopy content of carotenoids in terrestrial vegetation.,0.0,0.1
MODIFIED ANTHOCYANIN REFLECTANCE INDEX (MARI): The Modified Anthocyanin Reflectance Index (mARI or ARI2) is an enhanced version of ARI that corrects for leaf density and thickness by incorporating a near-infrared band. This modification improves the accuracy of anthocyanin estimation by accounting for leaf scattering properties.,0.0,0.0
NORMALIZED DIFFERENCE INFRARED INDEX (NDII): The normalized difference infrared index (NDII) is an index that detects canopy water content.,0.0,0.0
"NORMALIZED DIFFERENCE WATER INDEX (NDWI): The Normalized Difference Water Index (NDWI) is a remote sensing index used to monitor changes in water content in both vegetation and water bodies. It is calculated using specific wavelengths of light, typically involving green and near-infrared bands for water bodies, and near-infrared and short-wave infrared bands for vegetation.",-0.013333333333333326,0.365
"ENHANCED VEGETATION INDEX (EVI): The Enhanced Vegetation Index (EVI) method is an optimized vegetation index that accounts for atmospheric influences and vegetation background signal. It's similar to NDVI but is less sensitive to background and atmospheric noise, and it does not become as saturated as NDVI when viewing areas with very dense green vegetation.",-0.009523809523809521,0.28095238095238095
PHOTOCHEMICAL REFLECTANCE INDEX (PRI): The photochemical reflectance index (PRI) is a widely used spectral index which can show stress-induced changes in photosynthesis. It is useful for getting at functional properties of plant canopies such as light use efficiency and for measuring foliar pigments.,0.15,0.4
MODIFIED ANTHOCYANIN REFLECTANCE INDEX (MARI): The Modified Anthocyanin Reflectance Index (mARI or ARI2) is an enhanced version of ARI that corrects for leaf density and thickness by incorporating a near-infrared band. This modification improves the accuracy of anthocyanin estimation by accounting for leaf scattering properties.,0.0,0.0
"NORMALIZED DIFFERENCE WATER INDEX (NDWI): The Normalized Difference Water Index (NDWI) is a remote sensing index used to monitor changes in water content in both vegetation and water bodies. It is calculated using specific wavelengths of light, typically involving green and near-infrared bands for water bodies, and near-infrared and short-wave infrared bands for vegetation.",-0.013333333333333326,0.365
"NORMALIZED DIFFERENCE SNOW INDEX (NDSI): The Normalized Difference Snow Index (NDSI) is a measure used to identify snow cover by comparing the reflectance of visible light and shortwave infrared light. It helps distinguish snow from clouds, as snow reflects visible light well but absorbs infrared light, making it appear darker than clouds in satellite images.",0.4,0.7
"NORMALIZED DIFFERENCE SNOW INDEX (NDSI): The Normalized Difference Snow Index (NDSI) is a measure used to identify snow cover by comparing the reflectance of visible light and shortwave infrared light. It helps distinguish snow from clouds, as snow reflects visible light well but absorbs infrared light, making it appear darker than clouds in satellite images.",0.4,0.7
